Workbook

Sheet Remplissage - Sit. Init.
A1: Catégorie | C1: Sous-catégorie | D1: Titre | E1: Description | F1: Nom de la variable | G1: Type | H1: Affichage | I1: Valeur | J1: Valeurs possibles | K1: Unité | L1: Valeur par défaut | M1: Commentaire | N1: Action(s) liée(s) | O1: Affichage à la création
A2: Données de base | D2: Année de remplissage des données | F2: AnneeRempl | G2: number | H2: 1 | I2: 2024 | O2: 1
A3: Données de base | D3: Nom du territoire | F3: NomTerr | G3: text | H3: 1 | I3: Nantes Métropole;Communauté de communes du Gâtinais en Bourgogne;Communauté de communes du Vexin-Val de Seine | M3: Ajouter la possibilité d'avoir une liste déroulante complétant au fur et à mesure, selon les noms d'EPCI de la colone libgeo de l'onglet Données génériques EPCI_2023, séparer par un ";" | O3: 1
A4: Données de base | D4: SIREN territoire | F4: SIRENTerr | G4: number | H4: 0 | I4: 999999999
A5: Données de base | D5: Nombre d'habitants | F5: NbHabTerr | G5: number | H5: 1 | I5: 695932.39 | K5: hab | L5: #REF!
A6: Données de base | D6: Nombre de ménages | F6: NbMenTerr | G6: number | H6: 1 | I6: 330067.81 | K6: ménages | L6: #REF!
A7: Données de base | D7: Superficie | F7: SupTerr | G7: number | H7: 1 | I7: 523.2 | K7: km² | L7: #REF!
A8: Données de base | D8: Typologie de territoire | F8: TypoTerr | G8: radio | H8: 1 | I8: Territoire polarisé autour d'une commune centre | J8: Territoire polarisé autour d'une commune centre,Territoire polarisé autour de plusieurs communes
A9: Données de base | D9: Nombre de communes "pôles" | F9: NbPolesTerr | G9: number | H9: =IF(I8="Territoire polarisé autour de plusieurs communes",1,0) -> 0 | K9: pôles
A10: Données de base | D10: Nombre d'habitants dans la commune pôle n°1 | F10: NbHabPole1 | G10: number | H10: 1 | I10: 50000 | K10: hab
A11: Données de base | D11: Nombre d'habitants dans la commune pôle n°2 | F11: NbHabPole2 | G11: number | H11: =IF($I$9>1,1,0) -> 0 | K11: hab
A12: Données de base | D12: Nombre d'habitants dans la commune pôle n°3 | F12: NbHabPole3 | G12: number | H12: =IF($I$9>2,1,0) -> 0 | K12: hab
A13: Données de base | D13: Nombre d'habitants dans la commune pôle n°4 | F13: NbHabPole4 | G13: number | H13: =IF($I$9>3,1,0) -> 0 | K13: hab
A14: Données de base | D14: Nombre d'habitants dans la commune pôle n°5 | F14: NbHabPole5 | G14: number | H14: =IF($I$9>4,1,0) -> 0 | K14: hab
A15: Données de base | D15: Possibilité et intention de développement du fret fluvial ? | F15: FretFluv | G15: radio | H15: 1 | I15: Oui | J15: Oui,Non
A16: Données de base | D16: Possibilité et intention de développement du fret ferroviaire ? | F16: FretFerr | G16: radio | H16: 1 | I16: Oui | J16: Oui,Non
A17: Données de base | D17: Sélectionnez les actions du catalogue d'actions InTerLUD+ se rapprochant d'actions dont la mise en œuvre avait commencé en amont de l'engagement de votre territoire dans la démarche InTerLUD+ | F17: ActionsAutres | G17: checkbox | H17: 1 | I17: A1,A2,A3,B1,B3,B4,B5,C1,C2,C3,C4,C5,C6,C7,C8,C9 | J17: A1,A2,A3,B1,B2,B3,B4,B5,C1,C2,C3,C4,C5,C6,C7,C8,C9 | O17: 1
A18: Données de base | D18: Sélectionnez les actions du catalogue d'actions InTerLUD+ se rapprochant d'actions inscrites dans votre charte | F18: ActionsCharte | G18: checkbox | H18: 1 | I18: A1,A2,A3,B1,B3,B4,B5,C1,C2,C3,C4,C5,C6,C7,C8,C9 | J18: A1,A2,A3,B1,B2,B3,B4,B5,C1,C2,C3,C4,C5,C6,C7,C8,C9 | O18: 1
A19: Données de production/consommation d'énergie | D19: Y-a-t-il une ou plusieurs stations d'avitaillement GNV sur votre territoire ? | F19: GNV | G19: radio | H19: 1 | I19: Oui | J19: Oui,Non
A20: Données de production/consommation d'énergie | D20: Quelle est la part de bioGNV dans le GNV distribué dans cette ou ces stations d'avitaillement ? | F20: bioGNV | G20: number | H20: =IF(I19="Oui",1,0) -> 1 | I20: 0.3 | K20: % | L20: #REF!
A21: Données de production/consommation d'énergie | D21: Y-a-t-il une ou plusieurs stations d'avitaillement hydrogène sur votre territoire ? | F21: H2 | G21: radio | H21: 1 | I21: 80 | J21: Oui,Non
A22: Données de production/consommation d'énergie | D22: Origine de l'hydrogène utilisé | F22: H2Vert | G22: number | H22: =IF(I21="Oui",1,0) -> 0 | J22: Hydrogène produit à partir d'électricité renouvelable,Hydrogène produit à partir de biométhane,Hydrogène produit à partir de ressources fossiles
A23: Fret routier | C23: Catégorie 1 | D23: Nom de la catégorie de véhicules | F23: =_xlfn.CONCAT("FretRout",LEFT(C23,3),RIGHT(C23,1),"Nom") -> FretRoutCat1Nom | G23: text | H23: 1 | J23: VUL Electrique (Crit'Air E) | L23: =J23 -> VUL Electrique (Crit'Air E)
A24: Fret routier | C24: Catégorie 1 | D24: Type de véhicule | F24: =_xlfn.CONCAT("FretRout",LEFT(C24,3),RIGHT(C24,1),"Type") -> FretRoutCat1Type | G24: text | H24: 1 | J24: VUL | L24: =J24 -> VUL
A25: Fret routier | C25: Catégorie 1 | D25: PTAC | F25: =_xlfn.CONCAT("FretRout",LEFT(C25,3),RIGHT(C25,1),"PTAC") -> FretRoutCat1PTAC | G25: radio | H25: 1 | J25: <=3,5t | L25: =J25 -> <=3,5t
A26: Fret routier | C26: Catégorie 1 | D26: Motorisation | F26: =_xlfn.CONCAT("FretRout",LEFT(C26,3),RIGHT(C26,1),"Mot") -> FretRoutCat1Mot | G26: radio | H26: 1 | J26: Electrique | L26: =J26 -> Electrique
A27: Fret routier | C27: Catégorie 1 | D27: Carburant utilisé | F27: =_xlfn.CONCAT("FretRout",LEFT(C27,3),RIGHT(C27,1),"Carb") -> FretRoutCat1Carb | G27: radio | H27: 1 | J27: - | L27: =J27 -> -
A28: Fret routier | C28: Catégorie 1 | D28: Norme Euro | F28: =_xlfn.CONCAT("FretRout",LEFT(C28,3),RIGHT(C28,1),"Euro") -> FretRoutCat1Euro | G28: radio | H28: 1 | J28: 0 | L28: =J28 -> 0
A29: Fret routier | C29: Catégorie 1 | D29: Vignette Crit'Air | F29: =_xlfn.CONCAT("FretRout",LEFT(C29,3),RIGHT(C29,1),"CritAir") -> FretRoutCat1CritAir | G29: radio | H29: 1 | J29: E | L29: =J29 -> E
A30: Fret routier | C30: Catégorie 1 | D30: Nombre de véhicules correspondants | F30: =_xlfn.CONCAT("FretRout",LEFT(C30,3),RIGHT(C30,1),"Nb") -> FretRoutCat1Nb | G30: number | H30: 1 | K30: véhicules | L30: 0
A31: Fret routier | C31: Catégorie 1 | D31: Ordre de grandeur de la distance parcourue annuellement (ensemble des véhicules renseignés pour la catégorie) | F31: =_xlfn.CONCAT("FretRout",LEFT(C31,3),RIGHT(C31,1),"Dist") -> FretRoutCat1Dist | G31: number | H31: 1 | K31: km | L31: 7694
A32: Fret routier | C32: Catégorie 1 | D32: Estimation du taux de remplissage moyen de ces véhicules | F32: =_xlfn.CONCAT("FretRout",LEFT(C32,3),RIGHT(C32,1),"Rempl") -> FretRoutCat1Rempl | G32: number | H32: 1 | K32: % | L32: 0
A33: Fret routier | C33: Catégorie 2 | D33: Nom de la catégorie de véhicules | F33: =_xlfn.CONCAT("FretRout",LEFT(C33,3),RIGHT(C33,1),"Nom") -> FretRoutCat2Nom | G33: text | H33: 1 | J33: VUL Diesel (Crit'Air 2) | L33: =J33 -> VUL Diesel (Crit'Air 2)
A34: Fret routier | C34: Catégorie 2 | D34: Type de véhicule | F34: =_xlfn.CONCAT("FretRout",LEFT(C34,3),RIGHT(C34,1),"Type") -> FretRoutCat2Type | G34: text | H34: 1 | J34: VUL | L34: =J34 -> VUL
A35: Fret routier | C35: Catégorie 2 | D35: PTAC | F35: =_xlfn.CONCAT("FretRout",LEFT(C35,3),RIGHT(C35,1),"PTAC") -> FretRoutCat2PTAC | G35: radio | H35: 1 | J35: <=3,5t | L35: =J35 -> <=3,5t
A36: Fret routier | C36: Catégorie 2 | D36: Motorisation | F36: =_xlfn.CONCAT("FretRout",LEFT(C36,3),RIGHT(C36,1),"Mot") -> FretRoutCat2Mot | G36: radio | H36: 1 | J36: Diesel | L36: =J36 -> Diesel
A37: Fret routier | C37: Catégorie 2 | D37: Carburant utilisé | F37: =_xlfn.CONCAT("FretRout",LEFT(C37,3),RIGHT(C37,1),"Carb") -> FretRoutCat2Carb | G37: radio | H37: 1 | J37: Gazole à la pompe | L37: =J37 -> Gazole à la pompe
A38: Fret routier | C38: Catégorie 2 | D38: Norme Euro | F38: =_xlfn.CONCAT("FretRout",LEFT(C38,3),RIGHT(C38,1),"Euro") -> FretRoutCat2Euro | G38: radio | H38: 1 | J38: 0 | L38: =J38 -> 0
A39: Fret routier | C39: Catégorie 2 | D39: Vignette Crit'Air | F39: =_xlfn.CONCAT("FretRout",LEFT(C39,3),RIGHT(C39,1),"CritAir") -> FretRoutCat2CritAir | G39: radio | H39: 1 | J39: 2 | L39: =J39 -> 2
A40: Fret routier | C40: Catégorie 2 | D40: Nombre de véhicules correspondants | F40: =_xlfn.CONCAT("FretRout",LEFT(C40,3),RIGHT(C40,1),"Nb") -> FretRoutCat2Nb | G40: number | H40: 1 | K40: véhicules | L40: 0
A41: Fret routier | C41: Catégorie 2 | D41: Ordre de grandeur de la distance parcourue annuellement (ensemble des véhicules renseignés pour la catégorie) | F41: =_xlfn.CONCAT("FretRout",LEFT(C41,3),RIGHT(C41,1),"Dist") -> FretRoutCat2Dist | G41: number | H41: 1 | K41: km | L41: 17855
A42: Fret routier | C42: Catégorie 2 | D42: Estimation du taux de remplissage moyen de ces véhicules | F42: =_xlfn.CONCAT("FretRout",LEFT(C42,3),RIGHT(C42,1),"Rempl") -> FretRoutCat2Rempl | G42: number | H42: 1 | K42: % | L42: 0
A43: Fret routier | C43: Catégorie 3 | D43: Nom de la catégorie de véhicules | F43: =_xlfn.CONCAT("FretRout",LEFT(C43,3),RIGHT(C43,1),"Nom") -> FretRoutCat3Nom | G43: text | H43: 1 | J43: VUL Diesel (Crit'Air 3) | L43: =J43 -> VUL Diesel (Crit'Air 3)
A44: Fret routier | C44: Catégorie 3 | D44: Type de véhicule | F44: =_xlfn.CONCAT("FretRout",LEFT(C44,3),RIGHT(C44,1),"Type") -> FretRoutCat3Type | G44: text | H44: 1 | J44: VUL | L44: =J44 -> VUL
A45: Fret routier | C45: Catégorie 3 | D45: PTAC | F45: =_xlfn.CONCAT("FretRout",LEFT(C45,3),RIGHT(C45,1),"PTAC") -> FretRoutCat3PTAC | G45: radio | H45: 1 | J45: <=3,5t | L45: =J45 -> <=3,5t
A46: Fret routier | C46: Catégorie 3 | D46: Motorisation | F46: =_xlfn.CONCAT("FretRout",LEFT(C46,3),RIGHT(C46,1),"Mot") -> FretRoutCat3Mot | G46: radio | H46: 1 | J46: Diesel | L46: =J46 -> Diesel
A47: Fret routier | C47: Catégorie 3 | D47: Carburant utilisé | F47: =_xlfn.CONCAT("FretRout",LEFT(C47,3),RIGHT(C47,1),"Carb") -> FretRoutCat3Carb | G47: radio | H47: 1 | J47: Gazole à la pompe | L47: =J47 -> Gazole à la pompe
A48: Fret routier | C48: Catégorie 3 | D48: Norme Euro | F48: =_xlfn.CONCAT("FretRout",LEFT(C48,3),RIGHT(C48,1),"Euro") -> FretRoutCat3Euro | G48: radio | H48: 1 | J48: 0 | L48: =J48 -> 0
A49: Fret routier | C49: Catégorie 3 | D49: Vignette Crit'Air | F49: =_xlfn.CONCAT("FretRout",LEFT(C49,3),RIGHT(C49,1),"CritAir") -> FretRoutCat3CritAir | G49: radio | H49: 1 | J49: 3 | L49: =J49 -> 3
A50: Fret routier | C50: Catégorie 3 | D50: Nombre de véhicules correspondants | F50: =_xlfn.CONCAT("FretRout",LEFT(C50,3),RIGHT(C50,1),"Nb") -> FretRoutCat3Nb | G50: number | H50: 1 | K50: véhicules | L50: 0
A51: Fret routier | C51: Catégorie 3 | D51: Ordre de grandeur de la distance parcourue annuellement (ensemble des véhicules renseignés pour la catégorie) | F51: =_xlfn.CONCAT("FretRout",LEFT(C51,3),RIGHT(C51,1),"Dist") -> FretRoutCat3Dist | G51: number | H51: 1 | K51: km | L51: 17855
A52: Fret routier | C52: Catégorie 3 | D52: Estimation du taux de remplissage moyen de ces véhicules | F52: =_xlfn.CONCAT("FretRout",LEFT(C52,3),RIGHT(C52,1),"Rempl") -> FretRoutCat3Rempl | G52: number | H52: 1 | K52: % | L52: 0
A53: Fret routier | C53: Catégorie 4 | D53: Nom de la catégorie de véhicules | F53: =_xlfn.CONCAT("FretRout",LEFT(C53,3),RIGHT(C53,1),"Nom") -> FretRoutCat4Nom | G53: text | H53: 1 | J53: VUL Diesel (Crit'Air 4) | L53: =J53 -> VUL Diesel (Crit'Air 4)
A54: Fret routier | C54: Catégorie 4 | D54: Type de véhicule | F54: =_xlfn.CONCAT("FretRout",LEFT(C54,3),RIGHT(C54,1),"Type") -> FretRoutCat4Type | G54: text | H54: 1 | J54: VUL | L54: =J54 -> VUL
A55: Fret routier | C55: Catégorie 4 | D55: PTAC | F55: =_xlfn.CONCAT("FretRout",LEFT(C55,3),RIGHT(C55,1),"PTAC") -> FretRoutCat4PTAC | G55: radio | H55: 1 | J55: <=3,5t | L55: =J55 -> <=3,5t
A56: Fret routier | C56: Catégorie 4 | D56: Motorisation | F56: =_xlfn.CONCAT("FretRout",LEFT(C56,3),RIGHT(C56,1),"Mot") -> FretRoutCat4Mot | G56: radio | H56: 1 | J56: Diesel | L56: =J56 -> Diesel
A57: Fret routier | C57: Catégorie 4 | D57: Carburant utilisé | F57: =_xlfn.CONCAT("FretRout",LEFT(C57,3),RIGHT(C57,1),"Carb") -> FretRoutCat4Carb | G57: radio | H57: 1 | J57: Gazole à la pompe | L57: =J57 -> Gazole à la pompe
A58: Fret routier | C58: Catégorie 4 | D58: Norme Euro | F58: =_xlfn.CONCAT("FretRout",LEFT(C58,3),RIGHT(C58,1),"Euro") -> FretRoutCat4Euro | G58: radio | H58: 1 | J58: 0 | L58: =J58 -> 0
A59: Fret routier | C59: Catégorie 4 | D59: Vignette Crit'Air | F59: =_xlfn.CONCAT("FretRout",LEFT(C59,3),RIGHT(C59,1),"CritAir") -> FretRoutCat4CritAir | G59: radio | H59: 1 | J59: 4 | L59: =J59 -> 4
A60: Fret routier | C60: Catégorie 4 | D60: Nombre de véhicules correspondants | F60: =_xlfn.CONCAT("FretRout",LEFT(C60,3),RIGHT(C60,1),"Nb") -> FretRoutCat4Nb | G60: number | H60: 1 | K60: véhicules | L60: 0
A61: Fret routier | C61: Catégorie 4 | D61: Ordre de grandeur de la distance parcourue annuellement (ensemble des véhicules renseignés pour la catégorie) | F61: =_xlfn.CONCAT("FretRout",LEFT(C61,3),RIGHT(C61,1),"Dist") -> FretRoutCat4Dist | G61: number | H61: 1 | K61: km | L61: 17855
A62: Fret routier | C62: Catégorie 4 | D62: Estimation du taux de remplissage moyen de ces véhicules | F62: =_xlfn.CONCAT("FretRout",LEFT(C62,3),RIGHT(C62,1),"Rempl") -> FretRoutCat4Rempl | G62: number | H62: 1 | K62: % | L62: 0
A63: Fret routier | C63: Catégorie 5 | D63: Nom de la catégorie de véhicules | F63: =_xlfn.CONCAT("FretRout",LEFT(C63,3),RIGHT(C63,1),"Nom") -> FretRoutCat5Nom | G63: text | H63: 1 | J63: VUL Diesel (Crit'Air 5) | L63: =J63 -> VUL Diesel (Crit'Air 5)
A64: Fret routier | C64: Catégorie 5 | D64: Type de véhicule | F64: =_xlfn.CONCAT("FretRout",LEFT(C64,3),RIGHT(C64,1),"Type") -> FretRoutCat5Type | G64: text | H64: 1 | J64: VUL | L64: =J64 -> VUL
A65: Fret routier | C65: Catégorie 5 | D65: PTAC | F65: =_xlfn.CONCAT("FretRout",LEFT(C65,3),RIGHT(C65,1),"PTAC") -> FretRoutCat5PTAC | G65: radio | H65: 1 | J65: <=3,5t | L65: =J65 -> <=3,5t
A66: Fret routier | C66: Catégorie 5 | D66: Motorisation | F66: =_xlfn.CONCAT("FretRout",LEFT(C66,3),RIGHT(C66,1),"Mot") -> FretRoutCat5Mot | G66: radio | H66: 1 | J66: Diesel | L66: =J66 -> Diesel
A67: Fret routier | C67: Catégorie 5 | D67: Carburant utilisé | F67: =_xlfn.CONCAT("FretRout",LEFT(C67,3),RIGHT(C67,1),"Carb") -> FretRoutCat5Carb | G67: radio | H67: 1 | J67: Gazole à la pompe | L67: =J67 -> Gazole à la pompe
A68: Fret routier | C68: Catégorie 5 | D68: Norme Euro | F68: =_xlfn.CONCAT("FretRout",LEFT(C68,3),RIGHT(C68,1),"Euro") -> FretRoutCat5Euro | G68: radio | H68: 1 | J68: 0 | L68: =J68 -> 0
A69: Fret routier | C69: Catégorie 5 | D69: Vignette Crit'Air | F69: =_xlfn.CONCAT("FretRout",LEFT(C69,3),RIGHT(C69,1),"CritAir") -> FretRoutCat5CritAir | G69: radio | H69: 1 | J69: 5 | L69: =J69 -> 5
A70: Fret routier | C70: Catégorie 5 | D70: Nombre de véhicules correspondants | F70: =_xlfn.CONCAT("FretRout",LEFT(C70,3),RIGHT(C70,1),"Nb") -> FretRoutCat5Nb | G70: number | H70: 1 | K70: véhicules | L70: 0
A71: Fret routier | C71: Catégorie 5 | D71: Ordre de grandeur de la distance parcourue annuellement (ensemble des véhicules renseignés pour la catégorie) | F71: =_xlfn.CONCAT("FretRout",LEFT(C71,3),RIGHT(C71,1),"Dist") -> FretRoutCat5Dist | G71: number | H71: 1 | K71: km | L71: 17855
A72: Fret routier | C72: Catégorie 5 | D72: Estimation du taux de remplissage moyen de ces véhicules | F72: =_xlfn.CONCAT("FretRout",LEFT(C72,3),RIGHT(C72,1),"Rempl") -> FretRoutCat5Rempl | G72: number | H72: 1 | K72: % | L72: 0
A73: Fret routier | C73: Catégorie 6 | D73: Nom de la catégorie de véhicules | F73: =_xlfn.CONCAT("FretRout",LEFT(C73,3),RIGHT(C73,1),"Nom") -> FretRoutCat6Nom | G73: text | H73: 1 | J73: VUL Essence (Crit'Air 1) | L73: =J73 -> VUL Essence (Crit'Air 1)
A74: Fret routier | C74: Catégorie 6 | D74: Type de véhicule | F74: =_xlfn.CONCAT("FretRout",LEFT(C74,3),RIGHT(C74,1),"Type") -> FretRoutCat6Type | G74: text | H74: 1 | J74: VUL | L74: =J74 -> VUL
A75: Fret routier | C75: Catégorie 6 | D75: PTAC | F75: =_xlfn.CONCAT("FretRout",LEFT(C75,3),RIGHT(C75,1),"PTAC") -> FretRoutCat6PTAC | G75: radio | H75: 1 | J75: <=3,5t | L75: =J75 -> <=3,5t
A76: Fret routier | C76: Catégorie 6 | D76: Motorisation | F76: =_xlfn.CONCAT("FretRout",LEFT(C76,3),RIGHT(C76,1),"Mot") -> FretRoutCat6Mot | G76: radio | H76: 1 | J76: Essence | L76: =J76 -> Essence
A77: Fret routier | C77: Catégorie 6 | D77: Carburant utilisé | F77: =_xlfn.CONCAT("FretRout",LEFT(C77,3),RIGHT(C77,1),"Carb") -> FretRoutCat6Carb | G77: radio | H77: 1 | J77: Essence à la pompe | L77: =J77 -> Essence à la pompe
A78: Fret routier | C78: Catégorie 6 | D78: Norme Euro | F78: =_xlfn.CONCAT("FretRout",LEFT(C78,3),RIGHT(C78,1),"Euro") -> FretRoutCat6Euro | G78: radio | H78: 1 | J78: 0 | L78: =J78 -> 0
A79: Fret routier | C79: Catégorie 6 | D79: Vignette Crit'Air | F79: =_xlfn.CONCAT("FretRout",LEFT(C79,3),RIGHT(C79,1),"CritAir") -> FretRoutCat6CritAir | G79: radio | H79: 1 | J79: 1 | L79: =J79 -> 1
A80: Fret routier | C80: Catégorie 6 | D80: Nombre de véhicules correspondants | F80: =_xlfn.CONCAT("FretRout",LEFT(C80,3),RIGHT(C80,1),"Nb") -> FretRoutCat6Nb | G80: number | H80: 1 | K80: véhicules | L80: 0
A81: Fret routier | C81: Catégorie 6 | D81: Ordre de grandeur de la distance parcourue annuellement (ensemble des véhicules renseignés pour la catégorie) | F81: =_xlfn.CONCAT("FretRout",LEFT(C81,3),RIGHT(C81,1),"Dist") -> FretRoutCat6Dist | G81: number | H81: 1 | K81: km | L81: 11201
A82: Fret routier | C82: Catégorie 6 | D82: Estimation du taux de remplissage moyen de ces véhicules | F82: =_xlfn.CONCAT("FretRout",LEFT(C82,3),RIGHT(C82,1),"Rempl") -> FretRoutCat6Rempl | G82: number | H82: 1 | K82: % | L82: 0
A83: Fret routier | C83: Catégorie 7 | D83: Nom de la catégorie de véhicules | F83: =_xlfn.CONCAT("FretRout",LEFT(C83,3),RIGHT(C83,1),"Nom") -> FretRoutCat7Nom | G83: text | H83: 1 | J83: VUL Essence <=3,5t (Crit'Air 2) | L83: =J83 -> VUL Essence <=3,5t (Crit'Air 2)
A84: Fret routier | C84: Catégorie 7 | D84: Type de véhicule | F84: =_xlfn.CONCAT("FretRout",LEFT(C84,3),RIGHT(C84,1),"Type") -> FretRoutCat7Type | G84: text | H84: 1 | J84: VUL | L84: =J84 -> VUL
A85: Fret routier | C85: Catégorie 7 | D85: PTAC | F85: =_xlfn.CONCAT("FretRout",LEFT(C85,3),RIGHT(C85,1),"PTAC") -> FretRoutCat7PTAC | G85: radio | H85: 1 | J85: <=3,5t | L85: =J85 -> <=3,5t
A86: Fret routier | C86: Catégorie 7 | D86: Motorisation | F86: =_xlfn.CONCAT("FretRout",LEFT(C86,3),RIGHT(C86,1),"Mot") -> FretRoutCat7Mot | G86: radio | H86: 1 | J86: Essence | L86: =J86 -> Essence
A87: Fret routier | C87: Catégorie 7 | D87: Carburant utilisé | F87: =_xlfn.CONCAT("FretRout",LEFT(C87,3),RIGHT(C87,1),"Carb") -> FretRoutCat7Carb | G87: radio | H87: 1 | J87: Essence à la pompe | L87: =J87 -> Essence à la pompe
A88: Fret routier | C88: Catégorie 7 | D88: Norme Euro | F88: =_xlfn.CONCAT("FretRout",LEFT(C88,3),RIGHT(C88,1),"Euro") -> FretRoutCat7Euro | G88: radio | H88: 1 | J88: 0 | L88: =J88 -> 0
A89: Fret routier | C89: Catégorie 7 | D89: Vignette Crit'Air | F89: =_xlfn.CONCAT("FretRout",LEFT(C89,3),RIGHT(C89,1),"CritAir") -> FretRoutCat7CritAir | G89: radio | H89: 1 | J89: 2 | L89: =J89 -> 2
A90: Fret routier | C90: Catégorie 7 | D90: Nombre de véhicules correspondants | F90: =_xlfn.CONCAT("FretRout",LEFT(C90,3),RIGHT(C90,1),"Nb") -> FretRoutCat7Nb | G90: number | H90: 1 | K90: véhicules | L90: 0
A91: Fret routier | C91: Catégorie 7 | D91: Ordre de grandeur de la distance parcourue annuellement (ensemble des véhicules renseignés pour la catégorie) | F91: =_xlfn.CONCAT("FretRout",LEFT(C91,3),RIGHT(C91,1),"Dist") -> FretRoutCat7Dist | G91: number | H91: 1 | K91: km | L91: 11201
A92: Fret routier | C92: Catégorie 7 | D92: Estimation du taux de remplissage moyen de ces véhicules | F92: =_xlfn.CONCAT("FretRout",LEFT(C92,3),RIGHT(C92,1),"Rempl") -> FretRoutCat7Rempl | G92: number | H92: 1 | K92: % | L92: 0
A93: Fret routier | C93: Catégorie 8 | D93: Nom de la catégorie de véhicules | F93: =_xlfn.CONCAT("FretRout",LEFT(C93,3),RIGHT(C93,1),"Nom") -> FretRoutCat8Nom | G93: text | H93: 1 | J93: VUL Essence <=3,5t (Crit'Air 3) | L93: =J93 -> VUL Essence <=3,5t (Crit'Air 3)
A94: Fret routier | C94: Catégorie 8 | D94: Type de véhicule | F94: =_xlfn.CONCAT("FretRout",LEFT(C94,3),RIGHT(C94,1),"Type") -> FretRoutCat8Type | G94: text | H94: 1 | J94: VUL | L94: =J94 -> VUL
A95: Fret routier | C95: Catégorie 8 | D95: PTAC | F95: =_xlfn.CONCAT("FretRout",LEFT(C95,3),RIGHT(C95,1),"PTAC") -> FretRoutCat8PTAC | G95: radio | H95: 1 | J95: <=3,5t | L95: =J95 -> <=3,5t
A96: Fret routier | C96: Catégorie 8 | D96: Motorisation | F96: =_xlfn.CONCAT("FretRout",LEFT(C96,3),RIGHT(C96,1),"Mot") -> FretRoutCat8Mot | G96: radio | H96: 1 | J96: Essence | L96: =J96 -> Essence
A97: Fret routier | C97: Catégorie 8 | D97: Carburant utilisé | F97: =_xlfn.CONCAT("FretRout",LEFT(C97,3),RIGHT(C97,1),"Carb") -> FretRoutCat8Carb | G97: radio | H97: 1 | J97: Essence à la pompe | L97: =J97 -> Essence à la pompe
A98: Fret routier | C98: Catégorie 8 | D98: Norme Euro | F98: =_xlfn.CONCAT("FretRout",LEFT(C98,3),RIGHT(C98,1),"Euro") -> FretRoutCat8Euro | G98: radio | H98: 1 | J98: 0 | L98: =J98 -> 0
A99: Fret routier | C99: Catégorie 8 | D99: Vignette Crit'Air | F99: =_xlfn.CONCAT("FretRout",LEFT(C99,3),RIGHT(C99,1),"CritAir") -> FretRoutCat8CritAir | G99: radio | H99: 1 | J99: 3 | L99: =J99 -> 3
A100: Fret routier | C100: Catégorie 8 | D100: Nombre de véhicules correspondants | F100: =_xlfn.CONCAT("FretRout",LEFT(C100,3),RIGHT(C100,1),"Nb") -> FretRoutCat8Nb | G100: number | H100: 1 | K100: véhicules | L100: 0
...

Sheet List
B3: VUL Electrique (Crit'Air E)
B4: VUL Electrique (Crit'Air E)
B5: VUL Diesel (Crit'Air 2)
B6: VUL Diesel (Crit'Air 2)
B7: VUL Diesel (Crit'Air 3)
B8: VUL Diesel (Crit'Air 3)
B9: VUL Diesel (Crit'Air 4)
B10: VUL Diesel (Crit'Air 4)
B11: VUL Diesel (Crit'Air 5)
B12: VUL Diesel (Crit'Air 5)
B13: VUL Essence (Crit'Air 1)
B14: VUL Essence (Crit'Air 1)
... B92: PL Gaz (GNC) >28-34t (Crit'Air 2)

Sheet Remplissage - Sit. Ref.
A1: Catégorie | B1: Sous-catégorie | C1: Titre | D1: Description | E1: Nom de la variable | F1: Type | G1: Affichage | H1: Valeur | I1: Valeurs possibles | J1: Unité | K1: Valeur par défaut | L1: Commentaire | M1: Action(s) liée(s) | N1: Affichage à la création | P1: 2024 | Q1: 2025 | R1: 2026 | S1: 2027 | T1: 2028 | U1: 2029 | V1: 2030 | W1: 2031 | X1: 2032 | Y1: 2033 | Z1: 2034 | AA1: 2035 | AB1: 2036 | AC1: 2037 | AD1: 2038 | AE1: 2039 | AF1: 2040 | AG1: 2041 | AH1: 2042 | AI1: 2043 | AJ1: 2044 | AK1: 2045 | AL1: 2046 | AM1: 2047 | AN1: 2048 | AO1: 2049 | AP1: 2050
A2: Généralités | C2: Année de la situation de référence | E2: AnRef | F2: number | G2: 1 | H2: 2028
A3: Généralités | C3: Projection de population | E3: ProjPop | F3: number | G3: 1 | H3: 721036.16 | J3: hab | K3: #REF!
A4: Généralités | C4: Projection de nombre de ménages | E4: ProjMen | F4: number | G4: 1 | H4: 341974.06 | J4: ménages | K4: #REF!
A5: Données de production/consommation d'énergie | C5: Part de bioGNV distribuée sur le territoire | E5: bioGNV | F5: number | G5: 1 | H5: 0.3 | J5: % | K5: #REF!
A6: Fret routier | B6: Catégorie 1 | C6: Nom de la catégorie de véhicules | E6: =_xlfn.CONCAT("FretRout",LEFT(B6,3),RIGHT(B6,1),"Nom") -> FretRoutCat1Nom | F6: text | G6: 1 | H6: 34 | I6: VUL Electrique (Crit'Air E) | K6: =I6 -> VUL Electrique (Crit'Air E)
A7: Fret routier | B7: Catégorie 1 | C7: Type de véhicule | E7: =_xlfn.CONCAT("FretRout",LEFT(B7,3),RIGHT(B7,1),"Type") -> FretRoutCat1Type | F7: text | G7: 1 | I7: VUL | K7: =I7 -> VUL
A8: Fret routier | B8: Catégorie 1 | C8: PTAC | E8: =_xlfn.CONCAT("FretRout",LEFT(B8,3),RIGHT(B8,1),"PTAC") -> FretRoutCat1PTAC | F8: radio | G8: 1 | I8: <=3,5t | K8: =I8 -> <=3,5t
A9: Fret routier | B9: Catégorie 1 | C9: Motorisation | E9: =_xlfn.CONCAT("FretRout",LEFT(B9,3),RIGHT(B9,1),"Mot") -> FretRoutCat1Mot | F9: radio | G9: 1 | I9: Electrique | K9: =I9 -> Electrique
A10: Fret routier | B10: Catégorie 1 | C10: Carburant utilisé | E10: =_xlfn.CONCAT("FretRout",LEFT(B10,3),RIGHT(B10,1),"Carb") -> FretRoutCat1Carb | F10: radio | G10: 1 | I10: - | K10: =I10 -> -
A11: Fret routier | B11: Catégorie 1 | C11: Norme Euro | E11: =_xlfn.CONCAT("FretRout",LEFT(B11,3),RIGHT(B11,1),"Euro") -> FretRoutCat1Euro | F11: radio | G11: 1 | I11: 0 | K11: =I11 -> 0 | Q11: #REF! | R11: =(6*VLOOKUP($H7&";TauxRenouvellement",#REF!,R$1-2020,FALSE)*VLOOKUP($H7&";Volume",#REF!,R$1-2020,FALSE)+ Q11*(VLOOKUP($H7&";Volume",#REF!,R$1-2019,FALSE)-VLOOKUP($H7&";TauxRenouvellement",#REF!,R$1-2020,FALSE)*VLOOKUP($H7&";Volume",#REF!,R$1-2020,FALSE)))/ VLOOKUP($H7&";Volume",#REF!,R$1-2019,FALSE) -> #REF! | S11: =(6*VLOOKUP($H7&";TauxRenouvellement",#REF!,S$1-2020,FALSE)*VLOOKUP($H7&";Volume",#REF!,S$1-2020,FALSE)+ R11*(VLOOKUP($H7&";Volume",#REF!,S$1-2019,FALSE)-VLOOKUP($H7&";TauxRenouvellement",#REF!,S$1-2020,FALSE)*VLOOKUP($H7&";Volume",#REF!,S$1-2020,FALSE)))/ VLOOKUP($H7&";Volume",#REF!,S$1-2019,FALSE) -> #REF! | T11: =(6*VLOOKUP($H7&";TauxRenouvellement",#REF!,T$1-2020,FALSE)*VLOOKUP($H7&";Volume",#REF!,T$1-2020,FALSE)+ S11*(VLOOKUP($H7&";Volume",#REF!,T$1-2019,FALSE)-VLOOKUP($H7&";TauxRenouvellement",#REF!,T$1-2020,FALSE)*VLOOKUP($H7&";Volume",#REF!,T$1-2020,FALSE)))/ VLOOKUP($H7&";Volume",#REF!,T$1-2019,FALSE) -> #REF! | U11: =(6*VLOOKUP($H7&";TauxRenouvellement",#REF!,U$1-2020,FALSE)*VLOOKUP($H7&";Volume",#REF!,U$1-2020,FALSE)+ T11*(VLOOKUP($H7&";Volume",#REF!,U$1-2019,FALSE)-VLOOKUP($H7&";TauxRenouvellement",#REF!,U$1-2020,FALSE)*VLOOKUP($H7&";Volume",#REF!,U$1-2020,FALSE)))/ VLOOKUP($H7&";Volume",#REF!,U$1-2019,FALSE) -> #REF! | V11: =(6*VLOOKUP($H7&";TauxRenouvellement",#REF!,V$1-2020,FALSE)*VLOOKUP($H7&";Volume",#REF!,V$1-2020,FALSE)+ U11*(VLOOKUP($H7&";Volume",#REF!,V$1-2019,FALSE)-VLOOKUP($H7&";TauxRenouvellement",#REF!,V$1-2020,FALSE)*VLOOKUP($H7&";Volume",#REF!,V$1-2020,FALSE)))/ VLOOKUP($H7&";Volume",#REF!,V$1-2019,FALSE) -> #REF! | W11: =(6*VLOOKUP($H7&";TauxRenouvellement",#REF!,W$1-2020,FALSE)*VLOOKUP($H7&";Volume",#REF!,W$1-2020,FALSE)+ V11*(VLOOKUP($H7&";Volume",#REF!,W$1-2019,FALSE)-VLOOKUP($H7&";TauxRenouvellement",#REF!,W$1-2020,FALSE)*VLOOKUP($H7&";Volume",#REF!,W$1-2020,FALSE)))/ VLOOKUP($H7&";Volume",#REF!,W$1-2019,FALSE) -> #REF! | X11: =(6*VLOOKUP($H7&";TauxRenouvellement",#REF!,X$1-2020,FALSE)*VLOOKUP($H7&";Volume",#REF!,X$1-2020,FALSE)+ W11*(VLOOKUP($H7&";Volume",#REF!,X$1-2019,FALSE)-VLOOKUP($H7&";TauxRenouvellement",#REF!,X$1-2020,FALSE)*VLOOKUP($H7&";Volume",#REF!,X$1-2020,FALSE)))/ VLOOKUP($H7&";Volume",#REF!,X$1-2019,FALSE) -> #REF! | Y11: =(6*VLOOKUP($H7&";TauxRenouvellement",#REF!,Y$1-2020,FALSE)*VLOOKUP($H7&";Volume",#REF!,Y$1-2020,FALSE)+ X11*(VLOOKUP($H7&";Volume",#REF!,Y$1-2019,FALSE)-VLOOKUP($H7&";TauxRenouvellement",#REF!,Y$1-2020,FALSE)*VLOOKUP($H7&";Volume",#REF!,Y$1-2020,FALSE)))/ VLOOKUP($H7&";Volume",#REF!,Y$1-2019,FALSE) -> #REF! | ... AP11: =(6*VLOOKUP($H7&";TauxRenouvellement",#REF!,AP$1-2020,FALSE)*VLOOKUP($H7&";Volume",#REF!,AP$1-2020,FALSE)+ AO11*(VLOOKUP($H7&";Volume",#REF!,AP$1-2019,FALSE)-VLOOKUP($H7&";TauxRenouvellement",#REF!,AP$1-2020,FALSE)*VLOOKUP($H7&";Volume",#REF!,AP$1-2020,FALSE)))/ VLOOKUP($H7&";Volume",#REF!,AP$1-2019,FALSE) -> #REF!
A12: Fret routier | B12: Catégorie 1 | C12: Vignette Crit'Air | E12: =_xlfn.CONCAT("FretRout",LEFT(B12,3),RIGHT(B12,1),"CritAir") -> FretRoutCat1CritAir | F12: radio | G12: 1 | I12: E | K12: =I12 -> E | Q12: #REF! | R12: =(VLOOKUP($H7&";TauxRenouvellement",#REF!,R$1-2020,FALSE)*VLOOKUP($H7&";Volume",#REF!,R$1-2020,FALSE)+ Q12*(VLOOKUP($H7&";Volume",#REF!,R$1-2019,FALSE)-VLOOKUP($H7&";TauxRenouvellement",#REF!,R$1-2020,FALSE)*VLOOKUP($H7&";Volume",#REF!,R$1-2020,FALSE)))/ VLOOKUP($H7&";Volume",#REF!,R$1-2019,FALSE) -> #REF! | S12: =(VLOOKUP($H7&";TauxRenouvellement",#REF!,S$1-2020,FALSE)*VLOOKUP($H7&";Volume",#REF!,S$1-2020,FALSE)+ R12*(VLOOKUP($H7&";Volume",#REF!,S$1-2019,FALSE)-VLOOKUP($H7&";TauxRenouvellement",#REF!,S$1-2020,FALSE)*VLOOKUP($H7&";Volume",#REF!,S$1-2020,FALSE)))/ VLOOKUP($H7&";Volume",#REF!,S$1-2019,FALSE) -> #REF! | T12: =(VLOOKUP($H7&";TauxRenouvellement",#REF!,T$1-2020,FALSE)*VLOOKUP($H7&";Volume",#REF!,T$1-2020,FALSE)+ S12*(VLOOKUP($H7&";Volume",#REF!,T$1-2019,FALSE)-VLOOKUP($H7&";TauxRenouvellement",#REF!,T$1-2020,FALSE)*VLOOKUP($H7&";Volume",#REF!,T$1-2020,FALSE)))/ VLOOKUP($H7&";Volume",#REF!,T$1-2019,FALSE) -> #REF! | U12: =(VLOOKUP($H7&";TauxRenouvellement",#REF!,U$1-2020,FALSE)*VLOOKUP($H7&";Volume",#REF!,U$1-2020,FALSE)+ T12*(VLOOKUP($H7&";Volume",#REF!,U$1-2019,FALSE)-VLOOKUP($H7&";TauxRenouvellement",#REF!,U$1-2020,FALSE)*VLOOKUP($H7&";Volume",#REF!,U$1-2020,FALSE)))/ VLOOKUP($H7&";Volume",#REF!,U$1-2019,FALSE) -> #REF! | V12: =(VLOOKUP($H7&";TauxRenouvellement",#REF!,V$1-2020,FALSE)*VLOOKUP($H7&";Volume",#REF!,V$1-2020,FALSE)+ U12*(VLOOKUP($H7&";Volume",#REF!,V$1-2019,FALSE)-VLOOKUP($H7&";TauxRenouvellement",#REF!,V$1-2020,FALSE)*VLOOKUP($H7&";Volume",#REF!,V$1-2020,FALSE)))/ VLOOKUP($H7&";Volume",#REF!,V$1-2019,FALSE) -> #REF! | W12: =(VLOOKUP($H7&";TauxRenouvellement",#REF!,W$1-2020,FALSE)*VLOOKUP($H7&";Volume",#REF!,W$1-2020,FALSE)+ V12*(VLOOKUP($H7&";Volume",#REF!,W$1-2019,FALSE)-VLOOKUP($H7&";TauxRenouvellement",#REF!,W$1-2020,FALSE)*VLOOKUP($H7&";Volume",#REF!,W$1-2020,FALSE)))/ VLOOKUP($H7&";Volume",#REF!,W$1-2019,FALSE) -> #REF! | X12: =(VLOOKUP($H7&";TauxRenouvellement",#REF!,X$1-2020,FALSE)*VLOOKUP($H7&";Volume",#REF!,X$1-2020,FALSE)+ W12*(VLOOKUP($H7&";Volume",#REF!,X$1-2019,FALSE)-VLOOKUP($H7&";TauxRenouvellement",#REF!,X$1-2020,FALSE)*VLOOKUP($H7&";Volume",#REF!,X$1-2020,FALSE)))/ VLOOKUP($H7&";Volume",#REF!,X$1-2019,FALSE) -> #REF! | Y12: =(VLOOKUP($H7&";TauxRenouvellement",#REF!,Y$1-2020,FALSE)*VLOOKUP($H7&";Volume",#REF!,Y$1-2020,FALSE)+ X12*(VLOOKUP($H7&";Volume",#REF!,Y$1-2019,FALSE)-VLOOKUP($H7&";TauxRenouvellement",#REF!,Y$1-2020,FALSE)*VLOOKUP($H7&";Volume",#REF!,Y$1-2020,FALSE)))/ VLOOKUP($H7&";Volume",#REF!,Y$1-2019,FALSE) -> #REF! | ... AP12: =(VLOOKUP($H7&";TauxRenouvellement",#REF!,AP$1-2020,FALSE)*VLOOKUP($H7&";Volume",#REF!,AP$1-2020,FALSE)+ AO12*(VLOOKUP($H7&";Volume",#REF!,AP$1-2019,FALSE)-VLOOKUP($H7&";TauxRenouvellement",#REF!,AP$1-2020,FALSE)*VLOOKUP($H7&";Volume",#REF!,AP$1-2020,FALSE)))/ VLOOKUP($H7&";Volume",#REF!,AP$1-2019,FALSE) -> #REF!
A13: Fret routier | B13: Catégorie 1 | C13: Nombre de véhicules correspondants | E13: =_xlfn.CONCAT("FretRout",LEFT(B13,3),RIGHT(B13,1),"Nb") -> FretRoutCat1Nb | F13: number | G13: 1 | J13: véhicules | K13: 0
A14: Fret routier | B14: Catégorie 1 | C14: Ordre de grandeur de la distance parcourue annuellement (ensemble des véhicules renseignés pour la catégorie) | E14: =_xlfn.CONCAT("FretRout",LEFT(B14,3),RIGHT(B14,1),"Dist") -> FretRoutCat1Dist | F14: number | G14: 1 | J14: km | K14: 7694
A15: Fret routier | B15: Catégorie 1 | C15: Estimation du taux de remplissage moyen de ces véhicules | E15: =_xlfn.CONCAT("FretRout",LEFT(B15,3),RIGHT(B15,1),"Rempl") -> FretRoutCat1Rempl | F15: number | G15: 1 | H15: X | J15: % | K15: 0
A16: Fret routier | B16: Catégorie 2 | C16: Nom de la catégorie de véhicules | E16: =_xlfn.CONCAT("FretRout",LEFT(B16,3),RIGHT(B16,1),"Nom") -> FretRoutCat2Nom | F16: text | G16: 1 | H16: 45 | I16: VUL Diesel (Crit'Air 2) | K16: =I16 -> VUL Diesel (Crit'Air 2)
A17: Fret routier | B17: Catégorie 2 | C17: Type de véhicule | E17: =_xlfn.CONCAT("FretRout",LEFT(B17,3),RIGHT(B17,1),"Type") -> FretRoutCat2Type | F17: text | G17: 1 | I17: VUL | K17: =I17 -> VUL
A18: Fret routier | B18: Catégorie 2 | C18: PTAC | E18: =_xlfn.CONCAT("FretRout",LEFT(B18,3),RIGHT(B18,1),"PTAC") -> FretRoutCat2PTAC | F18: radio | G18: 1 | I18: <=3,5t | K18: =I18 -> <=3,5t
A19: Fret routier | B19: Catégorie 2 | C19: Motorisation | E19: =_xlfn.CONCAT("FretRout",LEFT(B19,3),RIGHT(B19,1),"Mot") -> FretRoutCat2Mot | F19: radio | G19: 1 | I19: Diesel | K19: =I19 -> Diesel
A20: Fret routier | B20: Catégorie 2 | C20: Carburant utilisé | E20: =_xlfn.CONCAT("FretRout",LEFT(B20,3),RIGHT(B20,1),"Carb") -> FretRoutCat2Carb | F20: radio | G20: 1 | I20: Gazole à la pompe | K20: =I20 -> Gazole à la pompe
A21: Fret routier | B21: Catégorie 2 | C21: Norme Euro | E21: =_xlfn.CONCAT("FretRout",LEFT(B21,3),RIGHT(B21,1),"Euro") -> FretRoutCat2Euro | F21: radio | G21: 1 | I21: 0 | K21: =I21 -> 0 | Q21: #REF! | R21: =(6*VLOOKUP($H17&";TauxRenouvellement",#REF!,R$1-2020,FALSE)*VLOOKUP($H17&";Volume",#REF!,R$1-2020,FALSE)+ Q21*(VLOOKUP($H17&";Volume",#REF!,R$1-2019,FALSE)-VLOOKUP($H17&";TauxRenouvellement",#REF!,R$1-2020,FALSE)*VLOOKUP($H17&";Volume",#REF!,R$1-2020,FALSE)))/ VLOOKUP($H17&";Volume",#REF!,R$1-2019,FALSE) -> #REF! | S21: =(6*VLOOKUP($H17&";TauxRenouvellement",#REF!,S$1-2020,FALSE)*VLOOKUP($H17&";Volume",#REF!,S$1-2020,FALSE)+ R21*(VLOOKUP($H17&";Volume",#REF!,S$1-2019,FALSE)-VLOOKUP($H17&";TauxRenouvellement",#REF!,S$1-2020,FALSE)*VLOOKUP($H17&";Volume",#REF!,S$1-2020,FALSE)))/ VLOOKUP($H17&";Volume",#REF!,S$1-2019,FALSE) -> #REF! | T21: =(6*VLOOKUP($H17&";TauxRenouvellement",#REF!,T$1-2020,FALSE)*VLOOKUP($H17&";Volume",#REF!,T$1-2020,FALSE)+ S21*(VLOOKUP($H17&";Volume",#REF!,T$1-2019,FALSE)-VLOOKUP($H17&";TauxRenouvellement",#REF!,T$1-2020,FALSE)*VLOOKUP($H17&";Volume",#REF!,T$1-2020,FALSE)))/ VLOOKUP($H17&";Volume",#REF!,T$1-2019,FALSE) -> #REF! | U21: =(6*VLOOKUP($H17&";TauxRenouvellement",#REF!,U$1-2020,FALSE)*VLOOKUP($H17&";Volume",#REF!,U$1-2020,FALSE)+ T21*(VLOOKUP($H17&";Volume",#REF!,U$1-2019,FALSE)-VLOOKUP($H17&";TauxRenouvellement",#REF!,U$1-2020,FALSE)*VLOOKUP($H17&";Volume",#REF!,U$1-2020,FALSE)))/ VLOOKUP($H17&";Volume",#REF!,U$1-2019,FALSE) -> #REF! | V21: =(6*VLOOKUP($H17&";TauxRenouvellement",#REF!,V$1-2020,FALSE)*VLOOKUP($H17&";Volume",#REF!,V$1-2020,FALSE)+ U21*(VLOOKUP($H17&";Volume",#REF!,V$1-2019,FALSE)-VLOOKUP($H17&";TauxRenouvellement",#REF!,V$1-2020,FALSE)*VLOOKUP($H17&";Volume",#REF!,V$1-2020,FALSE)))/ VLOOKUP($H17&";Volume",#REF!,V$1-2019,FALSE) -> #REF! | W21: =(6*VLOOKUP($H17&";TauxRenouvellement",#REF!,W$1-2020,FALSE)*VLOOKUP($H17&";Volume",#REF!,W$1-2020,FALSE)+ V21*(VLOOKUP($H17&";Volume",#REF!,W$1-2019,FALSE)-VLOOKUP($H17&";TauxRenouvellement",#REF!,W$1-2020,FALSE)*VLOOKUP($H17&";Volume",#REF!,W$1-2020,FALSE)))/ VLOOKUP($H17&";Volume",#REF!,W$1-2019,FALSE) -> #REF! | X21: =(6*VLOOKUP($H17&";TauxRenouvellement",#REF!,X$1-2020,FALSE)*VLOOKUP($H17&";Volume",#REF!,X$1-2020,FALSE)+ W21*(VLOOKUP($H17&";Volume",#REF!,X$1-2019,FALSE)-VLOOKUP($H17&";TauxRenouvellement",#REF!,X$1-2020,FALSE)*VLOOKUP($H17&";Volume",#REF!,X$1-2020,FALSE)))/ VLOOKUP($H17&";Volume",#REF!,X$1-2019,FALSE) -> #REF! | Y21: =(6*VLOOKUP($H17&";TauxRenouvellement",#REF!,Y$1-2020,FALSE)*VLOOKUP($H17&";Volume",#REF!,Y$1-2020,FALSE)+ X21*(VLOOKUP($H17&";Volume",#REF!,Y$1-2019,FALSE)-VLOOKUP($H17&";TauxRenouvellement",#REF!,Y$1-2020,FALSE)*VLOOKUP($H17&";Volume",#REF!,Y$1-2020,FALSE)))/ VLOOKUP($H17&";Volume",#REF!,Y$1-2019,FALSE) -> #REF! | ... AP21: =(6*VLOOKUP($H17&";TauxRenouvellement",#REF!,AP$1-2020,FALSE)*VLOOKUP($H17&";Volume",#REF!,AP$1-2020,FALSE)+ AO21*(VLOOKUP($H17&";Volume",#REF!,AP$1-2019,FALSE)-VLOOKUP($H17&";TauxRenouvellement",#REF!,AP$1-2020,FALSE)*VLOOKUP($H17&";Volume",#REF!,AP$1-2020,FALSE)))/ VLOOKUP($H17&";Volume",#REF!,AP$1-2019,FALSE) -> #REF!
A22: Fret routier | B22: Catégorie 2 | C22: Vignette Crit'Air | E22: =_xlfn.CONCAT("FretRout",LEFT(B22,3),RIGHT(B22,1),"CritAir") -> FretRoutCat2CritAir | F22: radio | G22: 1 | I22: 2 | K22: =I22 -> 2 | Q22: #REF! | R22: =(VLOOKUP($H17&";TauxRenouvellement",#REF!,R$1-2020,FALSE)*VLOOKUP($H17&";Volume",#REF!,R$1-2020,FALSE)+ Q22*(VLOOKUP($H17&";Volume",#REF!,R$1-2019,FALSE)-VLOOKUP($H17&";TauxRenouvellement",#REF!,R$1-2020,FALSE)*VLOOKUP($H17&";Volume",#REF!,R$1-2020,FALSE)))/ VLOOKUP($H17&";Volume",#REF!,R$1-2019,FALSE) -> #REF! | S22: =(VLOOKUP($H17&";TauxRenouvellement",#REF!,S$1-2020,FALSE)*VLOOKUP($H17&";Volume",#REF!,S$1-2020,FALSE)+ R22*(VLOOKUP($H17&";Volume",#REF!,S$1-2019,FALSE)-VLOOKUP($H17&";TauxRenouvellement",#REF!,S$1-2020,FALSE)*VLOOKUP($H17&";Volume",#REF!,S$1-2020,FALSE)))/ VLOOKUP($H17&";Volume",#REF!,S$1-2019,FALSE) -> #REF! | T22: =(VLOOKUP($H17&";TauxRenouvellement",#REF!,T$1-2020,FALSE)*VLOOKUP($H17&";Volume",#REF!,T$1-2020,FALSE)+ S22*(VLOOKUP($H17&";Volume",#REF!,T$1-2019,FALSE)-VLOOKUP($H17&";TauxRenouvellement",#REF!,T$1-2020,FALSE)*VLOOKUP($H17&";Volume",#REF!,T$1-2020,FALSE)))/ VLOOKUP($H17&";Volume",#REF!,T$1-2019,FALSE) -> #REF! | U22: =(VLOOKUP($H17&";TauxRenouvellement",#REF!,U$1-2020,FALSE)*VLOOKUP($H17&";Volume",#REF!,U$1-2020,FALSE)+ T22*(VLOOKUP($H17&";Volume",#REF!,U$1-2019,FALSE)-VLOOKUP($H17&";TauxRenouvellement",#REF!,U$1-2020,FALSE)*VLOOKUP($H17&";Volume",#REF!,U$1-2020,FALSE)))/ VLOOKUP($H17&";Volume",#REF!,U$1-2019,FALSE) -> #REF! | V22: =(VLOOKUP($H17&";TauxRenouvellement",#REF!,V$1-2020,FALSE)*VLOOKUP($H17&";Volume",#REF!,V$1-2020,FALSE)+ U22*(VLOOKUP($H17&";Volume",#REF!,V$1-2019,FALSE)-VLOOKUP($H17&";TauxRenouvellement",#REF!,V$1-2020,FALSE)*VLOOKUP($H17&";Volume",#REF!,V$1-2020,FALSE)))/ VLOOKUP($H17&";Volume",#REF!,V$1-2019,FALSE) -> #REF! | W22: =(VLOOKUP($H17&";TauxRenouvellement",#REF!,W$1-2020,FALSE)*VLOOKUP($H17&";Volume",#REF!,W$1-2020,FALSE)+ V22*(VLOOKUP($H17&";Volume",#REF!,W$1-2019,FALSE)-VLOOKUP($H17&";TauxRenouvellement",#REF!,W$1-2020,FALSE)*VLOOKUP($H17&";Volume",#REF!,W$1-2020,FALSE)))/ VLOOKUP($H17&";Volume",#REF!,W$1-2019,FALSE) -> #REF! | X22: =(VLOOKUP($H17&";TauxRenouvellement",#REF!,X$1-2020,FALSE)*VLOOKUP($H17&";Volume",#REF!,X$1-2020,FALSE)+ W22*(VLOOKUP($H17&";Volume",#REF!,X$1-2019,FALSE)-VLOOKUP($H17&";TauxRenouvellement",#REF!,X$1-2020,FALSE)*VLOOKUP($H17&";Volume",#REF!,X$1-2020,FALSE)))/ VLOOKUP($H17&";Volume",#REF!,X$1-2019,FALSE) -> #REF! | Y22: =(VLOOKUP($H17&";TauxRenouvellement",#REF!,Y$1-2020,FALSE)*VLOOKUP($H17&";Volume",#REF!,Y$1-2020,FALSE)+ X22*(VLOOKUP($H17&";Volume",#REF!,Y$1-2019,FALSE)-VLOOKUP($H17&";TauxRenouvellement",#REF!,Y$1-2020,FALSE)*VLOOKUP($H17&";Volume",#REF!,Y$1-2020,FALSE)))/ VLOOKUP($H17&";Volume",#REF!,Y$1-2019,FALSE) -> #REF! | ... AP22: =(VLOOKUP($H17&";TauxRenouvellement",#REF!,AP$1-2020,FALSE)*VLOOKUP($H17&";Volume",#REF!,AP$1-2020,FALSE)+ AO22*(VLOOKUP($H17&";Volume",#REF!,AP$1-2019,FALSE)-VLOOKUP($H17&";TauxRenouvellement",#REF!,AP$1-2020,FALSE)*VLOOKUP($H17&";Volume",#REF!,AP$1-2020,FALSE)))/ VLOOKUP($H17&";Volume",#REF!,AP$1-2019,FALSE) -> #REF!
A23: Fret routier | B23: Catégorie 2 | C23: Nombre de véhicules correspondants | E23: =_xlfn.CONCAT("FretRout",LEFT(B23,3),RIGHT(B23,1),"Nb") -> FretRoutCat2Nb | F23: number | G23: 1 | J23: véhicules | K23: 0
A24: Fret routier | B24: Catégorie 2 | C24: Ordre de grandeur de la distance parcourue annuellement (ensemble des véhicules renseignés pour la catégorie) | E24: =_xlfn.CONCAT("FretRout",LEFT(B24,3),RIGHT(B24,1),"Dist") -> FretRoutCat2Dist | F24: number | G24: 1 | J24: km | K24: 17855
A25: Fret routier | B25: Catégorie 2 | C25: Estimation du taux de remplissage moyen de ces véhicules | E25: =_xlfn.CONCAT("FretRout",LEFT(B25,3),RIGHT(B25,1),"Rempl") -> FretRoutCat2Rempl | F25: number | G25: 1 | H25: 0.87 | J25: % | K25: 0
A26: Fret routier | B26: Catégorie 3 | C26: Nom de la catégorie de véhicules | E26: =_xlfn.CONCAT("FretRout",LEFT(B26,3),RIGHT(B26,1),"Nom") -> FretRoutCat3Nom | F26: text | G26: 1 | I26: VUL Diesel (Crit'Air 3) | K26: =I26 -> VUL Diesel (Crit'Air 3)
A27: Fret routier | B27: Catégorie 3 | C27: Type de véhicule | E27: =_xlfn.CONCAT("FretRout",LEFT(B27,3),RIGHT(B27,1),"Type") -> FretRoutCat3Type | F27: text | G27: 1 | I27: VUL | K27: =I27 -> VUL
A28: Fret routier | B28: Catégorie 3 | C28: PTAC | E28: =_xlfn.CONCAT("FretRout",LEFT(B28,3),RIGHT(B28,1),"PTAC") -> FretRoutCat3PTAC | F28: radio | G28: 1 | I28: <=3,5t | K28: =I28 -> <=3,5t
A29: Fret routier | B29: Catégorie 3 | C29: Motorisation | E29: =_xlfn.CONCAT("FretRout",LEFT(B29,3),RIGHT(B29,1),"Mot") -> FretRoutCat3Mot | F29: radio | G29: 1 | I29: Diesel | K29: =I29 -> Diesel
A30: Fret routier | B30: Catégorie 3 | C30: Carburant utilisé | E30: =_xlfn.CONCAT("FretRout",LEFT(B30,3),RIGHT(B30,1),"Carb") -> FretRoutCat3Carb | F30: radio | G30: 1 | I30: Gazole à la pompe | K30: =I30 -> Gazole à la pompe
A31: Fret routier | B31: Catégorie 3 | C31: Norme Euro | E31: =_xlfn.CONCAT("FretRout",LEFT(B31,3),RIGHT(B31,1),"Euro") -> FretRoutCat3Euro | F31: radio | G31: 1 | I31: 0 | K31: =I31 -> 0 | Q31: #REF! | R31: =(6*VLOOKUP($H27&";TauxRenouvellement",#REF!,R$1-2020,FALSE)*VLOOKUP($H27&";Volume",#REF!,R$1-2020,FALSE)+ Q31*(VLOOKUP($H27&";Volume",#REF!,R$1-2019,FALSE)-VLOOKUP($H27&";TauxRenouvellement",#REF!,R$1-2020,FALSE)*VLOOKUP($H27&";Volume",#REF!,R$1-2020,FALSE)))/ VLOOKUP($H27&";Volume",#REF!,R$1-2019,FALSE) -> #REF! | S31: =(6*VLOOKUP($H27&";TauxRenouvellement",#REF!,S$1-2020,FALSE)*VLOOKUP($H27&";Volume",#REF!,S$1-2020,FALSE)+ R31*(VLOOKUP($H27&";Volume",#REF!,S$1-2019,FALSE)-VLOOKUP($H27&";TauxRenouvellement",#REF!,S$1-2020,FALSE)*VLOOKUP($H27&";Volume",#REF!,S$1-2020,FALSE)))/ VLOOKUP($H27&";Volume",#REF!,S$1-2019,FALSE) -> #REF! | T31: =(6*VLOOKUP($H27&";TauxRenouvellement",#REF!,T$1-2020,FALSE)*VLOOKUP($H27&";Volume",#REF!,T$1-2020,FALSE)+ S31*(VLOOKUP($H27&";Volume",#REF!,T$1-2019,FALSE)-VLOOKUP($H27&";TauxRenouvellement",#REF!,T$1-2020,FALSE)*VLOOKUP($H27&";Volume",#REF!,T$1-2020,FALSE)))/ VLOOKUP($H27&";Volume",#REF!,T$1-2019,FALSE) -> #REF! | U31: =(6*VLOOKUP($H27&";TauxRenouvellement",#REF!,U$1-2020,FALSE)*VLOOKUP($H27&";Volume",#REF!,U$1-2020,FALSE)+ T31*(VLOOKUP($H27&";Volume",#REF!,U$1-2019,FALSE)-VLOOKUP($H27&";TauxRenouvellement",#REF!,U$1-2020,FALSE)*VLOOKUP($H27&";Volume",#REF!,U$1-2020,FALSE)))/ VLOOKUP($H27&";Volume",#REF!,U$1-2019,FALSE) -> #REF! | V31: =(6*VLOOKUP($H27&";TauxRenouvellement",#REF!,V$1-2020,FALSE)*VLOOKUP($H27&";Volume",#REF!,V$1-2020,FALSE)+ U31*(VLOOKUP($H27&";Volume",#REF!,V$1-2019,FALSE)-VLOOKUP($H27&";TauxRenouvellement",#REF!,V$1-2020,FALSE)*VLOOKUP($H27&";Volume",#REF!,V$1-2020,FALSE)))/ VLOOKUP($H27&";Volume",#REF!,V$1-2019,FALSE) -> #REF! | W31: =(6*VLOOKUP($H27&";TauxRenouvellement",#REF!,W$1-2020,FALSE)*VLOOKUP($H27&";Volume",#REF!,W$1-2020,FALSE)+ V31*(VLOOKUP($H27&";Volume",#REF!,W$1-2019,FALSE)-VLOOKUP($H27&";TauxRenouvellement",#REF!,W$1-2020,FALSE)*VLOOKUP($H27&";Volume",#REF!,W$1-2020,FALSE)))/ VLOOKUP($H27&";Volume",#REF!,W$1-2019,FALSE) -> #REF! | X31: =(6*VLOOKUP($H27&";TauxRenouvellement",#REF!,X$1-2020,FALSE)*VLOOKUP($H27&";Volume",#REF!,X$1-2020,FALSE)+ W31*(VLOOKUP($H27&";Volume",#REF!,X$1-2019,FALSE)-VLOOKUP($H27&";TauxRenouvellement",#REF!,X$1-2020,FALSE)*VLOOKUP($H27&";Volume",#REF!,X$1-2020,FALSE)))/ VLOOKUP($H27&";Volume",#REF!,X$1-2019,FALSE) -> #REF! | Y31: =(6*VLOOKUP($H27&";TauxRenouvellement",#REF!,Y$1-2020,FALSE)*VLOOKUP($H27&";Volume",#REF!,Y$1-2020,FALSE)+ X31*(VLOOKUP($H27&";Volume",#REF!,Y$1-2019,FALSE)-VLOOKUP($H27&";TauxRenouvellement",#REF!,Y$1-2020,FALSE)*VLOOKUP($H27&";Volume",#REF!,Y$1-2020,FALSE)))/ VLOOKUP($H27&";Volume",#REF!,Y$1-2019,FALSE) -> #REF! | ... AP31: =(6*VLOOKUP($H27&";TauxRenouvellement",#REF!,AP$1-2020,FALSE)*VLOOKUP($H27&";Volume",#REF!,AP$1-2020,FALSE)+ AO31*(VLOOKUP($H27&";Volume",#REF!,AP$1-2019,FALSE)-VLOOKUP($H27&";TauxRenouvellement",#REF!,AP$1-2020,FALSE)*VLOOKUP($H27&";Volume",#REF!,AP$1-2020,FALSE)))/ VLOOKUP($H27&";Volume",#REF!,AP$1-2019,FALSE) -> #REF!
A32: Fret routier | B32: Catégorie 3 | C32: Vignette Crit'Air | E32: =_xlfn.CONCAT("FretRout",LEFT(B32,3),RIGHT(B32,1),"CritAir") -> FretRoutCat3CritAir | F32: radio | G32: 1 | I32: 3 | K32: =I32 -> 3 | Q32: #REF! | R32: =(VLOOKUP($H27&";TauxRenouvellement",#REF!,R$1-2020,FALSE)*VLOOKUP($H27&";Volume",#REF!,R$1-2020,FALSE)+ Q32*(VLOOKUP($H27&";Volume",#REF!,R$1-2019,FALSE)-VLOOKUP($H27&";TauxRenouvellement",#REF!,R$1-2020,FALSE)*VLOOKUP($H27&";Volume",#REF!,R$1-2020,FALSE)))/ VLOOKUP($H27&";Volume",#REF!,R$1-2019,FALSE) -> #REF! | S32: =(VLOOKUP($H27&";TauxRenouvellement",#REF!,S$1-2020,FALSE)*VLOOKUP($H27&";Volume",#REF!,S$1-2020,FALSE)+ R32*(VLOOKUP($H27&";Volume",#REF!,S$1-2019,FALSE)-VLOOKUP($H27&";TauxRenouvellement",#REF!,S$1-2020,FALSE)*VLOOKUP($H27&";Volume",#REF!,S$1-2020,FALSE)))/ VLOOKUP($H27&";Volume",#REF!,S$1-2019,FALSE) -> #REF! | T32: =(VLOOKUP($H27&";TauxRenouvellement",#REF!,T$1-2020,FALSE)*VLOOKUP($H27&";Volume",#REF!,T$1-2020,FALSE)+ S32*(VLOOKUP($H27&";Volume",#REF!,T$1-2019,FALSE)-VLOOKUP($H27&";TauxRenouvellement",#REF!,T$1-2020,FALSE)*VLOOKUP($H27&";Volume",#REF!,T$1-2020,FALSE)))/ VLOOKUP($H27&";Volume",#REF!,T$1-2019,FALSE) -> #REF! | U32: =(VLOOKUP($H27&";TauxRenouvellement",#REF!,U$1-2020,FALSE)*VLOOKUP($H27&";Volume",#REF!,U$1-2020,FALSE)+ T32*(VLOOKUP($H27&";Volume",#REF!,U$1-2019,FALSE)-VLOOKUP($H27&";TauxRenouvellement",#REF!,U$1-2020,FALSE)*VLOOKUP($H27&";Volume",#REF!,U$1-2020,FALSE)))/ VLOOKUP($H27&";Volume",#REF!,U$1-2019,FALSE) -> #REF! | V32: =(VLOOKUP($H27&";TauxRenouvellement",#REF!,V$1-2020,FALSE)*VLOOKUP($H27&";Volume",#REF!,V$1-2020,FALSE)+ U32*(VLOOKUP($H27&";Volume",#REF!,V$1-2019,FALSE)-VLOOKUP($H27&";TauxRenouvellement",#REF!,V$1-2020,FALSE)*VLOOKUP($H27&";Volume",#REF!,V$1-2020,FALSE)))/ VLOOKUP($H27&";Volume",#REF!,V$1-2019,FALSE) -> #REF! | W32: =(VLOOKUP($H27&";TauxRenouvellement",#REF!,W$1-2020,FALSE)*VLOOKUP($H27&";Volume",#REF!,W$1-2020,FALSE)+ V32*(VLOOKUP($H27&";Volume",#REF!,W$1-2019,FALSE)-VLOOKUP($H27&";TauxRenouvellement",#REF!,W$1-2020,FALSE)*VLOOKUP($H27&";Volume",#REF!,W$1-2020,FALSE)))/ VLOOKUP($H27&";Volume",#REF!,W$1-2019,FALSE) -> #REF! | X32: =(VLOOKUP($H27&";TauxRenouvellement",#REF!,X$1-2020,FALSE)*VLOOKUP($H27&";Volume",#REF!,X$1-2020,FALSE)+ W32*(VLOOKUP($H27&";Volume",#REF!,X$1-2019,FALSE)-VLOOKUP($H27&";TauxRenouvellement",#REF!,X$1-2020,FALSE)*VLOOKUP($H27&";Volume",#REF!,X$1-2020,FALSE)))/ VLOOKUP($H27&";Volume",#REF!,X$1-2019,FALSE) -> #REF! | Y32: =(VLOOKUP($H27&";TauxRenouvellement",#REF!,Y$1-2020,FALSE)*VLOOKUP($H27&";Volume",#REF!,Y$1-2020,FALSE)+ X32*(VLOOKUP($H27&";Volume",#REF!,Y$1-2019,FALSE)-VLOOKUP($H27&";TauxRenouvellement",#REF!,Y$1-2020,FALSE)*VLOOKUP($H27&";Volume",#REF!,Y$1-2020,FALSE)))/ VLOOKUP($H27&";Volume",#REF!,Y$1-2019,FALSE) -> #REF! | ... AP32: =(VLOOKUP($H27&";TauxRenouvellement",#REF!,AP$1-2020,FALSE)*VLOOKUP($H27&";Volume",#REF!,AP$1-2020,FALSE)+ AO32*(VLOOKUP($H27&";Volume",#REF!,AP$1-2019,FALSE)-VLOOKUP($H27&";TauxRenouvellement",#REF!,AP$1-2020,FALSE)*VLOOKUP($H27&";Volume",#REF!,AP$1-2020,FALSE)))/ VLOOKUP($H27&";Volume",#REF!,AP$1-2019,FALSE) -> #REF!
A33: Fret routier | B33: Catégorie 3 | C33: Nombre de véhicules correspondants | E33: =_xlfn.CONCAT("FretRout",LEFT(B33,3),RIGHT(B33,1),"Nb") -> FretRoutCat3Nb | F33: number | G33: 1 | J33: véhicules | K33: 0
A34: Fret routier | B34: Catégorie 3 | C34: Ordre de grandeur de la distance parcourue annuellement (ensemble des véhicules renseignés pour la catégorie) | E34: =_xlfn.CONCAT("FretRout",LEFT(B34,3),RIGHT(B34,1),"Dist") -> FretRoutCat3Dist | F34: number | G34: 1 | J34: km | K34: 17855
A35: Fret routier | B35: Catégorie 3 | C35: Estimation du taux de remplissage moyen de ces véhicules | E35: =_xlfn.CONCAT("FretRout",LEFT(B35,3),RIGHT(B35,1),"Rempl") -> FretRoutCat3Rempl | F35: number | G35: 1 | J35: % | K35: 0
A36: Fret routier | B36: Catégorie 4 | C36: Nom de la catégorie de véhicules | E36: =_xlfn.CONCAT("FretRout",LEFT(B36,3),RIGHT(B36,1),"Nom") -> FretRoutCat4Nom | F36: text | G36: 1 | I36: VUL Diesel (Crit'Air 4) | K36: =I36 -> VUL Diesel (Crit'Air 4)
A37: Fret routier | B37: Catégorie 4 | C37: Type de véhicule | E37: =_xlfn.CONCAT("FretRout",LEFT(B37,3),RIGHT(B37,1),"Type") -> FretRoutCat4Type | F37: text | G37: 1 | I37: VUL | K37: =I37 -> VUL
A38: Fret routier | B38: Catégorie 4 | C38: PTAC | E38: =_xlfn.CONCAT("FretRout",LEFT(B38,3),RIGHT(B38,1),"PTAC") -> FretRoutCat4PTAC | F38: radio | G38: 1 | I38: <=3,5t | K38: =I38 -> <=3,5t
A39: Fret routier | B39: Catégorie 4 | C39: Motorisation | E39: =_xlfn.CONCAT("FretRout",LEFT(B39,3),RIGHT(B39,1),"Mot") -> FretRoutCat4Mot | F39: radio | G39: 1 | I39: Diesel | K39: =I39 -> Diesel
A40: Fret routier | B40: Catégorie 4 | C40: Carburant utilisé | E40: =_xlfn.CONCAT("FretRout",LEFT(B40,3),RIGHT(B40,1),"Carb") -> FretRoutCat4Carb | F40: radio | G40: 1 | I40: Gazole à la pompe | K40: =I40 -> Gazole à la pompe
A41: Fret routier | B41: Catégorie 4 | C41: Norme Euro | E41: =_xlfn.CONCAT("FretRout",LEFT(B41,3),RIGHT(B41,1),"Euro") -> FretRoutCat4Euro | F41: radio | G41: 1 | I41: 0 | K41: =I41 -> 0 | Q41: #REF! | R41: =(6*VLOOKUP($H37&";TauxRenouvellement",#REF!,R$1-2020,FALSE)*VLOOKUP($H37&";Volume",#REF!,R$1-2020,FALSE)+ Q41*(VLOOKUP($H37&";Volume",#REF!,R$1-2019,FALSE)-VLOOKUP($H37&";TauxRenouvellement",#REF!,R$1-2020,FALSE)*VLOOKUP($H37&";Volume",#REF!,R$1-2020,FALSE)))/ VLOOKUP($H37&";Volume",#REF!,R$1-2019,FALSE) -> #REF! | S41: =(6*VLOOKUP($H37&";TauxRenouvellement",#REF!,S$1-2020,FALSE)*VLOOKUP($H37&";Volume",#REF!,S$1-2020,FALSE)+ R41*(VLOOKUP($H37&";Volume",#REF!,S$1-2019,FALSE)-VLOOKUP($H37&";TauxRenouvellement",#REF!,S$1-2020,FALSE)*VLOOKUP($H37&";Volume",#REF!,S$1-2020,FALSE)))/ VLOOKUP($H37&";Volume",#REF!,S$1-2019,FALSE) -> #REF! | T41: =(6*VLOOKUP($H37&";TauxRenouvellement",#REF!,T$1-2020,FALSE)*VLOOKUP($H37&";Volume",#REF!,T$1-2020,FALSE)+ S41*(VLOOKUP($H37&";Volume",#REF!,T$1-2019,FALSE)-VLOOKUP($H37&";TauxRenouvellement",#REF!,T$1-2020,FALSE)*VLOOKUP($H37&";Volume",#REF!,T$1-2020,FALSE)))/ VLOOKUP($H37&";Volume",#REF!,T$1-2019,FALSE) -> #REF! | U41: =(6*VLOOKUP($H37&";TauxRenouvellement",#REF!,U$1-2020,FALSE)*VLOOKUP($H37&";Volume",#REF!,U$1-2020,FALSE)+ T41*(VLOOKUP($H37&";Volume",#REF!,U$1-2019,FALSE)-VLOOKUP($H37&";TauxRenouvellement",#REF!,U$1-2020,FALSE)*VLOOKUP($H37&";Volume",#REF!,U$1-2020,FALSE)))/ VLOOKUP($H37&";Volume",#REF!,U$1-2019,FALSE) -> #REF! | V41: =(6*VLOOKUP($H37&";TauxRenouvellement",#REF!,V$1-2020,FALSE)*VLOOKUP($H37&";Volume",#REF!,V$1-2020,FALSE)+ U41*(VLOOKUP($H37&";Volume",#REF!,V$1-2019,FALSE)-VLOOKUP($H37&";TauxRenouvellement",#REF!,V$1-2020,FALSE)*VLOOKUP($H37&";Volume",#REF!,V$1-2020,FALSE)))/ VLOOKUP($H37&";Volume",#REF!,V$1-2019,FALSE) -> #REF! | W41: =(6*VLOOKUP($H37&";TauxRenouvellement",#REF!,W$1-2020,FALSE)*VLOOKUP($H37&";Volume",#REF!,W$1-2020,FALSE)+ V41*(VLOOKUP($H37&";Volume",#REF!,W$1-2019,FALSE)-VLOOKUP($H37&";TauxRenouvellement",#REF!,W$1-2020,FALSE)*VLOOKUP($H37&";Volume",#REF!,W$1-2020,FALSE)))/ VLOOKUP($H37&";Volume",#REF!,W$1-2019,FALSE) -> #REF! | X41: =(6*VLOOKUP($H37&";TauxRenouvellement",#REF!,X$1-2020,FALSE)*VLOOKUP($H37&";Volume",#REF!,X$1-2020,FALSE)+ W41*(VLOOKUP($H37&";Volume",#REF!,X$1-2019,FALSE)-VLOOKUP($H37&";TauxRenouvellement",#REF!,X$1-2020,FALSE)*VLOOKUP($H37&";Volume",#REF!,X$1-2020,FALSE)))/ VLOOKUP($H37&";Volume",#REF!,X$1-2019,FALSE) -> #REF! | Y41: =(6*VLOOKUP($H37&";TauxRenouvellement",#REF!,Y$1-2020,FALSE)*VLOOKUP($H37&";Volume",#REF!,Y$1-2020,FALSE)+ X41*(VLOOKUP($H37&";Volume",#REF!,Y$1-2019,FALSE)-VLOOKUP($H37&";TauxRenouvellement",#REF!,Y$1-2020,FALSE)*VLOOKUP($H37&";Volume",#REF!,Y$1-2020,FALSE)))/ VLOOKUP($H37&";Volume",#REF!,Y$1-2019,FALSE) -> #REF! | ... AP41: =(6*VLOOKUP($H37&";TauxRenouvellement",#REF!,AP$1-2020,FALSE)*VLOOKUP($H37&";Volume",#REF!,AP$1-2020,FALSE)+ AO41*(VLOOKUP($H37&";Volume",#REF!,AP$1-2019,FALSE)-VLOOKUP($H37&";TauxRenouvellement",#REF!,AP$1-2020,FALSE)*VLOOKUP($H37&";Volume",#REF!,AP$1-2020,FALSE)))/ VLOOKUP($H37&";Volume",#REF!,AP$1-2019,FALSE) -> #REF!
A42: Fret routier | B42: Catégorie 4 | C42: Vignette Crit'Air | E42: =_xlfn.CONCAT("FretRout",LEFT(B42,3),RIGHT(B42,1),"CritAir") -> FretRoutCat4CritAir | F42: radio | G42: 1 | I42: 4 | K42: =I42 -> 4 | Q42: #REF! | R42: =(VLOOKUP($H37&";TauxRenouvellement",#REF!,R$1-2020,FALSE)*VLOOKUP($H37&";Volume",#REF!,R$1-2020,FALSE)+ Q42*(VLOOKUP($H37&";Volume",#REF!,R$1-2019,FALSE)-VLOOKUP($H37&";TauxRenouvellement",#REF!,R$1-2020,FALSE)*VLOOKUP($H37&";Volume",#REF!,R$1-2020,FALSE)))/ VLOOKUP($H37&";Volume",#REF!,R$1-2019,FALSE) -> #REF! | S42: =(VLOOKUP($H37&";TauxRenouvellement",#REF!,S$1-2020,FALSE)*VLOOKUP($H37&";Volume",#REF!,S$1-2020,FALSE)+ R42*(VLOOKUP($H37&";Volume",#REF!,S$1-2019,FALSE)-VLOOKUP($H37&";TauxRenouvellement",#REF!,S$1-2020,FALSE)*VLOOKUP($H37&";Volume",#REF!,S$1-2020,FALSE)))/ VLOOKUP($H37&";Volume",#REF!,S$1-2019,FALSE) -> #REF! | T42: =(VLOOKUP($H37&";TauxRenouvellement",#REF!,T$1-2020,FALSE)*VLOOKUP($H37&";Volume",#REF!,T$1-2020,FALSE)+ S42*(VLOOKUP($H37&";Volume",#REF!,T$1-2019,FALSE)-VLOOKUP($H37&";TauxRenouvellement",#REF!,T$1-2020,FALSE)*VLOOKUP($H37&";Volume",#REF!,T$1-2020,FALSE)))/ VLOOKUP($H37&";Volume",#REF!,T$1-2019,FALSE) -> #REF! | U42: =(VLOOKUP($H37&";TauxRenouvellement",#REF!,U$1-2020,FALSE)*VLOOKUP($H37&";Volume",#REF!,U$1-2020,FALSE)+ T42*(VLOOKUP($H37&";Volume",#REF!,U$1-2019,FALSE)-VLOOKUP($H37&";TauxRenouvellement",#REF!,U$1-2020,FALSE)*VLOOKUP($H37&";Volume",#REF!,U$1-2020,FALSE)))/ VLOOKUP($H37&";Volume",#REF!,U$1-2019,FALSE) -> #REF! | V42: =(VLOOKUP($H37&";TauxRenouvellement",#REF!,V$1-2020,FALSE)*VLOOKUP($H37&";Volume",#REF!,V$1-2020,FALSE)+ U42*(VLOOKUP($H37&";Volume",#REF!,V$1-2019,FALSE)-VLOOKUP($H37&";TauxRenouvellement",#REF!,V$1-2020,FALSE)*VLOOKUP($H37&";Volume",#REF!,V$1-2020,FALSE)))/ VLOOKUP($H37&";Volume",#REF!,V$1-2019,FALSE) -> #REF! | W42: =(VLOOKUP($H37&";TauxRenouvellement",#REF!,W$1-2020,FALSE)*VLOOKUP($H37&";Volume",#REF!,W$1-2020,FALSE)+ V42*(VLOOKUP($H37&";Volume",#REF!,W$1-2019,FALSE)-VLOOKUP($H37&";TauxRenouvellement",#REF!,W$1-2020,FALSE)*VLOOKUP($H37&";Volume",#REF!,W$1-2020,FALSE)))/ VLOOKUP($H37&";Volume",#REF!,W$1-2019,FALSE) -> #REF! | X42: =(VLOOKUP($H37&";TauxRenouvellement",#REF!,X$1-2020,FALSE)*VLOOKUP($H37&";Volume",#REF!,X$1-2020,FALSE)+ W42*(VLOOKUP($H37&";Volume",#REF!,X$1-2019,FALSE)-VLOOKUP($H37&";TauxRenouvellement",#REF!,X$1-2020,FALSE)*VLOOKUP($H37&";Volume",#REF!,X$1-2020,FALSE)))/ VLOOKUP($H37&";Volume",#REF!,X$1-2019,FALSE) -> #REF! | Y42: =(VLOOKUP($H37&";TauxRenouvellement",#REF!,Y$1-2020,FALSE)*VLOOKUP($H37&";Volume",#REF!,Y$1-2020,FALSE)+ X42*(VLOOKUP($H37&";Volume",#REF!,Y$1-2019,FALSE)-VLOOKUP($H37&";TauxRenouvellement",#REF!,Y$1-2020,FALSE)*VLOOKUP($H37&";Volume",#REF!,Y$1-2020,FALSE)))/ VLOOKUP($H37&";Volume",#REF!,Y$1-2019,FALSE) -> #REF! | ... AP42: =(VLOOKUP($H37&";TauxRenouvellement",#REF!,AP$1-2020,FALSE)*VLOOKUP($H37&";Volume",#REF!,AP$1-2020,FALSE)+ AO42*(VLOOKUP($H37&";Volume",#REF!,AP$1-2019,FALSE)-VLOOKUP($H37&";TauxRenouvellement",#REF!,AP$1-2020,FALSE)*VLOOKUP($H37&";Volume",#REF!,AP$1-2020,FALSE)))/ VLOOKUP($H37&";Volume",#REF!,AP$1-2019,FALSE) -> #REF!
A43: Fret routier | B43: Catégorie 4 | C43: Nombre de véhicules correspondants | E43: =_xlfn.CONCAT("FretRout",LEFT(B43,3),RIGHT(B43,1),"Nb") -> FretRoutCat4Nb | F43: number | G43: 1 | J43: véhicules | K43: 0
A44: Fret routier | B44: Catégorie 4 | C44: Ordre de grandeur de la distance parcourue annuellement (ensemble des véhicules renseignés pour la catégorie) | E44: =_xlfn.CONCAT("FretRout",LEFT(B44,3),RIGHT(B44,1),"Dist") -> FretRoutCat4Dist | F44: number | G44: 1 | J44: km | K44: 17855
A45: Fret routier | B45: Catégorie 4 | C45: Estimation du taux de remplissage moyen de ces véhicules | E45: =_xlfn.CONCAT("FretRout",LEFT(B45,3),RIGHT(B45,1),"Rempl") -> FretRoutCat4Rempl | F45: number | G45: 1 | J45: % | K45: 0
A46: Fret routier | B46: Catégorie 5 | C46: Nom de la catégorie de véhicules | E46: =_xlfn.CONCAT("FretRout",LEFT(B46,3),RIGHT(B46,1),"Nom") -> FretRoutCat5Nom | F46: text | G46: 1 | I46: VUL Diesel (Crit'Air 5) | K46: =I46 -> VUL Diesel (Crit'Air 5)
A47: Fret routier | B47: Catégorie 5 | C47: Type de véhicule | E47: =_xlfn.CONCAT("FretRout",LEFT(B47,3),RIGHT(B47,1),"Type") -> FretRoutCat5Type | F47: text | G47: 1 | I47: VUL | K47: =I47 -> VUL
A48: Fret routier | B48: Catégorie 5 | C48: PTAC | E48: =_xlfn.CONCAT("FretRout",LEFT(B48,3),RIGHT(B48,1),"PTAC") -> FretRoutCat5PTAC | F48: radio | G48: 1 | I48: <=3,5t | K48: =I48 -> <=3,5t
A49: Fret routier | B49: Catégorie 5 | C49: Motorisation | E49: =_xlfn.CONCAT("FretRout",LEFT(B49,3),RIGHT(B49,1),"Mot") -> FretRoutCat5Mot | F49: radio | G49: 1 | I49: Diesel | K49: =I49 -> Diesel
A50: Fret routier | B50: Catégorie 5 | C50: Carburant utilisé | E50: =_xlfn.CONCAT("FretRout",LEFT(B50,3),RIGHT(B50,1),"Carb") -> FretRoutCat5Carb | F50: radio | G50: 1 | I50: Gazole à la pompe | K50: =I50 -> Gazole à la pompe
A51: Fret routier | B51: Catégorie 5 | C51: Norme Euro | E51: =_xlfn.CONCAT("FretRout",LEFT(B51,3),RIGHT(B51,1),"Euro") -> FretRoutCat5Euro | F51: radio | G51: 1 | I51: 0 | K51: =I51 -> 0 | Q51: #REF! | R51: =(6*VLOOKUP($H47&";TauxRenouvellement",#REF!,R$1-2020,FALSE)*VLOOKUP($H47&";Volume",#REF!,R$1-2020,FALSE)+ Q51*(VLOOKUP($H47&";Volume",#REF!,R$1-2019,FALSE)-VLOOKUP($H47&";TauxRenouvellement",#REF!,R$1-2020,FALSE)*VLOOKUP($H47&";Volume",#REF!,R$1-2020,FALSE)))/ VLOOKUP($H47&";Volume",#REF!,R$1-2019,FALSE) -> #REF! | S51: =(6*VLOOKUP($H47&";TauxRenouvellement",#REF!,S$1-2020,FALSE)*VLOOKUP($H47&";Volume",#REF!,S$1-2020,FALSE)+ R51*(VLOOKUP($H47&";Volume",#REF!,S$1-2019,FALSE)-VLOOKUP($H47&";TauxRenouvellement",#REF!,S$1-2020,FALSE)*VLOOKUP($H47&";Volume",#REF!,S$1-2020,FALSE)))/ VLOOKUP($H47&";Volume",#REF!,S$1-2019,FALSE) -> #REF! | T51: =(6*VLOOKUP($H47&";TauxRenouvellement",#REF!,T$1-2020,FALSE)*VLOOKUP($H47&";Volume",#REF!,T$1-2020,FALSE)+ S51*(VLOOKUP($H47&";Volume",#REF!,T$1-2019,FALSE)-VLOOKUP($H47&";TauxRenouvellement",#REF!,T$1-2020,FALSE)*VLOOKUP($H47&";Volume",#REF!,T$1-2020,FALSE)))/ VLOOKUP($H47&";Volume",#REF!,T$1-2019,FALSE) -> #REF! | U51: =(6*VLOOKUP($H47&";TauxRenouvellement",#REF!,U$1-2020,FALSE)*VLOOKUP($H47&";Volume",#REF!,U$1-2020,FALSE)+ T51*(VLOOKUP($H47&";Volume",#REF!,U$1-2019,FALSE)-VLOOKUP($H47&";TauxRenouvellement",#REF!,U$1-2020,FALSE)*VLOOKUP($H47&";Volume",#REF!,U$1-2020,FALSE)))/ VLOOKUP($H47&";Volume",#REF!,U$1-2019,FALSE) -> #REF! | V51: =(6*VLOOKUP($H47&";TauxRenouvellement",#REF!,V$1-2020,FALSE)*VLOOKUP($H47&";Volume",#REF!,V$1-2020,FALSE)+ U51*(VLOOKUP($H47&";Volume",#REF!,V$1-2019,FALSE)-VLOOKUP($H47&";TauxRenouvellement",#REF!,V$1-2020,FALSE)*VLOOKUP($H47&";Volume",#REF!,V$1-2020,FALSE)))/ VLOOKUP($H47&";Volume",#REF!,V$1-2019,FALSE) -> #REF! | W51: =(6*VLOOKUP($H47&";TauxRenouvellement",#REF!,W$1-2020,FALSE)*VLOOKUP($H47&";Volume",#REF!,W$1-2020,FALSE)+ V51*(VLOOKUP($H47&";Volume",#REF!,W$1-2019,FALSE)-VLOOKUP($H47&";TauxRenouvellement",#REF!,W$1-2020,FALSE)*VLOOKUP($H47&";Volume",#REF!,W$1-2020,FALSE)))/ VLOOKUP($H47&";Volume",#REF!,W$1-2019,FALSE) -> #REF! | X51: =(6*VLOOKUP($H47&";TauxRenouvellement",#REF!,X$1-2020,FALSE)*VLOOKUP($H47&";Volume",#REF!,X$1-2020,FALSE)+ W51*(VLOOKUP($H47&";Volume",#REF!,X$1-2019,FALSE)-VLOOKUP($H47&";TauxRenouvellement",#REF!,X$1-2020,FALSE)*VLOOKUP($H47&";Volume",#REF!,X$1-2020,FALSE)))/ VLOOKUP($H47&";Volume",#REF!,X$1-2019,FALSE) -> #REF! | Y51: =(6*VLOOKUP($H47&";TauxRenouvellement",#REF!,Y$1-2020,FALSE)*VLOOKUP($H47&";Volume",#REF!,Y$1-2020,FALSE)+ X51*(VLOOKUP($H47&";Volume",#REF!,Y$1-2019,FALSE)-VLOOKUP($H47&";TauxRenouvellement",#REF!,Y$1-2020,FALSE)*VLOOKUP($H47&";Volume",#REF!,Y$1-2020,FALSE)))/ VLOOKUP($H47&";Volume",#REF!,Y$1-2019,FALSE) -> #REF! | ... AP51: =(6*VLOOKUP($H47&";TauxRenouvellement",#REF!,AP$1-2020,FALSE)*VLOOKUP($H47&";Volume",#REF!,AP$1-2020,FALSE)+ AO51*(VLOOKUP($H47&";Volume",#REF!,AP$1-2019,FALSE)-VLOOKUP($H47&";TauxRenouvellement",#REF!,AP$1-2020,FALSE)*VLOOKUP($H47&";Volume",#REF!,AP$1-2020,FALSE)))/ VLOOKUP($H47&";Volume",#REF!,AP$1-2019,FALSE) -> #REF!
A52: Fret routier | B52: Catégorie 5 | C52: Vignette Crit'Air | E52: =_xlfn.CONCAT("FretRout",LEFT(B52,3),RIGHT(B52,1),"CritAir") -> FretRoutCat5CritAir | F52: radio | G52: 1 | I52: 5 | K52: =I52 -> 5 | Q52: #REF! | R52: =(VLOOKUP($H47&";TauxRenouvellement",#REF!,R$1-2020,FALSE)*VLOOKUP($H47&";Volume",#REF!,R$1-2020,FALSE)+ Q52*(VLOOKUP($H47&";Volume",#REF!,R$1-2019,FALSE)-VLOOKUP($H47&";TauxRenouvellement",#REF!,R$1-2020,FALSE)*VLOOKUP($H47&";Volume",#REF!,R$1-2020,FALSE)))/ VLOOKUP($H47&";Volume",#REF!,R$1-2019,FALSE) -> #REF! | S52: =(VLOOKUP($H47&";TauxRenouvellement",#REF!,S$1-2020,FALSE)*VLOOKUP($H47&";Volume",#REF!,S$1-2020,FALSE)+ R52*(VLOOKUP($H47&";Volume",#REF!,S$1-2019,FALSE)-VLOOKUP($H47&";TauxRenouvellement",#REF!,S$1-2020,FALSE)*VLOOKUP($H47&";Volume",#REF!,S$1-2020,FALSE)))/ VLOOKUP($H47&";Volume",#REF!,S$1-2019,FALSE) -> #REF! | T52: =(VLOOKUP($H47&";TauxRenouvellement",#REF!,T$1-2020,FALSE)*VLOOKUP($H47&";Volume",#REF!,T$1-2020,FALSE)+ S52*(VLOOKUP($H47&";Volume",#REF!,T$1-2019,FALSE)-VLOOKUP($H47&";TauxRenouvellement",#REF!,T$1-2020,FALSE)*VLOOKUP($H47&";Volume",#REF!,T$1-2020,FALSE)))/ VLOOKUP($H47&";Volume",#REF!,T$1-2019,FALSE) -> #REF! | U52: =(VLOOKUP($H47&";TauxRenouvellement",#REF!,U$1-2020,FALSE)*VLOOKUP($H47&";Volume",#REF!,U$1-2020,FALSE)+ T52*(VLOOKUP($H47&";Volume",#REF!,U$1-2019,FALSE)-VLOOKUP($H47&";TauxRenouvellement",#REF!,U$1-2020,FALSE)*VLOOKUP($H47&";Volume",#REF!,U$1-2020,FALSE)))/ VLOOKUP($H47&";Volume",#REF!,U$1-2019,FALSE) -> #REF! | V52: =(VLOOKUP($H47&";TauxRenouvellement",#REF!,V$1-2020,FALSE)*VLOOKUP($H47&";Volume",#REF!,V$1-2020,FALSE)+ U52*(VLOOKUP($H47&";Volume",#REF!,V$1-2019,FALSE)-VLOOKUP($H47&";TauxRenouvellement",#REF!,V$1-2020,FALSE)*VLOOKUP($H47&";Volume",#REF!,V$1-2020,FALSE)))/ VLOOKUP($H47&";Volume",#REF!,V$1-2019,FALSE) -> #REF! | W52: =(VLOOKUP($H47&";TauxRenouvellement",#REF!,W$1-2020,FALSE)*VLOOKUP($H47&";Volume",#REF!,W$1-2020,FALSE)+ V52*(VLOOKUP($H47&";Volume",#REF!,W$1-2019,FALSE)-VLOOKUP($H47&";TauxRenouvellement",#REF!,W$1-2020,FALSE)*VLOOKUP($H47&";Volume",#REF!,W$1-2020,FALSE)))/ VLOOKUP($H47&";Volume",#REF!,W$1-2019,FALSE) -> #REF! | X52: =(VLOOKUP($H47&";TauxRenouvellement",#REF!,X$1-2020,FALSE)*VLOOKUP($H47&";Volume",#REF!,X$1-2020,FALSE)+ W52*(VLOOKUP($H47&";Volume",#REF!,X$1-2019,FALSE)-VLOOKUP($H47&";TauxRenouvellement",#REF!,X$1-2020,FALSE)*VLOOKUP($H47&";Volume",#REF!,X$1-2020,FALSE)))/ VLOOKUP($H47&";Volume",#REF!,X$1-2019,FALSE) -> #REF! | Y52: =(VLOOKUP($H47&";TauxRenouvellement",#REF!,Y$1-2020,FALSE)*VLOOKUP($H47&";Volume",#REF!,Y$1-2020,FALSE)+ X52*(VLOOKUP($H47&";Volume",#REF!,Y$1-2019,FALSE)-VLOOKUP($H47&";TauxRenouvellement",#REF!,Y$1-2020,FALSE)*VLOOKUP($H47&";Volume",#REF!,Y$1-2020,FALSE)))/ VLOOKUP($H47&";Volume",#REF!,Y$1-2019,FALSE) -> #REF! | ... AP52: =(VLOOKUP($H47&";TauxRenouvellement",#REF!,AP$1-2020,FALSE)*VLOOKUP($H47&";Volume",#REF!,AP$1-2020,FALSE)+ AO52*(VLOOKUP($H47&";Volume",#REF!,AP$1-2019,FALSE)-VLOOKUP($H47&";TauxRenouvellement",#REF!,AP$1-2020,FALSE)*VLOOKUP($H47&";Volume",#REF!,AP$1-2020,FALSE)))/ VLOOKUP($H47&";Volume",#REF!,AP$1-2019,FALSE) -> #REF!
A53: Fret routier | B53: Catégorie 5 | C53: Nombre de véhicules correspondants | E53: =_xlfn.CONCAT("FretRout",LEFT(B53,3),RIGHT(B53,1),"Nb") -> FretRoutCat5Nb | F53: number | G53: 1 | J53: véhicules | K53: 0
A54: Fret routier | B54: Catégorie 5 | C54: Ordre de grandeur de la distance parcourue annuellement (ensemble des véhicules renseignés pour la catégorie) | E54: =_xlfn.CONCAT("FretRout",LEFT(B54,3),RIGHT(B54,1),"Dist") -> FretRoutCat5Dist | F54: number | G54: 1 | J54: km | K54: 17855
A55: Fret routier | B55: Catégorie 5 | C55: Estimation du taux de remplissage moyen de ces véhicules | E55: =_xlfn.CONCAT("FretRout",LEFT(B55,3),RIGHT(B55,1),"Rempl") -> FretRoutCat5Rempl | F55: number | G55: 1 | J55: % | K55: 0
A56: Fret routier | B56: Catégorie 6 | C56: Nom de la catégorie de véhicules | E56: =_xlfn.CONCAT("FretRout",LEFT(B56,3),RIGHT(B56,1),"Nom") -> FretRoutCat6Nom | F56: text | G56: 1 | I56: VUL Essence (Crit'Air 1) | K56: =I56 -> VUL Essence (Crit'Air 1)
A57: Fret routier | B57: Catégorie 6 | C57: Type de véhicule | E57: =_xlfn.CONCAT("FretRout",LEFT(B57,3),RIGHT(B57,1),"Type") -> FretRoutCat6Type | F57: text | G57: 1 | I57: VUL | K57: =I57 -> VUL
A58: Fret routier | B58: Catégorie 6 | C58: PTAC | E58: =_xlfn.CONCAT("FretRout",LEFT(B58,3),RIGHT(B58,1),"PTAC") -> FretRoutCat6PTAC | F58: radio | G58: 1 | I58: <=3,5t | K58: =I58 -> <=3,5t
A59: Fret routier | B59: Catégorie 6 | C59: Motorisation | E59: =_xlfn.CONCAT("FretRout",LEFT(B59,3),RIGHT(B59,1),"Mot") -> FretRoutCat6Mot | F59: radio | G59: 1 | I59: Essence | K59: =I59 -> Essence
A60: Fret routier | B60: Catégorie 6 | C60: Carburant utilisé | E60: =_xlfn.CONCAT("FretRout",LEFT(B60,3),RIGHT(B60,1),"Carb") -> FretRoutCat6Carb | F60: radio | G60: 1 | I60: Essence à la pompe | K60: =I60 -> Essence à la pompe
A61: Fret routier | B61: Catégorie 6 | C61: Norme Euro | E61: =_xlfn.CONCAT("FretRout",LEFT(B61,3),RIGHT(B61,1),"Euro") -> FretRoutCat6Euro | F61: radio | G61: 1 | I61: 0 | K61: =I61 -> 0 | Q61: #REF! | R61: =(6*VLOOKUP($H57&";TauxRenouvellement",#REF!,R$1-2020,FALSE)*VLOOKUP($H57&";Volume",#REF!,R$1-2020,FALSE)+ Q61*(VLOOKUP($H57&";Volume",#REF!,R$1-2019,FALSE)-VLOOKUP($H57&";TauxRenouvellement",#REF!,R$1-2020,FALSE)*VLOOKUP($H57&";Volume",#REF!,R$1-2020,FALSE)))/ VLOOKUP($H57&";Volume",#REF!,R$1-2019,FALSE) -> #REF! | S61: =(6*VLOOKUP($H57&";TauxRenouvellement",#REF!,S$1-2020,FALSE)*VLOOKUP($H57&";Volume",#REF!,S$1-2020,FALSE)+ R61*(VLOOKUP($H57&";Volume",#REF!,S$1-2019,FALSE)-VLOOKUP($H57&";TauxRenouvellement",#REF!,S$1-2020,FALSE)*VLOOKUP($H57&";Volume",#REF!,S$1-2020,FALSE)))/ VLOOKUP($H57&";Volume",#REF!,S$1-2019,FALSE) -> #REF! | T61: =(6*VLOOKUP($H57&";TauxRenouvellement",#REF!,T$1-2020,FALSE)*VLOOKUP($H57&";Volume",#REF!,T$1-2020,FALSE)+ S61*(VLOOKUP($H57&";Volume",#REF!,T$1-2019,FALSE)-VLOOKUP($H57&";TauxRenouvellement",#REF!,T$1-2020,FALSE)*VLOOKUP($H57&";Volume",#REF!,T$1-2020,FALSE)))/ VLOOKUP($H57&";Volume",#REF!,T$1-2019,FALSE) -> #REF! | U61: =(6*VLOOKUP($H57&";TauxRenouvellement",#REF!,U$1-2020,FALSE)*VLOOKUP($H57&";Volume",#REF!,U$1-2020,FALSE)+ T61*(VLOOKUP($H57&";Volume",#REF!,U$1-2019,FALSE)-VLOOKUP($H57&";TauxRenouvellement",#REF!,U$1-2020,FALSE)*VLOOKUP($H57&";Volume",#REF!,U$1-2020,FALSE)))/ VLOOKUP($H57&";Volume",#REF!,U$1-2019,FALSE) -> #REF! | V61: =(6*VLOOKUP($H57&";TauxRenouvellement",#REF!,V$1-2020,FALSE)*VLOOKUP($H57&";Volume",#REF!,V$1-2020,FALSE)+ U61*(VLOOKUP($H57&";Volume",#REF!,V$1-2019,FALSE)-VLOOKUP($H57&";TauxRenouvellement",#REF!,V$1-2020,FALSE)*VLOOKUP($H57&";Volume",#REF!,V$1-2020,FALSE)))/ VLOOKUP($H57&";Volume",#REF!,V$1-2019,FALSE) -> #REF! | W61: =(6*VLOOKUP($H57&";TauxRenouvellement",#REF!,W$1-2020,FALSE)*VLOOKUP($H57&";Volume",#REF!,W$1-2020,FALSE)+ V61*(VLOOKUP($H57&";Volume",#REF!,W$1-2019,FALSE)-VLOOKUP($H57&";TauxRenouvellement",#REF!,W$1-2020,FALSE)*VLOOKUP($H57&";Volume",#REF!,W$1-2020,FALSE)))/ VLOOKUP($H57&";Volume",#REF!,W$1-2019,FALSE) -> #REF! | X61: =(6*VLOOKUP($H57&";TauxRenouvellement",#REF!,X$1-2020,FALSE)*VLOOKUP($H57&";Volume",#REF!,X$1-2020,FALSE)+ W61*(VLOOKUP($H57&";Volume",#REF!,X$1-2019,FALSE)-VLOOKUP($H57&";TauxRenouvellement",#REF!,X$1-2020,FALSE)*VLOOKUP($H57&";Volume",#REF!,X$1-2020,FALSE)))/ VLOOKUP($H57&";Volume",#REF!,X$1-2019,FALSE) -> #REF! | Y61: =(6*VLOOKUP($H57&";TauxRenouvellement",#REF!,Y$1-2020,FALSE)*VLOOKUP($H57&";Volume",#REF!,Y$1-2020,FALSE)+ X61*(VLOOKUP($H57&";Volume",#REF!,Y$1-2019,FALSE)-VLOOKUP($H57&";TauxRenouvellement",#REF!,Y$1-2020,FALSE)*VLOOKUP($H57&";Volume",#REF!,Y$1-2020,FALSE)))/ VLOOKUP($H57&";Volume",#REF!,Y$1-2019,FALSE) -> #REF! | ... AP61: =(6*VLOOKUP($H57&";TauxRenouvellement",#REF!,AP$1-2020,FALSE)*VLOOKUP($H57&";Volume",#REF!,AP$1-2020,FALSE)+ AO61*(VLOOKUP($H57&";Volume",#REF!,AP$1-2019,FALSE)-VLOOKUP($H57&";TauxRenouvellement",#REF!,AP$1-2020,FALSE)*VLOOKUP($H57&";Volume",#REF!,AP$1-2020,FALSE)))/ VLOOKUP($H57&";Volume",#REF!,AP$1-2019,FALSE) -> #REF!
A62: Fret routier | B62: Catégorie 6 | C62: Vignette Crit'Air | E62: =_xlfn.CONCAT("FretRout",LEFT(B62,3),RIGHT(B62,1),"CritAir") -> FretRoutCat6CritAir | F62: radio | G62: 1 | I62: 1 | K62: =I62 -> 1 | Q62: #REF! | R62: =(VLOOKUP($H57&";TauxRenouvellement",#REF!,R$1-2020,FALSE)*VLOOKUP($H57&";Volume",#REF!,R$1-2020,FALSE)+ Q62*(VLOOKUP($H57&";Volume",#REF!,R$1-2019,FALSE)-VLOOKUP($H57&";TauxRenouvellement",#REF!,R$1-2020,FALSE)*VLOOKUP($H57&";Volume",#REF!,R$1-2020,FALSE)))/ VLOOKUP($H57&";Volume",#REF!,R$1-2019,FALSE) -> #REF! | S62: =(VLOOKUP($H57&";TauxRenouvellement",#REF!,S$1-2020,FALSE)*VLOOKUP($H57&";Volume",#REF!,S$1-2020,FALSE)+ R62*(VLOOKUP($H57&";Volume",#REF!,S$1-2019,FALSE)-VLOOKUP($H57&";TauxRenouvellement",#REF!,S$1-2020,FALSE)*VLOOKUP($H57&";Volume",#REF!,S$1-2020,FALSE)))/ VLOOKUP($H57&";Volume",#REF!,S$1-2019,FALSE) -> #REF! | T62: =(VLOOKUP($H57&";TauxRenouvellement",#REF!,T$1-2020,FALSE)*VLOOKUP($H57&";Volume",#REF!,T$1-2020,FALSE)+ S62*(VLOOKUP($H57&";Volume",#REF!,T$1-2019,FALSE)-VLOOKUP($H57&";TauxRenouvellement",#REF!,T$1-2020,FALSE)*VLOOKUP($H57&";Volume",#REF!,T$1-2020,FALSE)))/ VLOOKUP($H57&";Volume",#REF!,T$1-2019,FALSE) -> #REF! | U62: =(VLOOKUP($H57&";TauxRenouvellement",#REF!,U$1-2020,FALSE)*VLOOKUP($H57&";Volume",#REF!,U$1-2020,FALSE)+ T62*(VLOOKUP($H57&";Volume",#REF!,U$1-2019,FALSE)-VLOOKUP($H57&";TauxRenouvellement",#REF!,U$1-2020,FALSE)*VLOOKUP($H57&";Volume",#REF!,U$1-2020,FALSE)))/ VLOOKUP($H57&";Volume",#REF!,U$1-2019,FALSE) -> #REF! | V62: =(VLOOKUP($H57&";TauxRenouvellement",#REF!,V$1-2020,FALSE)*VLOOKUP($H57&";Volume",#REF!,V$1-2020,FALSE)+ U62*(VLOOKUP($H57&";Volume",#REF!,V$1-2019,FALSE)-VLOOKUP($H57&";TauxRenouvellement",#REF!,V$1-2020,FALSE)*VLOOKUP($H57&";Volume",#REF!,V$1-2020,FALSE)))/ VLOOKUP($H57&";Volume",#REF!,V$1-2019,FALSE) -> #REF! | W62: =(VLOOKUP($H57&";TauxRenouvellement",#REF!,W$1-2020,FALSE)*VLOOKUP($H57&";Volume",#REF!,W$1-2020,FALSE)+ V62*(VLOOKUP($H57&";Volume",#REF!,W$1-2019,FALSE)-VLOOKUP($H57&";TauxRenouvellement",#REF!,W$1-2020,FALSE)*VLOOKUP($H57&";Volume",#REF!,W$1-2020,FALSE)))/ VLOOKUP($H57&";Volume",#REF!,W$1-2019,FALSE) -> #REF! | X62: =(VLOOKUP($H57&";TauxRenouvellement",#REF!,X$1-2020,FALSE)*VLOOKUP($H57&";Volume",#REF!,X$1-2020,FALSE)+ W62*(VLOOKUP($H57&";Volume",#REF!,X$1-2019,FALSE)-VLOOKUP($H57&";TauxRenouvellement",#REF!,X$1-2020,FALSE)*VLOOKUP($H57&";Volume",#REF!,X$1-2020,FALSE)))/ VLOOKUP($H57&";Volume",#REF!,X$1-2019,FALSE) -> #REF! | Y62: =(VLOOKUP($H57&";TauxRenouvellement",#REF!,Y$1-2020,FALSE)*VLOOKUP($H57&";Volume",#REF!,Y$1-2020,FALSE)+ X62*(VLOOKUP($H57&";Volume",#REF!,Y$1-2019,FALSE)-VLOOKUP($H57&";TauxRenouvellement",#REF!,Y$1-2020,FALSE)*VLOOKUP($H57&";Volume",#REF!,Y$1-2020,FALSE)))/ VLOOKUP($H57&";Volume",#REF!,Y$1-2019,FALSE) -> #REF! | ... AP62: =(VLOOKUP($H57&";TauxRenouvellement",#REF!,AP$1-2020,FALSE)*VLOOKUP($H57&";Volume",#REF!,AP$1-2020,FALSE)+ AO62*(VLOOKUP($H57&";Volume",#REF!,AP$1-2019,FALSE)-VLOOKUP($H57&";TauxRenouvellement",#REF!,AP$1-2020,FALSE)*VLOOKUP($H57&";Volume",#REF!,AP$1-2020,FALSE)))/ VLOOKUP($H57&";Volume",#REF!,AP$1-2019,FALSE) -> #REF!
A63: Fret routier | B63: Catégorie 6 | C63: Nombre de véhicules correspondants | E63: =_xlfn.CONCAT("FretRout",LEFT(B63,3),RIGHT(B63,1),"Nb") -> FretRoutCat6Nb | F63: number | G63: 1 | J63: véhicules | K63: 0
A64: Fret routier | B64: Catégorie 6 | C64: Ordre de grandeur de la distance parcourue annuellement (ensemble des véhicules renseignés pour la catégorie) | E64: =_xlfn.CONCAT("FretRout",LEFT(B64,3),RIGHT(B64,1),"Dist") -> FretRoutCat6Dist | F64: number | G64: 1 | J64: km | K64: 11201
A65: Fret routier | B65: Catégorie 6 | C65: Estimation du taux de remplissage moyen de ces véhicules | E65: =_xlfn.CONCAT("FretRout",LEFT(B65,3),RIGHT(B65,1),"Rempl") -> FretRoutCat6Rempl | F65: number | G65: 1 | J65: % | K65: 0
A66: Fret routier | B66: Catégorie 7 | C66: Nom de la catégorie de véhicules | E66: =_xlfn.CONCAT("FretRout",LEFT(B66,3),RIGHT(B66,1),"Nom") -> FretRoutCat7Nom | F66: text | G66: 1 | I66: VUL Essence <=3,5t (Crit'Air 2) | K66: =I66 -> VUL Essence <=3,5t (Crit'Air 2)
A67: Fret routier | B67: Catégorie 7 | C67: Type de véhicule | E67: =_xlfn.CONCAT("FretRout",LEFT(B67,3),RIGHT(B67,1),"Type") -> FretRoutCat7Type | F67: text | G67: 1 | I67: VUL | K67: =I67 -> VUL
A68: Fret routier | B68: Catégorie 7 | C68: PTAC | E68: =_xlfn.CONCAT("FretRout",LEFT(B68,3),RIGHT(B68,1),"PTAC") -> FretRoutCat7PTAC | F68: radio | G68: 1 | I68: <=3,5t | K68: =I68 -> <=3,5t
A69: Fret routier | B69: Catégorie 7 | C69: Motorisation | E69: =_xlfn.CONCAT("FretRout",LEFT(B69,3),RIGHT(B69,1),"Mot") -> FretRoutCat7Mot | F69: radio | G69: 1 | I69: Essence | K69: =I69 -> Essence
A70: Fret routier | B70: Catégorie 7 | C70: Carburant utilisé | E70: =_xlfn.CONCAT("FretRout",LEFT(B70,3),RIGHT(B70,1),"Carb") -> FretRoutCat7Carb | F70: radio | G70: 1 | I70: Essence à la pompe | K70: =I70 -> Essence à la pompe
A71: Fret routier | B71: Catégorie 7 | C71: Norme Euro | E71: =_xlfn.CONCAT("FretRout",LEFT(B71,3),RIGHT(B71,1),"Euro") -> FretRoutCat7Euro | F71: radio | G71: 1 | I71: 0 | K71: =I71 -> 0 | Q71: #REF! | R71: =(6*VLOOKUP($H67&";TauxRenouvellement",#REF!,R$1-2020,FALSE)*VLOOKUP($H67&";Volume",#REF!,R$1-2020,FALSE)+ Q71*(VLOOKUP($H67&";Volume",#REF!,R$1-2019,FALSE)-VLOOKUP($H67&";TauxRenouvellement",#REF!,R$1-2020,FALSE)*VLOOKUP($H67&";Volume",#REF!,R$1-2020,FALSE)))/ VLOOKUP($H67&";Volume",#REF!,R$1-2019,FALSE) -> #REF! | S71: =(6*VLOOKUP($H67&";TauxRenouvellement",#REF!,S$1-2020,FALSE)*VLOOKUP($H67&";Volume",#REF!,S$1-2020,FALSE)+ R71*(VLOOKUP($H67&";Volume",#REF!,S$1-2019,FALSE)-VLOOKUP($H67&";TauxRenouvellement",#REF!,S$1-2020,FALSE)*VLOOKUP($H67&";Volume",#REF!,S$1-2020,FALSE)))/ VLOOKUP($H67&";Volume",#REF!,S$1-2019,FALSE) -> #REF! | T71: =(6*VLOOKUP($H67&";TauxRenouvellement",#REF!,T$1-2020,FALSE)*VLOOKUP($H67&";Volume",#REF!,T$1-2020,FALSE)+ S71*(VLOOKUP($H67&";Volume",#REF!,T$1-2019,FALSE)-VLOOKUP($H67&";TauxRenouvellement",#REF!,T$1-2020,FALSE)*VLOOKUP($H67&";Volume",#REF!,T$1-2020,FALSE)))/ VLOOKUP($H67&";Volume",#REF!,T$1-2019,FALSE) -> #REF! | U71: =(6*VLOOKUP($H67&";TauxRenouvellement",#REF!,U$1-2020,FALSE)*VLOOKUP($H67&";Volume",#REF!,U$1-2020,FALSE)+ T71*(VLOOKUP($H67&";Volume",#REF!,U$1-2019,FALSE)-VLOOKUP($H67&";TauxRenouvellement",#REF!,U$1-2020,FALSE)*VLOOKUP($H67&";Volume",#REF!,U$1-2020,FALSE)))/ VLOOKUP($H67&";Volume",#REF!,U$1-2019,FALSE) -> #REF! | V71: =(6*VLOOKUP($H67&";TauxRenouvellement",#REF!,V$1-2020,FALSE)*VLOOKUP($H67&";Volume",#REF!,V$1-2020,FALSE)+ U71*(VLOOKUP($H67&";Volume",#REF!,V$1-2019,FALSE)-VLOOKUP($H67&";TauxRenouvellement",#REF!,V$1-2020,FALSE)*VLOOKUP($H67&";Volume",#REF!,V$1-2020,FALSE)))/ VLOOKUP($H67&";Volume",#REF!,V$1-2019,FALSE) -> #REF! | W71: =(6*VLOOKUP($H67&";TauxRenouvellement",#REF!,W$1-2020,FALSE)*VLOOKUP($H67&";Volume",#REF!,W$1-2020,FALSE)+ V71*(VLOOKUP($H67&";Volume",#REF!,W$1-2019,FALSE)-VLOOKUP($H67&";TauxRenouvellement",#REF!,W$1-2020,FALSE)*VLOOKUP($H67&";Volume",#REF!,W$1-2020,FALSE)))/ VLOOKUP($H67&";Volume",#REF!,W$1-2019,FALSE) -> #REF! | X71: =(6*VLOOKUP($H67&";TauxRenouvellement",#REF!,X$1-2020,FALSE)*VLOOKUP($H67&";Volume",#REF!,X$1-2020,FALSE)+ W71*(VLOOKUP($H67&";Volume",#REF!,X$1-2019,FALSE)-VLOOKUP($H67&";TauxRenouvellement",#REF!,X$1-2020,FALSE)*VLOOKUP($H67&";Volume",#REF!,X$1-2020,FALSE)))/ VLOOKUP($H67&";Volume",#REF!,X$1-2019,FALSE) -> #REF! | Y71: =(6*VLOOKUP($H67&";TauxRenouvellement",#REF!,Y$1-2020,FALSE)*VLOOKUP($H67&";Volume",#REF!,Y$1-2020,FALSE)+ X71*(VLOOKUP($H67&";Volume",#REF!,Y$1-2019,FALSE)-VLOOKUP($H67&";TauxRenouvellement",#REF!,Y$1-2020,FALSE)*VLOOKUP($H67&";Volume",#REF!,Y$1-2020,FALSE)))/ VLOOKUP($H67&";Volume",#REF!,Y$1-2019,FALSE) -> #REF! | ... AP71: =(6*VLOOKUP($H67&";TauxRenouvellement",#REF!,AP$1-2020,FALSE)*VLOOKUP($H67&";Volume",#REF!,AP$1-2020,FALSE)+ AO71*(VLOOKUP($H67&";Volume",#REF!,AP$1-2019,FALSE)-VLOOKUP($H67&";TauxRenouvellement",#REF!,AP$1-2020,FALSE)*VLOOKUP($H67&";Volume",#REF!,AP$1-2020,FALSE)))/ VLOOKUP($H67&";Volume",#REF!,AP$1-2019,FALSE) -> #REF!
A72: Fret routier | B72: Catégorie 7 | C72: Vignette Crit'Air | E72: =_xlfn.CONCAT("FretRout",LEFT(B72,3),RIGHT(B72,1),"CritAir") -> FretRoutCat7CritAir | F72: radio | G72: 1 | I72: 2 | K72: =I72 -> 2 | Q72: #REF! | R72: =(VLOOKUP($H67&";TauxRenouvellement",#REF!,R$1-2020,FALSE)*VLOOKUP($H67&";Volume",#REF!,R$1-2020,FALSE)+ Q72*(VLOOKUP($H67&";Volume",#REF!,R$1-2019,FALSE)-VLOOKUP($H67&";TauxRenouvellement",#REF!,R$1-2020,FALSE)*VLOOKUP($H67&";Volume",#REF!,R$1-2020,FALSE)))/ VLOOKUP($H67&";Volume",#REF!,R$1-2019,FALSE) -> #REF! | S72: =(VLOOKUP($H67&";TauxRenouvellement",#REF!,S$1-2020,FALSE)*VLOOKUP($H67&";Volume",#REF!,S$1-2020,FALSE)+ R72*(VLOOKUP($H67&";Volume",#REF!,S$1-2019,FALSE)-VLOOKUP($H67&";TauxRenouvellement",#REF!,S$1-2020,FALSE)*VLOOKUP($H67&";Volume",#REF!,S$1-2020,FALSE)))/ VLOOKUP($H67&";Volume",#REF!,S$1-2019,FALSE) -> #REF! | T72: =(VLOOKUP($H67&";TauxRenouvellement",#REF!,T$1-2020,FALSE)*VLOOKUP($H67&";Volume",#REF!,T$1-2020,FALSE)+ S72*(VLOOKUP($H67&";Volume",#REF!,T$1-2019,FALSE)-VLOOKUP($H67&";TauxRenouvellement",#REF!,T$1-2020,FALSE)*VLOOKUP($H67&";Volume",#REF!,T$1-2020,FALSE)))/ VLOOKUP($H67&";Volume",#REF!,T$1-2019,FALSE) -> #REF! | U72: =(VLOOKUP($H67&";TauxRenouvellement",#REF!,U$1-2020,FALSE)*VLOOKUP($H67&";Volume",#REF!,U$1-2020,FALSE)+ T72*(VLOOKUP($H67&";Volume",#REF!,U$1-2019,FALSE)-VLOOKUP($H67&";TauxRenouvellement",#REF!,U$1-2020,FALSE)*VLOOKUP($H67&";Volume",#REF!,U$1-2020,FALSE)))/ VLOOKUP($H67&";Volume",#REF!,U$1-2019,FALSE) -> #REF! | V72: =(VLOOKUP($H67&";TauxRenouvellement",#REF!,V$1-2020,FALSE)*VLOOKUP($H67&";Volume",#REF!,V$1-2020,FALSE)+ U72*(VLOOKUP($H67&";Volume",#REF!,V$1-2019,FALSE)-VLOOKUP($H67&";TauxRenouvellement",#REF!,V$1-2020,FALSE)*VLOOKUP($H67&";Volume",#REF!,V$1-2020,FALSE)))/ VLOOKUP($H67&";Volume",#REF!,V$1-2019,FALSE) -> #REF! | W72: =(VLOOKUP($H67&";TauxRenouvellement",#REF!,W$1-2020,FALSE)*VLOOKUP($H67&";Volume",#REF!,W$1-2020,FALSE)+ V72*(VLOOKUP($H67&";Volume",#REF!,W$1-2019,FALSE)-VLOOKUP($H67&";TauxRenouvellement",#REF!,W$1-2020,FALSE)*VLOOKUP($H67&";Volume",#REF!,W$1-2020,FALSE)))/ VLOOKUP($H67&";Volume",#REF!,W$1-2019,FALSE) -> #REF! | X72: =(VLOOKUP($H67&";TauxRenouvellement",#REF!,X$1-2020,FALSE)*VLOOKUP($H67&";Volume",#REF!,X$1-2020,FALSE)+ W72*(VLOOKUP($H67&";Volume",#REF!,X$1-2019,FALSE)-VLOOKUP($H67&";TauxRenouvellement",#REF!,X$1-2020,FALSE)*VLOOKUP($H67&";Volume",#REF!,X$1-2020,FALSE)))/ VLOOKUP($H67&";Volume",#REF!,X$1-2019,FALSE) -> #REF! | Y72: =(VLOOKUP($H67&";TauxRenouvellement",#REF!,Y$1-2020,FALSE)*VLOOKUP($H67&";Volume",#REF!,Y$1-2020,FALSE)+ X72*(VLOOKUP($H67&";Volume",#REF!,Y$1-2019,FALSE)-VLOOKUP($H67&";TauxRenouvellement",#REF!,Y$1-2020,FALSE)*VLOOKUP($H67&";Volume",#REF!,Y$1-2020,FALSE)))/ VLOOKUP($H67&";Volume",#REF!,Y$1-2019,FALSE) -> #REF! | ... AP72: =(VLOOKUP($H67&";TauxRenouvellement",#REF!,AP$1-2020,FALSE)*VLOOKUP($H67&";Volume",#REF!,AP$1-2020,FALSE)+ AO72*(VLOOKUP($H67&";Volume",#REF!,AP$1-2019,FALSE)-VLOOKUP($H67&";TauxRenouvellement",#REF!,AP$1-2020,FALSE)*VLOOKUP($H67&";Volume",#REF!,AP$1-2020,FALSE)))/ VLOOKUP($H67&";Volume",#REF!,AP$1-2019,FALSE) -> #REF!
A73: Fret routier | B73: Catégorie 7 | C73: Nombre de véhicules correspondants | E73: =_xlfn.CONCAT("FretRout",LEFT(B73,3),RIGHT(B73,1),"Nb") -> FretRoutCat7Nb | F73: number | G73: 1 | J73: véhicules | K73: 0
A74: Fret routier | B74: Catégorie 7 | C74: Ordre de grandeur de la distance parcourue annuellement (ensemble des véhicules renseignés pour la catégorie) | E74: =_xlfn.CONCAT("FretRout",LEFT(B74,3),RIGHT(B74,1),"Dist") -> FretRoutCat7Dist | F74: number | G74: 1 | J74: km | K74: 11201
A75: Fret routier | B75: Catégorie 7 | C75: Estimation du taux de remplissage moyen de ces véhicules | E75: =_xlfn.CONCAT("FretRout",LEFT(B75,3),RIGHT(B75,1),"Rempl") -> FretRoutCat7Rempl | F75: number | G75: 1 | J75: % | K75: 0
A76: Fret routier | B76: Catégorie 8 | C76: Nom de la catégorie de véhicules | E76: =_xlfn.CONCAT("FretRout",LEFT(B76,3),RIGHT(B76,1),"Nom") -> FretRoutCat8Nom | F76: text | G76: 1 | I76: VUL Essence <=3,5t (Crit'Air 3) | K76: =I76 -> VUL Essence <=3,5t (Crit'Air 3)
A77: Fret routier | B77: Catégorie 8 | C77: Type de véhicule | E77: =_xlfn.CONCAT("FretRout",LEFT(B77,3),RIGHT(B77,1),"Type") -> FretRoutCat8Type | F77: text | G77: 1 | I77: VUL | K77: =I77 -> VUL
A78: Fret routier | B78: Catégorie 8 | C78: PTAC | E78: =_xlfn.CONCAT("FretRout",LEFT(B78,3),RIGHT(B78,1),"PTAC") -> FretRoutCat8PTAC | F78: radio | G78: 1 | I78: <=3,5t | K78: =I78 -> <=3,5t
A79: Fret routier | B79: Catégorie 8 | C79: Motorisation | E79: =_xlfn.CONCAT("FretRout",LEFT(B79,3),RIGHT(B79,1),"Mot") -> FretRoutCat8Mot | F79: radio | G79: 1 | I79: Essence | K79: =I79 -> Essence
A80: Fret routier | B80: Catégorie 8 | C80: Carburant utilisé | E80: =_xlfn.CONCAT("FretRout",LEFT(B80,3),RIGHT(B80,1),"Carb") -> FretRoutCat8Carb | F80: radio | G80: 1 | I80: Essence à la pompe | K80: =I80 -> Essence à la pompe
A81: Fret routier | B81: Catégorie 8 | C81: Norme Euro | E81: =_xlfn.CONCAT("FretRout",LEFT(B81,3),RIGHT(B81,1),"Euro") -> FretRoutCat8Euro | F81: radio | G81: 1 | I81: 0 | K81: =I81 -> 0 | Q81: #REF! | R81: =(6*VLOOKUP($H77&";TauxRenouvellement",#REF!,R$1-2020,FALSE)*VLOOKUP($H77&";Volume",#REF!,R$1-2020,FALSE)+ Q81*(VLOOKUP($H77&";Volume",#REF!,R$1-2019,FALSE)-VLOOKUP($H77&";TauxRenouvellement",#REF!,R$1-2020,FALSE)*VLOOKUP($H77&";Volume",#REF!,R$1-2020,FALSE)))/ VLOOKUP($H77&";Volume",#REF!,R$1-2019,FALSE) -> #REF! | S81: =(6*VLOOKUP($H77&";TauxRenouvellement",#REF!,S$1-2020,FALSE)*VLOOKUP($H77&";Volume",#REF!,S$1-2020,FALSE)+ R81*(VLOOKUP($H77&";Volume",#REF!,S$1-2019,FALSE)-VLOOKUP($H77&";TauxRenouvellement",#REF!,S$1-2020,FALSE)*VLOOKUP($H77&";Volume",#REF!,S$1-2020,FALSE)))/ VLOOKUP($H77&";Volume",#REF!,S$1-2019,FALSE) -> #REF! | T81: =(6*VLOOKUP($H77&";TauxRenouvellement",#REF!,T$1-2020,FALSE)*VLOOKUP($H77&";Volume",#REF!,T$1-2020,FALSE)+ S81*(VLOOKUP($H77&";Volume",#REF!,T$1-2019,FALSE)-VLOOKUP($H77&";TauxRenouvellement",#REF!,T$1-2020,FALSE)*VLOOKUP($H77&";Volume",#REF!,T$1-2020,FALSE)))/ VLOOKUP($H77&";Volume",#REF!,T$1-2019,FALSE) -> #REF! | U81: =(6*VLOOKUP($H77&";TauxRenouvellement",#REF!,U$1-2020,FALSE)*VLOOKUP($H77&";Volume",#REF!,U$1-2020,FALSE)+ T81*(VLOOKUP($H77&";Volume",#REF!,U$1-2019,FALSE)-VLOOKUP($H77&";TauxRenouvellement",#REF!,U$1-2020,FALSE)*VLOOKUP($H77&";Volume",#REF!,U$1-2020,FALSE)))/ VLOOKUP($H77&";Volume",#REF!,U$1-2019,FALSE) -> #REF! | V81: =(6*VLOOKUP($H77&";TauxRenouvellement",#REF!,V$1-2020,FALSE)*VLOOKUP($H77&";Volume",#REF!,V$1-2020,FALSE)+ U81*(VLOOKUP($H77&";Volume",#REF!,V$1-2019,FALSE)-VLOOKUP($H77&";TauxRenouvellement",#REF!,V$1-2020,FALSE)*VLOOKUP($H77&";Volume",#REF!,V$1-2020,FALSE)))/ VLOOKUP($H77&";Volume",#REF!,V$1-2019,FALSE) -> #REF! | W81: =(6*VLOOKUP($H77&";TauxRenouvellement",#REF!,W$1-2020,FALSE)*VLOOKUP($H77&";Volume",#REF!,W$1-2020,FALSE)+ V81*(VLOOKUP($H77&";Volume",#REF!,W$1-2019,FALSE)-VLOOKUP($H77&";TauxRenouvellement",#REF!,W$1-2020,FALSE)*VLOOKUP($H77&";Volume",#REF!,W$1-2020,FALSE)))/ VLOOKUP($H77&";Volume",#REF!,W$1-2019,FALSE) -> #REF! | X81: =(6*VLOOKUP($H77&";TauxRenouvellement",#REF!,X$1-2020,FALSE)*VLOOKUP($H77&";Volume",#REF!,X$1-2020,FALSE)+ W81*(VLOOKUP($H77&";Volume",#REF!,X$1-2019,FALSE)-VLOOKUP($H77&";TauxRenouvellement",#REF!,X$1-2020,FALSE)*VLOOKUP($H77&";Volume",#REF!,X$1-2020,FALSE)))/ VLOOKUP($H77&";Volume",#REF!,X$1-2019,FALSE) -> #REF! | Y81: =(6*VLOOKUP($H77&";TauxRenouvellement",#REF!,Y$1-2020,FALSE)*VLOOKUP($H77&";Volume",#REF!,Y$1-2020,FALSE)+ X81*(VLOOKUP($H77&";Volume",#REF!,Y$1-2019,FALSE)-VLOOKUP($H77&";TauxRenouvellement",#REF!,Y$1-2020,FALSE)*VLOOKUP($H77&";Volume",#REF!,Y$1-2020,FALSE)))/ VLOOKUP($H77&";Volume",#REF!,Y$1-2019,FALSE) -> #REF! | ... AP81: =(6*VLOOKUP($H77&";TauxRenouvellement",#REF!,AP$1-2020,FALSE)*VLOOKUP($H77&";Volume",#REF!,AP$1-2020,FALSE)+ AO81*(VLOOKUP($H77&";Volume",#REF!,AP$1-2019,FALSE)-VLOOKUP($H77&";TauxRenouvellement",#REF!,AP$1-2020,FALSE)*VLOOKUP($H77&";Volume",#REF!,AP$1-2020,FALSE)))/ VLOOKUP($H77&";Volume",#REF!,AP$1-2019,FALSE) -> #REF!
A82: Fret routier | B82: Catégorie 8 | C82: Vignette Crit'Air | E82: =_xlfn.CONCAT("FretRout",LEFT(B82,3),RIGHT(B82,1),"CritAir") -> FretRoutCat8CritAir | F82: radio | G82: 1 | I82: 3 | K82: =I82 -> 3 | Q82: #REF! | R82: =(VLOOKUP($H77&";TauxRenouvellement",#REF!,R$1-2020,FALSE)*VLOOKUP($H77&";Volume",#REF!,R$1-2020,FALSE)+ Q82*(VLOOKUP($H77&";Volume",#REF!,R$1-2019,FALSE)-VLOOKUP($H77&";TauxRenouvellement",#REF!,R$1-2020,FALSE)*VLOOKUP($H77&";Volume",#REF!,R$1-2020,FALSE)))/ VLOOKUP($H77&";Volume",#REF!,R$1-2019,FALSE) -> #REF! | S82: =(VLOOKUP($H77&";TauxRenouvellement",#REF!,S$1-2020,FALSE)*VLOOKUP($H77&";Volume",#REF!,S$1-2020,FALSE)+ R82*(VLOOKUP($H77&";Volume",#REF!,S$1-2019,FALSE)-VLOOKUP($H77&";TauxRenouvellement",#REF!,S$1-2020,FALSE)*VLOOKUP($H77&";Volume",#REF!,S$1-2020,FALSE)))/ VLOOKUP($H77&";Volume",#REF!,S$1-2019,FALSE) -> #REF! | T82: =(VLOOKUP($H77&";TauxRenouvellement",#REF!,T$1-2020,FALSE)*VLOOKUP($H77&";Volume",#REF!,T$1-2020,FALSE)+ S82*(VLOOKUP($H77&";Volume",#REF!,T$1-2019,FALSE)-VLOOKUP($H77&";TauxRenouvellement",#REF!,T$1-2020,FALSE)*VLOOKUP($H77&";Volume",#REF!,T$1-2020,FALSE)))/ VLOOKUP($H77&";Volume",#REF!,T$1-2019,FALSE) -> #REF! | U82: =(VLOOKUP($H77&";TauxRenouvellement",#REF!,U$1-2020,FALSE)*VLOOKUP($H77&";Volume",#REF!,U$1-2020,FALSE)+ T82*(VLOOKUP($H77&";Volume",#REF!,U$1-2019,FALSE)-VLOOKUP($H77&";TauxRenouvellement",#REF!,U$1-2020,FALSE)*VLOOKUP($H77&";Volume",#REF!,U$1-2020,FALSE)))/ VLOOKUP($H77&";Volume",#REF!,U$1-2019,FALSE) -> #REF! | V82: =(VLOOKUP($H77&";TauxRenouvellement",#REF!,V$1-2020,FALSE)*VLOOKUP($H77&";Volume",#REF!,V$1-2020,FALSE)+ U82*(VLOOKUP($H77&";Volume",#REF!,V$1-2019,FALSE)-VLOOKUP($H77&";TauxRenouvellement",#REF!,V$1-2020,FALSE)*VLOOKUP($H77&";Volume",#REF!,V$1-2020,FALSE)))/ VLOOKUP($H77&";Volume",#REF!,V$1-2019,FALSE) -> #REF! | W82: =(VLOOKUP($H77&";TauxRenouvellement",#REF!,W$1-2020,FALSE)*VLOOKUP($H77&";Volume",#REF!,W$1-2020,FALSE)+ V82*(VLOOKUP($H77&";Volume",#REF!,W$1-2019,FALSE)-VLOOKUP($H77&";TauxRenouvellement",#REF!,W$1-2020,FALSE)*VLOOKUP($H77&";Volume",#REF!,W$1-2020,FALSE)))/ VLOOKUP($H77&";Volume",#REF!,W$1-2019,FALSE) -> #REF! | X82: =(VLOOKUP($H77&";TauxRenouvellement",#REF!,X$1-2020,FALSE)*VLOOKUP($H77&";Volume",#REF!,X$1-2020,FALSE)+ W82*(VLOOKUP($H77&";Volume",#REF!,X$1-2019,FALSE)-VLOOKUP($H77&";TauxRenouvellement",#REF!,X$1-2020,FALSE)*VLOOKUP($H77&";Volume",#REF!,X$1-2020,FALSE)))/ VLOOKUP($H77&";Volume",#REF!,X$1-2019,FALSE) -> #REF! | Y82: =(VLOOKUP($H77&";TauxRenouvellement",#REF!,Y$1-2020,FALSE)*VLOOKUP($H77&";Volume",#REF!,Y$1-2020,FALSE)+ X82*(VLOOKUP($H77&";Volume",#REF!,Y$1-2019,FALSE)-VLOOKUP($H77&";TauxRenouvellement",#REF!,Y$1-2020,FALSE)*VLOOKUP($H77&";Volume",#REF!,Y$1-2020,FALSE)))/ VLOOKUP($H77&";Volume",#REF!,Y$1-2019,FALSE) -> #REF! | ... AP82: =(VLOOKUP($H77&";TauxRenouvellement",#REF!,AP$1-2020,FALSE)*VLOOKUP($H77&";Volume",#REF!,AP$1-2020,FALSE)+ AO82*(VLOOKUP($H77&";Volume",#REF!,AP$1-2019,FALSE)-VLOOKUP($H77&";TauxRenouvellement",#REF!,AP$1-2020,FALSE)*VLOOKUP($H77&";Volume",#REF!,AP$1-2020,FALSE)))/ VLOOKUP($H77&";Volume",#REF!,AP$1-2019,FALSE) -> #REF!
A83: Fret routier | B83: Catégorie 8 | C83: Nombre de véhicules correspondants | E83: =_xlfn.CONCAT("FretRout",LEFT(B83,3),RIGHT(B83,1),"Nb") -> FretRoutCat8Nb | F83: number | G83: 1 | J83: véhicules | K83: 0
A84: Fret routier | B84: Catégorie 8 | C84: Ordre de grandeur de la distance parcourue annuellement (ensemble des véhicules renseignés pour la catégorie) | E84: =_xlfn.CONCAT("FretRout",LEFT(B84,3),RIGHT(B84,1),"Dist") -> FretRoutCat8Dist | F84: number | G84: 1 | J84: km | K84: 11201
A85: Fret routier | B85: Catégorie 8 | C85: Estimation du taux de remplissage moyen de ces véhicules | E85: =_xlfn.CONCAT("FretRout",LEFT(B85,3),RIGHT(B85,1),"Rempl") -> FretRoutCat8Rempl | F85: number | G85: 1 | J85: % | K85: 0
A86: Fret routier | B86: Catégorie 9 | C86: Nom de la catégorie de véhicules | E86: =_xlfn.CONCAT("FretRout",LEFT(B86,3),RIGHT(B86,1),"Nom") -> FretRoutCat9Nom | F86: text | G86: 1 | I86: VUL Gaz (GNC) (Crit'Air 1) | K86: =I86 -> VUL Gaz (GNC) (Crit'Air 1)
A87: Fret routier | B87: Catégorie 9 | C87: Type de véhicule | E87: =_xlfn.CONCAT("FretRout",LEFT(B87,3),RIGHT(B87,1),"Type") -> FretRoutCat9Type | F87: text | G87: 1 | I87: VUL | K87: =I87 -> VUL
A88: Fret routier | B88: Catégorie 9 | C88: PTAC | E88: =_xlfn.CONCAT("FretRout",LEFT(B88,3),RIGHT(B88,1),"PTAC") -> FretRoutCat9PTAC | F88: radio | G88: 1 | I88: <=3,5t | K88: =I88 -> <=3,5t
A89: Fret routier | B89: Catégorie 9 | C89: Motorisation | E89: =_xlfn.CONCAT("FretRout",LEFT(B89,3),RIGHT(B89,1),"Mot") -> FretRoutCat9Mot | F89: radio | G89: 1 | I89: Gaz (GNC) | K89: =I89 -> Gaz (GNC)
A90: Fret routier | B90: Catégorie 9 | C90: Carburant utilisé | E90: =_xlfn.CONCAT("FretRout",LEFT(B90,3),RIGHT(B90,1),"Carb") -> FretRoutCat9Carb | F90: radio | G90: 1 | I90: 0 | K90: =I90 -> 0
A91: Fret routier | B91: Catégorie 9 | C91: Norme Euro | E91: =_xlfn.CONCAT("FretRout",LEFT(B91,3),RIGHT(B91,1),"Euro") -> FretRoutCat9Euro | F91: radio | G91: 1 | I91: 0 | K91: =I91 -> 0 | Q91: #REF! | R91: =(6*VLOOKUP($H87&";TauxRenouvellement",#REF!,R$1-2020,FALSE)*VLOOKUP($H87&";Volume",#REF!,R$1-2020,FALSE)+ Q91*(VLOOKUP($H87&";Volume",#REF!,R$1-2019,FALSE)-VLOOKUP($H87&";TauxRenouvellement",#REF!,R$1-2020,FALSE)*VLOOKUP($H87&";Volume",#REF!,R$1-2020,FALSE)))/ VLOOKUP($H87&";Volume",#REF!,R$1-2019,FALSE) -> #REF! | S91: =(6*VLOOKUP($H87&";TauxRenouvellement",#REF!,S$1-2020,FALSE)*VLOOKUP($H87&";Volume",#REF!,S$1-2020,FALSE)+ R91*(VLOOKUP($H87&";Volume",#REF!,S$1-2019,FALSE)-VLOOKUP($H87&";TauxRenouvellement",#REF!,S$1-2020,FALSE)*VLOOKUP($H87&";Volume",#REF!,S$1-2020,FALSE)))/ VLOOKUP($H87&";Volume",#REF!,S$1-2019,FALSE) -> #REF! | T91: =(6*VLOOKUP($H87&";TauxRenouvellement",#REF!,T$1-2020,FALSE)*VLOOKUP($H87&";Volume",#REF!,T$1-2020,FALSE)+ S91*(VLOOKUP($H87&";Volume",#REF!,T$1-2019,FALSE)-VLOOKUP($H87&";TauxRenouvellement",#REF!,T$1-2020,FALSE)*VLOOKUP($H87&";Volume",#REF!,T$1-2020,FALSE)))/ VLOOKUP($H87&";Volume",#REF!,T$1-2019,FALSE) -> #REF! | U91: =(6*VLOOKUP($H87&";TauxRenouvellement",#REF!,U$1-2020,FALSE)*VLOOKUP($H87&";Volume",#REF!,U$1-2020,FALSE)+ T91*(VLOOKUP($H87&";Volume",#REF!,U$1-2019,FALSE)-VLOOKUP($H87&";TauxRenouvellement",#REF!,U$1-2020,FALSE)*VLOOKUP($H87&";Volume",#REF!,U$1-2020,FALSE)))/ VLOOKUP($H87&";Volume",#REF!,U$1-2019,FALSE) -> #REF! | V91: =(6*VLOOKUP($H87&";TauxRenouvellement",#REF!,V$1-2020,FALSE)*VLOOKUP($H87&";Volume",#REF!,V$1-2020,FALSE)+ U91*(VLOOKUP($H87&";Volume",#REF!,V$1-2019,FALSE)-VLOOKUP($H87&";TauxRenouvellement",#REF!,V$1-2020,FALSE)*VLOOKUP($H87&";Volume",#REF!,V$1-2020,FALSE)))/ VLOOKUP($H87&";Volume",#REF!,V$1-2019,FALSE) -> #REF! | W91: =(6*VLOOKUP($H87&";TauxRenouvellement",#REF!,W$1-2020,FALSE)*VLOOKUP($H87&";Volume",#REF!,W$1-2020,FALSE)+ V91*(VLOOKUP($H87&";Volume",#REF!,W$1-2019,FALSE)-VLOOKUP($H87&";TauxRenouvellement",#REF!,W$1-2020,FALSE)*VLOOKUP($H87&";Volume",#REF!,W$1-2020,FALSE)))/ VLOOKUP($H87&";Volume",#REF!,W$1-2019,FALSE) -> #REF! | X91: =(6*VLOOKUP($H87&";TauxRenouvellement",#REF!,X$1-2020,FALSE)*VLOOKUP($H87&";Volume",#REF!,X$1-2020,FALSE)+ W91*(VLOOKUP($H87&";Volume",#REF!,X$1-2019,FALSE)-VLOOKUP($H87&";TauxRenouvellement",#REF!,X$1-2020,FALSE)*VLOOKUP($H87&";Volume",#REF!,X$1-2020,FALSE)))/ VLOOKUP($H87&";Volume",#REF!,X$1-2019,FALSE) -> #REF! | Y91: =(6*VLOOKUP($H87&";TauxRenouvellement",#REF!,Y$1-2020,FALSE)*VLOOKUP($H87&";Volume",#REF!,Y$1-2020,FALSE)+ X91*(VLOOKUP($H87&";Volume",#REF!,Y$1-2019,FALSE)-VLOOKUP($H87&";TauxRenouvellement",#REF!,Y$1-2020,FALSE)*VLOOKUP($H87&";Volume",#REF!,Y$1-2020,FALSE)))/ VLOOKUP($H87&";Volume",#REF!,Y$1-2019,FALSE) -> #REF! | ... AP91: =(6*VLOOKUP($H87&";TauxRenouvellement",#REF!,AP$1-2020,FALSE)*VLOOKUP($H87&";Volume",#REF!,AP$1-2020,FALSE)+ AO91*(VLOOKUP($H87&";Volume",#REF!,AP$1-2019,FALSE)-VLOOKUP($H87&";TauxRenouvellement",#REF!,AP$1-2020,FALSE)*VLOOKUP($H87&";Volume",#REF!,AP$1-2020,FALSE)))/ VLOOKUP($H87&";Volume",#REF!,AP$1-2019,FALSE) -> #REF!
A92: Fret routier | B92: Catégorie 9 | C92: Vignette Crit'Air | E92: =_xlfn.CONCAT("FretRout",LEFT(B92,3),RIGHT(B92,1),"CritAir") -> FretRoutCat9CritAir | F92: radio | G92: 1 | I92: 1 | K92: =I92 -> 1 | Q92: #REF! | R92: =(VLOOKUP($H87&";TauxRenouvellement",#REF!,R$1-2020,FALSE)*VLOOKUP($H87&";Volume",#REF!,R$1-2020,FALSE)+ Q92*(VLOOKUP($H87&";Volume",#REF!,R$1-2019,FALSE)-VLOOKUP($H87&";TauxRenouvellement",#REF!,R$1-2020,FALSE)*VLOOKUP($H87&";Volume",#REF!,R$1-2020,FALSE)))/ VLOOKUP($H87&";Volume",#REF!,R$1-2019,FALSE) -> #REF! | S92: =(VLOOKUP($H87&";TauxRenouvellement",#REF!,S$1-2020,FALSE)*VLOOKUP($H87&";Volume",#REF!,S$1-2020,FALSE)+ R92*(VLOOKUP($H87&";Volume",#REF!,S$1-2019,FALSE)-VLOOKUP($H87&";TauxRenouvellement",#REF!,S$1-2020,FALSE)*VLOOKUP($H87&";Volume",#REF!,S$1-2020,FALSE)))/ VLOOKUP($H87&";Volume",#REF!,S$1-2019,FALSE) -> #REF! | T92: =(VLOOKUP($H87&";TauxRenouvellement",#REF!,T$1-2020,FALSE)*VLOOKUP($H87&";Volume",#REF!,T$1-2020,FALSE)+ S92*(VLOOKUP($H87&";Volume",#REF!,T$1-2019,FALSE)-VLOOKUP($H87&";TauxRenouvellement",#REF!,T$1-2020,FALSE)*VLOOKUP($H87&";Volume",#REF!,T$1-2020,FALSE)))/ VLOOKUP($H87&";Volume",#REF!,T$1-2019,FALSE) -> #REF! | U92: =(VLOOKUP($H87&";TauxRenouvellement",#REF!,U$1-2020,FALSE)*VLOOKUP($H87&";Volume",#REF!,U$1-2020,FALSE)+ T92*(VLOOKUP($H87&";Volume",#REF!,U$1-2019,FALSE)-VLOOKUP($H87&";TauxRenouvellement",#REF!,U$1-2020,FALSE)*VLOOKUP($H87&";Volume",#REF!,U$1-2020,FALSE)))/ VLOOKUP($H87&";Volume",#REF!,U$1-2019,FALSE) -> #REF! | V92: =(VLOOKUP($H87&";TauxRenouvellement",#REF!,V$1-2020,FALSE)*VLOOKUP($H87&";Volume",#REF!,V$1-2020,FALSE)+ U92*(VLOOKUP($H87&";Volume",#REF!,V$1-2019,FALSE)-VLOOKUP($H87&";TauxRenouvellement",#REF!,V$1-2020,FALSE)*VLOOKUP($H87&";Volume",#REF!,V$1-2020,FALSE)))/ VLOOKUP($H87&";Volume",#REF!,V$1-2019,FALSE) -> #REF! | W92: =(VLOOKUP($H87&";TauxRenouvellement",#REF!,W$1-2020,FALSE)*VLOOKUP($H87&";Volume",#REF!,W$1-2020,FALSE)+ V92*(VLOOKUP($H87&";Volume",#REF!,W$1-2019,FALSE)-VLOOKUP($H87&";TauxRenouvellement",#REF!,W$1-2020,FALSE)*VLOOKUP($H87&";Volume",#REF!,W$1-2020,FALSE)))/ VLOOKUP($H87&";Volume",#REF!,W$1-2019,FALSE) -> #REF! | X92: =(VLOOKUP($H87&";TauxRenouvellement",#REF!,X$1-2020,FALSE)*VLOOKUP($H87&";Volume",#REF!,X$1-2020,FALSE)+ W92*(VLOOKUP($H87&";Volume",#REF!,X$1-2019,FALSE)-VLOOKUP($H87&";TauxRenouvellement",#REF!,X$1-2020,FALSE)*VLOOKUP($H87&";Volume",#REF!,X$1-2020,FALSE)))/ VLOOKUP($H87&";Volume",#REF!,X$1-2019,FALSE) -> #REF! | Y92: =(VLOOKUP($H87&";TauxRenouvellement",#REF!,Y$1-2020,FALSE)*VLOOKUP($H87&";Volume",#REF!,Y$1-2020,FALSE)+ X92*(VLOOKUP($H87&";Volume",#REF!,Y$1-2019,FALSE)-VLOOKUP($H87&";TauxRenouvellement",#REF!,Y$1-2020,FALSE)*VLOOKUP($H87&";Volume",#REF!,Y$1-2020,FALSE)))/ VLOOKUP($H87&";Volume",#REF!,Y$1-2019,FALSE) -> #REF! | ... AP92: =(VLOOKUP($H87&";TauxRenouvellement",#REF!,AP$1-2020,FALSE)*VLOOKUP($H87&";Volume",#REF!,AP$1-2020,FALSE)+ AO92*(VLOOKUP($H87&";Volume",#REF!,AP$1-2019,FALSE)-VLOOKUP($H87&";TauxRenouvellement",#REF!,AP$1-2020,FALSE)*VLOOKUP($H87&";Volume",#REF!,AP$1-2020,FALSE)))/ VLOOKUP($H87&";Volume",#REF!,AP$1-2019,FALSE) -> #REF!
A93: Fret routier | B93: Catégorie 9 | C93: Nombre de véhicules correspondants | E93: =_xlfn.CONCAT("FretRout",LEFT(B93,3),RIGHT(B93,1),"Nb") -> FretRoutCat9Nb | F93: number | G93: 1 | J93: véhicules | K93: 0
A94: Fret routier | B94: Catégorie 9 | C94: Ordre de grandeur de la distance parcourue annuellement (ensemble des véhicules renseignés pour la catégorie) | E94: =_xlfn.CONCAT("FretRout",LEFT(B94,3),RIGHT(B94,1),"Dist") -> FretRoutCat9Dist | F94: number | G94: 1 | J94: km | K94: 11205
A95: Fret routier | B95: Catégorie 9 | C95: Estimation du taux de remplissage moyen de ces véhicules | E95: =_xlfn.CONCAT("FretRout",LEFT(B95,3),RIGHT(B95,1),"Rempl") -> FretRoutCat9Rempl | F95: number | G95: 1 | J95: % | K95: 0
A96: Fret routier | B96: Catégorie 10 | C96: Nom de la catégorie de véhicules | E96: =_xlfn.CONCAT("FretRout",LEFT(B96,3),RIGHT(B96,2),"Nom") -> FretRoutCat10Nom | F96: text | G96: 1 | I96: PL Electrique <=7.5t (Crit'Air E) | K96: =I96 -> PL Electrique <=7.5t (Crit'Air E)
A97: Fret routier | B97: Catégorie 10 | C97: Type de véhicule | E97: =_xlfn.CONCAT("FretRout",LEFT(B97,3),RIGHT(B97,2),"Type") -> FretRoutCat10Type | F97: text | G97: 1 | I97: PL | K97: =I97 -> PL
A98: Fret routier | B98: Catégorie 10 | C98: PTAC | E98: =_xlfn.CONCAT("FretRout",LEFT(B98,3),RIGHT(B98,2),"PTAC") -> FretRoutCat10PTAC | F98: radio | G98: 1 | I98: <=7.5t | K98: =I98 -> <=7.5t
A99: Fret routier | B99: Catégorie 10 | C99: Motorisation | E99: =_xlfn.CONCAT("FretRout",LEFT(B99,3),RIGHT(B99,2),"Mot") -> FretRoutCat10Mot | F99: radio | G99: 1 | I99: Electrique | K99: =I99 -> Electrique
A100: Fret routier | B100: Catégorie 10 | C100: Carburant utilisé | E100: =_xlfn.CONCAT("FretRout",LEFT(B100,3),RIGHT(B100,2),"Carb") -> FretRoutCat10Carb | F100: radio | G100: 1 | I100: 0 | K100: =I100 -> 0
...

Sheet Remplissage - Sit. Expost
A1: Catégorie | B1: Sous-catégorie | C1: Titre | D1: Description | E1: Nom de la variable | F1: Type | G1: Affichage | H1: Valeur | I1: Valeurs possibles | J1: Unité | K1: Valeur par défaut | L1: Commentaire | M1: Action(s) liée(s) | N1: Affichage à la création
A2: Données de base | C2: Année de remplissage des données | E2: AnneeRempl | F2: number | G2: 1 | H2: 2028 | N2: 1
A3: Données de base | C3: Nom du territoire | E3: NomTerr | F3: text | G3: 0 | H3: Nantes Métropole;Communauté de communes du Gâtinais en Bourgogne;Communauté de communes du Vexin-Val de Seine | K3: Nantes Métropole;Communauté de communes du Gâtinais en Bourgogne;Communauté de communes du Vexin-Val de Seine | N3: 1
A4: Données de base | C4: SIREN territoire | E4: SIRENTerr | F4: number | G4: 0 | H4: 999999999
A5: Données de base | C5: Nombre d'habitants | E5: NbHabTerr | F5: number | G5: 1 | J5: hab | K5: #REF!
A6: Données de base | C6: Nombre de ménages | E6: NbMenTerr | F6: number | G6: 1 | J6: ménages | K6: #REF!
A7: Données de base | C7: Superficie | E7: SupTerr | F7: number | G7: 1 | J7: km² | K7: #REF!
A8: Données de base | C8: Typologie de territoire | E8: TypoTerr | F8: radio | G8: 0 | I8: Territoire polarisé autour d'une commune centre,Territoire polarisé autour de plusieurs communes
A9: Données de base | C9: Nombre de communes "pôles" | E9: NbPolesTerr | F9: number | G9: =IF(H8="Territoire polarisé autour de plusieurs communes",1,0) -> 0 | H9: 0 | J9: pôles
A10: Données de base | C10: Nombre d'habitants dans la commune pôle n°1 | E10: NbHabPole1 | F10: number | G10: 1 | J10: hab
A11: Données de base | C11: Nombre d'habitants dans la commune pôle n°2 | E11: NbHabPole2 | F11: number | G11: =IF($H$9>1,1,0) -> 0 | J11: hab
A12: Données de base | C12: Nombre d'habitants dans la commune pôle n°3 | E12: NbHabPole3 | F12: number | G12: =IF($H$9>2,1,0) -> 0 | J12: hab
A13: Données de base | C13: Nombre d'habitants dans la commune pôle n°4 | E13: NbHabPole4 | F13: number | G13: =IF($H$9>3,1,0) -> 0 | J13: hab
A14: Données de base | C14: Nombre d'habitants dans la commune pôle n°5 | E14: NbHabPole5 | F14: number | G14: =IF($H$9>4,1,0) -> 0 | J14: hab
A15: Données de base | C15: Possibilité et intention de développement du fret fluvial ? | E15: FretFluv | F15: radio | G15: 0 | H15: Oui | I15: Oui,Non
A16: Données de base | C16: Possibilité et intention de développement du fret ferroviaire ? | E16: FretFerr | F16: radio | G16: 0 | H16: Oui | I16: Oui,Non
A17: Données de base | C17: Sélectionnez les actions du catalogue d'actions InTerLUD+ se rapprochant d'actions dont la mise en œuvre avait commencé en amont de l'engagement de votre territoire dans la démarche InTerLUD+ | E17: ActionsAutres | F17: checkbox | G17: 0 | H17: A1,A2,A3,B1,B3,B4,B5,C1,C2,C3,C4,C5,C6,C7,C8,C9 | I17: A1,A2,A3,B1,B2,B3,B4,B5,C1,C2,C3,C4,C5,C6,C7,C8,C9 | N17: 1
A18: Données de base | C18: Sélectionnez les actions du catalogue d'actions InTerLUD+ se rapprochant d'actions inscrites dans votre charte | E18: ActionsCharte | F18: checkbox | G18: 0 | H18: A1,A2,A3,B1,B3,B4,B5,C1,C2,C3,C4,C5,C6,C7,C8,C9 | I18: A1,A2,A3,B1,B2,B3,B4,B5,C1,C2,C3,C4,C5,C6,C7,C8,C9 | N18: 1
A19: Données de production/consommation d'énergie | C19: Y-a-t-il une ou plusieurs stations d'avitaillement GNV sur votre territoire ? | E19: GNV | F19: radio | G19: 1 | H19: Oui | I19: Oui,Non
A20: Données de production/consommation d'énergie | C20: Quelle est la part de bioGNV dans le GNV distribué dans cette ou ces stations d'avitaillement ? | E20: bioGNV | F20: number | G20: =IF(H19="Oui",1,0) -> 1 | H20: 1 | J20: %
A21: Données de production/consommation d'énergie | C21: Y-a-t-il une ou plusieurs stations d'avitaillement hydrogène sur votre territoire ? | E21: H2 | F21: radio | G21: 1 | H21: Oui | I21: Oui,Non
A22: Données de production/consommation d'énergie | C22: Origine de l'hydrogène utilisé | E22: H2Vert | F22: number | G22: =IF(H21="Oui",1,0) -> 1 | H22: Hydrogène produit à partir d'électricité renouvelable | I22: Hydrogène produit à partir d'électricité renouvelable,Hydrogène produit à partir de biométhane,Hydrogène produit à partir de ressources fossiles
A23: Fret routier | B23: Catégorie 1 | C23: Nom de la catégorie de véhicules | E23: =_xlfn.CONCAT("FretRout",LEFT(B23,3),RIGHT(B23,1),"Nom") -> FretRoutCat1Nom | F23: text | G23: 1 | I23: VUL Electrique (Crit'Air E) | K23: =I23 -> VUL Electrique (Crit'Air E)
A24: Fret routier | B24: Catégorie 1 | C24: Type de véhicule | E24: =_xlfn.CONCAT("FretRout",LEFT(B24,3),RIGHT(B24,1),"Type") -> FretRoutCat1Type | F24: text | G24: 1 | I24: VUL | K24: =I24 -> VUL
A25: Fret routier | B25: Catégorie 1 | C25: PTAC | E25: =_xlfn.CONCAT("FretRout",LEFT(B25,3),RIGHT(B25,1),"PTAC") -> FretRoutCat1PTAC | F25: radio | G25: 1 | I25: <=3,5t | K25: =I25 -> <=3,5t
A26: Fret routier | B26: Catégorie 1 | C26: Motorisation | E26: =_xlfn.CONCAT("FretRout",LEFT(B26,3),RIGHT(B26,1),"Mot") -> FretRoutCat1Mot | F26: radio | G26: 1 | I26: Electrique | K26: =I26 -> Electrique
A27: Fret routier | B27: Catégorie 1 | C27: Carburant utilisé | E27: =_xlfn.CONCAT("FretRout",LEFT(B27,3),RIGHT(B27,1),"Carb") -> FretRoutCat1Carb | F27: radio | G27: 1 | I27: - | K27: =I27 -> -
A28: Fret routier | B28: Catégorie 1 | C28: Norme Euro | E28: =_xlfn.CONCAT("FretRout",LEFT(B28,3),RIGHT(B28,1),"Euro") -> FretRoutCat1Euro | F28: radio | G28: 1 | I28: 0 | K28: =I28 -> 0
A29: Fret routier | B29: Catégorie 1 | C29: Vignette Crit'Air | E29: =_xlfn.CONCAT("FretRout",LEFT(B29,3),RIGHT(B29,1),"CritAir") -> FretRoutCat1CritAir | F29: radio | G29: 1 | I29: E | K29: =I29 -> E
A30: Fret routier | B30: Catégorie 1 | C30: Nombre de véhicules correspondants | E30: =_xlfn.CONCAT("FretRout",LEFT(B30,3),RIGHT(B30,1),"Nb") -> FretRoutCat1Nb | F30: number | G30: 1 | J30: véhicules | K30: 0
A31: Fret routier | B31: Catégorie 1 | C31: Ordre de grandeur de la distance parcourue annuellement (ensemble des véhicules renseignés pour la catégorie) | E31: =_xlfn.CONCAT("FretRout",LEFT(B31,3),RIGHT(B31,1),"Dist") -> FretRoutCat1Dist | F31: number | G31: 1 | J31: km | K31: 7694
A32: Fret routier | B32: Catégorie 1 | C32: Estimation du taux de remplissage moyen de ces véhicules | E32: =_xlfn.CONCAT("FretRout",LEFT(B32,3),RIGHT(B32,1),"Rempl") -> FretRoutCat1Rempl | F32: number | G32: 1 | J32: % | K32: 0
A33: Fret routier | B33: Catégorie 2 | C33: Nom de la catégorie de véhicules | E33: =_xlfn.CONCAT("FretRout",LEFT(B33,3),RIGHT(B33,1),"Nom") -> FretRoutCat2Nom | F33: text | G33: 1 | I33: VUL Diesel (Crit'Air 2) | K33: =I33 -> VUL Diesel (Crit'Air 2)
A34: Fret routier | B34: Catégorie 2 | C34: Type de véhicule | E34: =_xlfn.CONCAT("FretRout",LEFT(B34,3),RIGHT(B34,1),"Type") -> FretRoutCat2Type | F34: text | G34: 1 | I34: VUL | K34: =I34 -> VUL
A35: Fret routier | B35: Catégorie 2 | C35: PTAC | E35: =_xlfn.CONCAT("FretRout",LEFT(B35,3),RIGHT(B35,1),"PTAC") -> FretRoutCat2PTAC | F35: radio | G35: 1 | I35: <=3,5t | K35: =I35 -> <=3,5t
A36: Fret routier | B36: Catégorie 2 | C36: Motorisation | E36: =_xlfn.CONCAT("FretRout",LEFT(B36,3),RIGHT(B36,1),"Mot") -> FretRoutCat2Mot | F36: radio | G36: 1 | I36: Diesel | K36: =I36 -> Diesel
A37: Fret routier | B37: Catégorie 2 | C37: Carburant utilisé | E37: =_xlfn.CONCAT("FretRout",LEFT(B37,3),RIGHT(B37,1),"Carb") -> FretRoutCat2Carb | F37: radio | G37: 1 | I37: Gazole à la pompe | K37: =I37 -> Gazole à la pompe
A38: Fret routier | B38: Catégorie 2 | C38: Norme Euro | E38: =_xlfn.CONCAT("FretRout",LEFT(B38,3),RIGHT(B38,1),"Euro") -> FretRoutCat2Euro | F38: radio | G38: 1 | I38: 0 | K38: =I38 -> 0
A39: Fret routier | B39: Catégorie 2 | C39: Vignette Crit'Air | E39: =_xlfn.CONCAT("FretRout",LEFT(B39,3),RIGHT(B39,1),"CritAir") -> FretRoutCat2CritAir | F39: radio | G39: 1 | I39: 2 | K39: =I39 -> 2
A40: Fret routier | B40: Catégorie 2 | C40: Nombre de véhicules correspondants | E40: =_xlfn.CONCAT("FretRout",LEFT(B40,3),RIGHT(B40,1),"Nb") -> FretRoutCat2Nb | F40: number | G40: 1 | J40: véhicules | K40: 0
A41: Fret routier | B41: Catégorie 2 | C41: Ordre de grandeur de la distance parcourue annuellement (ensemble des véhicules renseignés pour la catégorie) | E41: =_xlfn.CONCAT("FretRout",LEFT(B41,3),RIGHT(B41,1),"Dist") -> FretRoutCat2Dist | F41: number | G41: 1 | J41: km | K41: 17855
A42: Fret routier | B42: Catégorie 2 | C42: Estimation du taux de remplissage moyen de ces véhicules | E42: =_xlfn.CONCAT("FretRout",LEFT(B42,3),RIGHT(B42,1),"Rempl") -> FretRoutCat2Rempl | F42: number | G42: 1 | J42: % | K42: 0
A43: Fret routier | B43: Catégorie 3 | C43: Nom de la catégorie de véhicules | E43: =_xlfn.CONCAT("FretRout",LEFT(B43,3),RIGHT(B43,1),"Nom") -> FretRoutCat3Nom | F43: text | G43: 1 | I43: VUL Diesel (Crit'Air 3) | K43: =I43 -> VUL Diesel (Crit'Air 3)
A44: Fret routier | B44: Catégorie 3 | C44: Type de véhicule | E44: =_xlfn.CONCAT("FretRout",LEFT(B44,3),RIGHT(B44,1),"Type") -> FretRoutCat3Type | F44: text | G44: 1 | I44: VUL | K44: =I44 -> VUL
A45: Fret routier | B45: Catégorie 3 | C45: PTAC | E45: =_xlfn.CONCAT("FretRout",LEFT(B45,3),RIGHT(B45,1),"PTAC") -> FretRoutCat3PTAC | F45: radio | G45: 1 | I45: <=3,5t | K45: =I45 -> <=3,5t
A46: Fret routier | B46: Catégorie 3 | C46: Motorisation | E46: =_xlfn.CONCAT("FretRout",LEFT(B46,3),RIGHT(B46,1),"Mot") -> FretRoutCat3Mot | F46: radio | G46: 1 | I46: Diesel | K46: =I46 -> Diesel
A47: Fret routier | B47: Catégorie 3 | C47: Carburant utilisé | E47: =_xlfn.CONCAT("FretRout",LEFT(B47,3),RIGHT(B47,1),"Carb") -> FretRoutCat3Carb | F47: radio | G47: 1 | I47: Gazole à la pompe | K47: =I47 -> Gazole à la pompe
A48: Fret routier | B48: Catégorie 3 | C48: Norme Euro | E48: =_xlfn.CONCAT("FretRout",LEFT(B48,3),RIGHT(B48,1),"Euro") -> FretRoutCat3Euro | F48: radio | G48: 1 | I48: 0 | K48: =I48 -> 0
A49: Fret routier | B49: Catégorie 3 | C49: Vignette Crit'Air | E49: =_xlfn.CONCAT("FretRout",LEFT(B49,3),RIGHT(B49,1),"CritAir") -> FretRoutCat3CritAir | F49: radio | G49: 1 | I49: 3 | K49: =I49 -> 3
A50: Fret routier | B50: Catégorie 3 | C50: Nombre de véhicules correspondants | E50: =_xlfn.CONCAT("FretRout",LEFT(B50,3),RIGHT(B50,1),"Nb") -> FretRoutCat3Nb | F50: number | G50: 1 | J50: véhicules | K50: 0
A51: Fret routier | B51: Catégorie 3 | C51: Ordre de grandeur de la distance parcourue annuellement (ensemble des véhicules renseignés pour la catégorie) | E51: =_xlfn.CONCAT("FretRout",LEFT(B51,3),RIGHT(B51,1),"Dist") -> FretRoutCat3Dist | F51: number | G51: 1 | J51: km | K51: 17855
A52: Fret routier | B52: Catégorie 3 | C52: Estimation du taux de remplissage moyen de ces véhicules | E52: =_xlfn.CONCAT("FretRout",LEFT(B52,3),RIGHT(B52,1),"Rempl") -> FretRoutCat3Rempl | F52: number | G52: 1 | J52: % | K52: 0
A53: Fret routier | B53: Catégorie 4 | C53: Nom de la catégorie de véhicules | E53: =_xlfn.CONCAT("FretRout",LEFT(B53,3),RIGHT(B53,1),"Nom") -> FretRoutCat4Nom | F53: text | G53: 1 | I53: VUL Diesel (Crit'Air 4) | K53: =I53 -> VUL Diesel (Crit'Air 4)
A54: Fret routier | B54: Catégorie 4 | C54: Type de véhicule | E54: =_xlfn.CONCAT("FretRout",LEFT(B54,3),RIGHT(B54,1),"Type") -> FretRoutCat4Type | F54: text | G54: 1 | I54: VUL | K54: =I54 -> VUL
A55: Fret routier | B55: Catégorie 4 | C55: PTAC | E55: =_xlfn.CONCAT("FretRout",LEFT(B55,3),RIGHT(B55,1),"PTAC") -> FretRoutCat4PTAC | F55: radio | G55: 1 | I55: <=3,5t | K55: =I55 -> <=3,5t
A56: Fret routier | B56: Catégorie 4 | C56: Motorisation | E56: =_xlfn.CONCAT("FretRout",LEFT(B56,3),RIGHT(B56,1),"Mot") -> FretRoutCat4Mot | F56: radio | G56: 1 | I56: Diesel | K56: =I56 -> Diesel
A57: Fret routier | B57: Catégorie 4 | C57: Carburant utilisé | E57: =_xlfn.CONCAT("FretRout",LEFT(B57,3),RIGHT(B57,1),"Carb") -> FretRoutCat4Carb | F57: radio | G57: 1 | I57: Gazole à la pompe | K57: =I57 -> Gazole à la pompe
A58: Fret routier | B58: Catégorie 4 | C58: Norme Euro | E58: =_xlfn.CONCAT("FretRout",LEFT(B58,3),RIGHT(B58,1),"Euro") -> FretRoutCat4Euro | F58: radio | G58: 1 | I58: 0 | K58: =I58 -> 0
A59: Fret routier | B59: Catégorie 4 | C59: Vignette Crit'Air | E59: =_xlfn.CONCAT("FretRout",LEFT(B59,3),RIGHT(B59,1),"CritAir") -> FretRoutCat4CritAir | F59: radio | G59: 1 | I59: 4 | K59: =I59 -> 4
A60: Fret routier | B60: Catégorie 4 | C60: Nombre de véhicules correspondants | E60: =_xlfn.CONCAT("FretRout",LEFT(B60,3),RIGHT(B60,1),"Nb") -> FretRoutCat4Nb | F60: number | G60: 1 | J60: véhicules | K60: 0
A61: Fret routier | B61: Catégorie 4 | C61: Ordre de grandeur de la distance parcourue annuellement (ensemble des véhicules renseignés pour la catégorie) | E61: =_xlfn.CONCAT("FretRout",LEFT(B61,3),RIGHT(B61,1),"Dist") -> FretRoutCat4Dist | F61: number | G61: 1 | J61: km | K61: 17855
A62: Fret routier | B62: Catégorie 4 | C62: Estimation du taux de remplissage moyen de ces véhicules | E62: =_xlfn.CONCAT("FretRout",LEFT(B62,3),RIGHT(B62,1),"Rempl") -> FretRoutCat4Rempl | F62: number | G62: 1 | J62: % | K62: 0
A63: Fret routier | B63: Catégorie 5 | C63: Nom de la catégorie de véhicules | E63: =_xlfn.CONCAT("FretRout",LEFT(B63,3),RIGHT(B63,1),"Nom") -> FretRoutCat5Nom | F63: text | G63: 1 | I63: VUL Diesel (Crit'Air 5) | K63: =I63 -> VUL Diesel (Crit'Air 5)
A64: Fret routier | B64: Catégorie 5 | C64: Type de véhicule | E64: =_xlfn.CONCAT("FretRout",LEFT(B64,3),RIGHT(B64,1),"Type") -> FretRoutCat5Type | F64: text | G64: 1 | I64: VUL | K64: =I64 -> VUL
A65: Fret routier | B65: Catégorie 5 | C65: PTAC | E65: =_xlfn.CONCAT("FretRout",LEFT(B65,3),RIGHT(B65,1),"PTAC") -> FretRoutCat5PTAC | F65: radio | G65: 1 | I65: <=3,5t | K65: =I65 -> <=3,5t
A66: Fret routier | B66: Catégorie 5 | C66: Motorisation | E66: =_xlfn.CONCAT("FretRout",LEFT(B66,3),RIGHT(B66,1),"Mot") -> FretRoutCat5Mot | F66: radio | G66: 1 | I66: Diesel | K66: =I66 -> Diesel
A67: Fret routier | B67: Catégorie 5 | C67: Carburant utilisé | E67: =_xlfn.CONCAT("FretRout",LEFT(B67,3),RIGHT(B67,1),"Carb") -> FretRoutCat5Carb | F67: radio | G67: 1 | I67: Gazole à la pompe | K67: =I67 -> Gazole à la pompe
A68: Fret routier | B68: Catégorie 5 | C68: Norme Euro | E68: =_xlfn.CONCAT("FretRout",LEFT(B68,3),RIGHT(B68,1),"Euro") -> FretRoutCat5Euro | F68: radio | G68: 1 | I68: 0 | K68: =I68 -> 0
A69: Fret routier | B69: Catégorie 5 | C69: Vignette Crit'Air | E69: =_xlfn.CONCAT("FretRout",LEFT(B69,3),RIGHT(B69,1),"CritAir") -> FretRoutCat5CritAir | F69: radio | G69: 1 | I69: 5 | K69: =I69 -> 5
A70: Fret routier | B70: Catégorie 5 | C70: Nombre de véhicules correspondants | E70: =_xlfn.CONCAT("FretRout",LEFT(B70,3),RIGHT(B70,1),"Nb") -> FretRoutCat5Nb | F70: number | G70: 1 | J70: véhicules | K70: 0
A71: Fret routier | B71: Catégorie 5 | C71: Ordre de grandeur de la distance parcourue annuellement (ensemble des véhicules renseignés pour la catégorie) | E71: =_xlfn.CONCAT("FretRout",LEFT(B71,3),RIGHT(B71,1),"Dist") -> FretRoutCat5Dist | F71: number | G71: 1 | J71: km | K71: 17855
A72: Fret routier | B72: Catégorie 5 | C72: Estimation du taux de remplissage moyen de ces véhicules | E72: =_xlfn.CONCAT("FretRout",LEFT(B72,3),RIGHT(B72,1),"Rempl") -> FretRoutCat5Rempl | F72: number | G72: 1 | J72: % | K72: 0
A73: Fret routier | B73: Catégorie 6 | C73: Nom de la catégorie de véhicules | E73: =_xlfn.CONCAT("FretRout",LEFT(B73,3),RIGHT(B73,1),"Nom") -> FretRoutCat6Nom | F73: text | G73: 1 | I73: VUL Essence (Crit'Air 1) | K73: =I73 -> VUL Essence (Crit'Air 1)
A74: Fret routier | B74: Catégorie 6 | C74: Type de véhicule | E74: =_xlfn.CONCAT("FretRout",LEFT(B74,3),RIGHT(B74,1),"Type") -> FretRoutCat6Type | F74: text | G74: 1 | I74: VUL | K74: =I74 -> VUL
A75: Fret routier | B75: Catégorie 6 | C75: PTAC | E75: =_xlfn.CONCAT("FretRout",LEFT(B75,3),RIGHT(B75,1),"PTAC") -> FretRoutCat6PTAC | F75: radio | G75: 1 | I75: <=3,5t | K75: =I75 -> <=3,5t
A76: Fret routier | B76: Catégorie 6 | C76: Motorisation | E76: =_xlfn.CONCAT("FretRout",LEFT(B76,3),RIGHT(B76,1),"Mot") -> FretRoutCat6Mot | F76: radio | G76: 1 | I76: Essence | K76: =I76 -> Essence
A77: Fret routier | B77: Catégorie 6 | C77: Carburant utilisé | E77: =_xlfn.CONCAT("FretRout",LEFT(B77,3),RIGHT(B77,1),"Carb") -> FretRoutCat6Carb | F77: radio | G77: 1 | I77: Essence à la pompe | K77: =I77 -> Essence à la pompe
A78: Fret routier | B78: Catégorie 6 | C78: Norme Euro | E78: =_xlfn.CONCAT("FretRout",LEFT(B78,3),RIGHT(B78,1),"Euro") -> FretRoutCat6Euro | F78: radio | G78: 1 | I78: 0 | K78: =I78 -> 0
A79: Fret routier | B79: Catégorie 6 | C79: Vignette Crit'Air | E79: =_xlfn.CONCAT("FretRout",LEFT(B79,3),RIGHT(B79,1),"CritAir") -> FretRoutCat6CritAir | F79: radio | G79: 1 | I79: 1 | K79: =I79 -> 1
A80: Fret routier | B80: Catégorie 6 | C80: Nombre de véhicules correspondants | E80: =_xlfn.CONCAT("FretRout",LEFT(B80,3),RIGHT(B80,1),"Nb") -> FretRoutCat6Nb | F80: number | G80: 1 | J80: véhicules | K80: 0
A81: Fret routier | B81: Catégorie 6 | C81: Ordre de grandeur de la distance parcourue annuellement (ensemble des véhicules renseignés pour la catégorie) | E81: =_xlfn.CONCAT("FretRout",LEFT(B81,3),RIGHT(B81,1),"Dist") -> FretRoutCat6Dist | F81: number | G81: 1 | J81: km | K81: 11201
A82: Fret routier | B82: Catégorie 6 | C82: Estimation du taux de remplissage moyen de ces véhicules | E82: =_xlfn.CONCAT("FretRout",LEFT(B82,3),RIGHT(B82,1),"Rempl") -> FretRoutCat6Rempl | F82: number | G82: 1 | J82: % | K82: 0
A83: Fret routier | B83: Catégorie 7 | C83: Nom de la catégorie de véhicules | E83: =_xlfn.CONCAT("FretRout",LEFT(B83,3),RIGHT(B83,1),"Nom") -> FretRoutCat7Nom | F83: text | G83: 1 | I83: VUL Essence <=3,5t (Crit'Air 2) | K83: =I83 -> VUL Essence <=3,5t (Crit'Air 2)
A84: Fret routier | B84: Catégorie 7 | C84: Type de véhicule | E84: =_xlfn.CONCAT("FretRout",LEFT(B84,3),RIGHT(B84,1),"Type") -> FretRoutCat7Type | F84: text | G84: 1 | I84: VUL | K84: =I84 -> VUL
A85: Fret routier | B85: Catégorie 7 | C85: PTAC | E85: =_xlfn.CONCAT("FretRout",LEFT(B85,3),RIGHT(B85,1),"PTAC") -> FretRoutCat7PTAC | F85: radio | G85: 1 | I85: <=3,5t | K85: =I85 -> <=3,5t
A86: Fret routier | B86: Catégorie 7 | C86: Motorisation | E86: =_xlfn.CONCAT("FretRout",LEFT(B86,3),RIGHT(B86,1),"Mot") -> FretRoutCat7Mot | F86: radio | G86: 1 | I86: Essence | K86: =I86 -> Essence
A87: Fret routier | B87: Catégorie 7 | C87: Carburant utilisé | E87: =_xlfn.CONCAT("FretRout",LEFT(B87,3),RIGHT(B87,1),"Carb") -> FretRoutCat7Carb | F87: radio | G87: 1 | I87: Essence à la pompe | K87: =I87 -> Essence à la pompe
A88: Fret routier | B88: Catégorie 7 | C88: Norme Euro | E88: =_xlfn.CONCAT("FretRout",LEFT(B88,3),RIGHT(B88,1),"Euro") -> FretRoutCat7Euro | F88: radio | G88: 1 | I88: 0 | K88: =I88 -> 0
A89: Fret routier | B89: Catégorie 7 | C89: Vignette Crit'Air | E89: =_xlfn.CONCAT("FretRout",LEFT(B89,3),RIGHT(B89,1),"CritAir") -> FretRoutCat7CritAir | F89: radio | G89: 1 | I89: 2 | K89: =I89 -> 2
A90: Fret routier | B90: Catégorie 7 | C90: Nombre de véhicules correspondants | E90: =_xlfn.CONCAT("FretRout",LEFT(B90,3),RIGHT(B90,1),"Nb") -> FretRoutCat7Nb | F90: number | G90: 1 | J90: véhicules | K90: 0
A91: Fret routier | B91: Catégorie 7 | C91: Ordre de grandeur de la distance parcourue annuellement (ensemble des véhicules renseignés pour la catégorie) | E91: =_xlfn.CONCAT("FretRout",LEFT(B91,3),RIGHT(B91,1),"Dist") -> FretRoutCat7Dist | F91: number | G91: 1 | J91: km | K91: 11201
A92: Fret routier | B92: Catégorie 7 | C92: Estimation du taux de remplissage moyen de ces véhicules | E92: =_xlfn.CONCAT("FretRout",LEFT(B92,3),RIGHT(B92,1),"Rempl") -> FretRoutCat7Rempl | F92: number | G92: 1 | J92: % | K92: 0
A93: Fret routier | B93: Catégorie 8 | C93: Nom de la catégorie de véhicules | E93: =_xlfn.CONCAT("FretRout",LEFT(B93,3),RIGHT(B93,1),"Nom") -> FretRoutCat8Nom | F93: text | G93: 1 | I93: VUL Essence <=3,5t (Crit'Air 3) | K93: =I93 -> VUL Essence <=3,5t (Crit'Air 3)
A94: Fret routier | B94: Catégorie 8 | C94: Type de véhicule | E94: =_xlfn.CONCAT("FretRout",LEFT(B94,3),RIGHT(B94,1),"Type") -> FretRoutCat8Type | F94: text | G94: 1 | I94: VUL | K94: =I94 -> VUL
A95: Fret routier | B95: Catégorie 8 | C95: PTAC | E95: =_xlfn.CONCAT("FretRout",LEFT(B95,3),RIGHT(B95,1),"PTAC") -> FretRoutCat8PTAC | F95: radio | G95: 1 | I95: <=3,5t | K95: =I95 -> <=3,5t
A96: Fret routier | B96: Catégorie 8 | C96: Motorisation | E96: =_xlfn.CONCAT("FretRout",LEFT(B96,3),RIGHT(B96,1),"Mot") -> FretRoutCat8Mot | F96: radio | G96: 1 | I96: Essence | K96: =I96 -> Essence
A97: Fret routier | B97: Catégorie 8 | C97: Carburant utilisé | E97: =_xlfn.CONCAT("FretRout",LEFT(B97,3),RIGHT(B97,1),"Carb") -> FretRoutCat8Carb | F97: radio | G97: 1 | I97: Essence à la pompe | K97: =I97 -> Essence à la pompe
A98: Fret routier | B98: Catégorie 8 | C98: Norme Euro | E98: =_xlfn.CONCAT("FretRout",LEFT(B98,3),RIGHT(B98,1),"Euro") -> FretRoutCat8Euro | F98: radio | G98: 1 | I98: 0 | K98: =I98 -> 0
A99: Fret routier | B99: Catégorie 8 | C99: Vignette Crit'Air | E99: =_xlfn.CONCAT("FretRout",LEFT(B99,3),RIGHT(B99,1),"CritAir") -> FretRoutCat8CritAir | F99: radio | G99: 1 | I99: 3 | K99: =I99 -> 3
A100: Fret routier | B100: Catégorie 8 | C100: Nombre de véhicules correspondants | E100: =_xlfn.CONCAT("FretRout",LEFT(B100,3),RIGHT(B100,1),"Nb") -> FretRoutCat8Nb | F100: number | G100: 1 | J100: véhicules | K100: 0
...

Sheet Remplissage - Sit. Prev.
A1: Catégorie | B1: Sous-catégorie | C1: Titre | D1: Description | E1: Nom de la variable | F1: Type | G1: Affichage | H1: Valeur | I1: Valeurs possibles | J1: Unité | K1: Valeur par défaut | L1: Commentaire | M1: Action(s) liée(s) | N1: Affichage à la création | O1: Ligne
A2: Données de base | C2: Année correspondant aux objectifs | E2: AnneeRempl | F2: number | G2: 1 | N2: 1 | O2: =ROW(O2)-1 -> 1
A3: Généralités | C3: Projection de population | E3: ProjPop | F3: number | G3: 0 | J3: hab
A4: Généralités | C4: Projection de nombre de ménages | E4: ProjMen | F4: number | G4: 0 | J4: ménages
A5: Généralités | C5: Prévision d'évolution de la demande de logistique urbaine | E5: DemandeLU | F5: number | G5: 1 | J5: % | O5: =ROW(O5)-1 -> 4
A6: Généralités | B6: Objectif de part modale pour les déplacements locaux | C6: Marche | E6: ObjPMMarche | F6: number | G6: 1 | J6: % | O6: =ROW(O6)-1 -> 5
A7: Généralités | B7: Objectif de part modale pour les déplacements locaux | C7: Vélo | E7: ObjPMVélo | F7: number | G7: 1 | J7: % | O7: =ROW(O7)-1 -> 6
A8: Généralités | B8: Objectif de part modale pour les déplacements locaux | C8: Deux-roues motorisé | E8: ObjPM2RM | F8: radio | G8: 1 | J8: % | O8: =ROW(O8)-1 -> 7
A9: Généralités | B9: Objectif de part modale pour les déplacements locaux | C9: Voiture | E9: ObjPMVoiture | F9: number | G9: 1 | J9: % | O9: =ROW(O9)-1 -> 8
A10: Généralités | B10: Objectif de part modale pour les déplacements locaux | C10: Transport en commun | E10: ObjPMTC | F10: number | G10: 1 | J10: % | O10: =ROW(O10)-1 -> 9
A11: Généralités | B11: Objectif de part modale pour le transport de marchandises | C11: Fret routier | E11: ObjPMRoutier | F11: number | G11: 1 | J11: % | O11: =ROW(O11)-1 -> 10
A12: Généralités | B12: Objectif de part modale pour le transport de marchandises | C12: Fret ferroviaire | E12: ObjPMFerroviaire | F12: number | G12: 1 | J12: % | O12: =ROW(O12)-1 -> 11
A13: Généralités | B13: Objectif de part modale pour le transport de marchandises | C13: Fret fluvial | E13: ObjPMFluvial | F13: number | G13: 1 | J13: % | O13: =ROW(O13)-1 -> 12
A14: Généralités | B14: Objectif de part modale pour le transport de marchandises | C14: Cyclologistique | E14: ObjPMCyclolog | F14: number | G14: 1 | J14: % | O14: =ROW(O14)-1 -> 13
A15: Généralités | C15: Objectif de part de bioGNV dans le GNV distribué dans la ou les stations d'avitaillement GNV du territoire | E15: ObjbioGNV | F15: number | G15: 1 | J15: % | O15: =ROW(O15)-1 -> 14
A16: Généralités | C16: Objectif de typologie d'hydrogène utilisé dans la ou les stations d'avitaillement hydrogène du territoire | E16: ObjH2Vert | F16: radio | G16: 1 | I16: Hydrogène produit à partir d'électricité renouvelable,Hydrogène produit à partir de biométhane,Hydrogène produit à partir de ressources fossiles | O16: =ROW(O16)-1 -> 15
A17: Evolution du parc routier initial | B17: Evolution 1 | C17: =_xlfn.CONCAT("Evolution visée pour les ",INDIRECT("'Parcs types'!D"&D17)) -> Evolution visée pour les Nom | D17: 7 | E17: =_xlfn.CONCAT(LEFT(B17,3),RIGHT(B17,1),"Vis") -> Evo1Vis | F17: number | G17: {=IF((INDEX('Remplissage - Sit. Init.'!$C$23:$I$472,MATCH((_xlfn.CONCAT("Catégorie "&RIGHT(B17,1)))&('Remplissage - Sit. Init.'!$D$30),('Remplissage - Sit. Init.'!$C$23:$C$472)&('Remplissage - Sit. Init.'!$D$23:$D$472),0),7))>0,1,0)} -> 0 | J17: % | L17: La valeur à indiquer ici, est le pourcentage d'augmentation de la catégorie de véhicule (nombre de véhicule et nombre de kilomètre)
A18: Evolution du parc routier initial | B18: Evolution du TR 1 | C18: =_xlfn.CONCAT("Evolution visée du taux de remplissage pour les ",INDIRECT("'Parcs types'!D"&D18)) -> Evolution visée du taux de remplissage pour les Nom | D18: 7 | E18: =_xlfn.CONCAT(LEFT(B18,3),RIGHT(B18,1),"VisTR") -> Evo1VisTR | F18: number | G18: {=IF((INDEX('Remplissage - Sit. Init.'!$C$23:$I$472,MATCH((_xlfn.CONCAT("Catégorie "&RIGHT(B18,1)))&('Remplissage - Sit. Init.'!$D$32),('Remplissage - Sit. Init.'!$C$23:$C$472)&('Remplissage - Sit. Init.'!$D$23:$D$472),0),7))>0,1,0)} -> 0 | J18: % | L18: La valeur à indiquer ici, est le pourcentage d'augmentation du taux de remplissage de la catégorie de véhicule
A19: Evolution du parc routier initial | B19: Evolution 2 | C19: =_xlfn.CONCAT("Evolution visée pour les ",INDIRECT("'Parcs types'!D"&D19)) -> Evolution visée pour les - | D19: 8 | E19: =_xlfn.CONCAT(LEFT(B19,3),RIGHT(B19,1),"Vis") -> Evo2Vis | F19: number | G19: {=IF((INDEX('Remplissage - Sit. Init.'!$C$23:$I$472,MATCH((_xlfn.CONCAT("Catégorie "&RIGHT(B19,1)))&('Remplissage - Sit. Init.'!$D$30),('Remplissage - Sit. Init.'!$C$23:$C$472)&('Remplissage - Sit. Init.'!$D$23:$D$472),0),7))>0,1,0)} -> 0 | J19: % | L19: La valeur à indiquer ici, est le pourcentage d'augmentation de la catégorie de véhicule (nombre de véhicule et nombre de kilomètre)
A20: Evolution du parc routier initial | B20: Evolution du TR 2 | C20: =_xlfn.CONCAT("Evolution visée du taux de remplissage pour les ",INDIRECT("'Parcs types'!D"&D20)) -> Evolution visée du taux de remplissage pour les - | D20: 8 | E20: =_xlfn.CONCAT(LEFT(B20,3),RIGHT(B20,1),"VisTR") -> Evo2VisTR | F20: number | G20: {=IF((INDEX('Remplissage - Sit. Init.'!$C$23:$I$472,MATCH((_xlfn.CONCAT("Catégorie "&RIGHT(B20,1)))&('Remplissage - Sit. Init.'!$D$32),('Remplissage - Sit. Init.'!$C$23:$C$472)&('Remplissage - Sit. Init.'!$D$23:$D$472),0),7))>0,1,0)} -> 0 | J20: % | L20: La valeur à indiquer ici, est le pourcentage d'augmentation du taux de remplissage de la catégorie de véhicule
A21: Evolution du parc routier initial | B21: Evolution 3 | C21: =_xlfn.CONCAT("Evolution visée pour les ",INDIRECT("'Parcs types'!D"&D21)) -> Evolution visée pour les Défaut | D21: 9 | E21: =_xlfn.CONCAT(LEFT(B21,3),RIGHT(B21,1),"Vis") -> Evo3Vis | F21: number | G21: {=IF((INDEX('Remplissage - Sit. Init.'!$C$23:$I$472,MATCH((_xlfn.CONCAT("Catégorie "&RIGHT(B21,1)))&('Remplissage - Sit. Init.'!$D$30),('Remplissage - Sit. Init.'!$C$23:$C$472)&('Remplissage - Sit. Init.'!$D$23:$D$472),0),7))>0,1,0)} -> 0 | J21: % | L21: La valeur à indiquer ici, est le pourcentage d'augmentation de la catégorie de véhicule (nombre de véhicule et nombre de kilomètre)
A22: Evolution du parc routier initial | B22: Evolution du TR 3 | C22: =_xlfn.CONCAT("Evolution visée du taux de remplissage pour les ",INDIRECT("'Parcs types'!D"&D22)) -> Evolution visée du taux de remplissage pour les Défaut | D22: 9 | E22: =_xlfn.CONCAT(LEFT(B22,3),RIGHT(B22,1),"VisTR") -> Evo3VisTR | F22: number | G22: {=IF((INDEX('Remplissage - Sit. Init.'!$C$23:$I$472,MATCH((_xlfn.CONCAT("Catégorie "&RIGHT(B22,1)))&('Remplissage - Sit. Init.'!$D$32),('Remplissage - Sit. Init.'!$C$23:$C$472)&('Remplissage - Sit. Init.'!$D$23:$D$472),0),7))>0,1,0)} -> 0 | J22: % | L22: La valeur à indiquer ici, est le pourcentage d'augmentation du taux de remplissage de la catégorie de véhicule
A23: Evolution du parc routier initial | B23: Evolution 4 | C23: =_xlfn.CONCAT("Evolution visée pour les ",INDIRECT("'Parcs types'!D"&D23)) -> Evolution visée pour les VUL Electrique (Crit'Air E) | D23: 10 | E23: =_xlfn.CONCAT(LEFT(B23,3),RIGHT(B23,1),"Vis") -> Evo4Vis | F23: number | G23: {=IF((INDEX('Remplissage - Sit. Init.'!$C$23:$I$472,MATCH((_xlfn.CONCAT("Catégorie "&RIGHT(B23,1)))&('Remplissage - Sit. Init.'!$D$30),('Remplissage - Sit. Init.'!$C$23:$C$472)&('Remplissage - Sit. Init.'!$D$23:$D$472),0),7))>0,1,0)} -> 0 | J23: % | L23: La valeur à indiquer ici, est le pourcentage d'augmentation de la catégorie de véhicule (nombre de véhicule et nombre de kilomètre)
A24: Evolution du parc routier initial | B24: Evolution du TR 4 | C24: =_xlfn.CONCAT("Evolution visée du taux de remplissage pour les ",INDIRECT("'Parcs types'!D"&D24)) -> Evolution visée du taux de remplissage pour les VUL Electrique (Crit'Air E) | D24: 10 | E24: =_xlfn.CONCAT(LEFT(B24,3),RIGHT(B24,1),"VisTR") -> Evo4VisTR | F24: number | G24: {=IF((INDEX('Remplissage - Sit. Init.'!$C$23:$I$472,MATCH((_xlfn.CONCAT("Catégorie "&RIGHT(B24,1)))&('Remplissage - Sit. Init.'!$D$32),('Remplissage - Sit. Init.'!$C$23:$C$472)&('Remplissage - Sit. Init.'!$D$23:$D$472),0),7))>0,1,0)} -> 0 | J24: % | L24: La valeur à indiquer ici, est le pourcentage d'augmentation du taux de remplissage de la catégorie de véhicule
A25: Evolution du parc routier initial | B25: Evolution 5 | C25: =_xlfn.CONCAT("Evolution visée pour les ",INDIRECT("'Parcs types'!D"&D25)) -> Evolution visée pour les VUL Diesel (Crit'Air 2) | D25: 11 | E25: =_xlfn.CONCAT(LEFT(B25,3),RIGHT(B25,1),"Vis") -> Evo5Vis | F25: number | G25: {=IF((INDEX('Remplissage - Sit. Init.'!$C$23:$I$472,MATCH((_xlfn.CONCAT("Catégorie "&RIGHT(B25,1)))&('Remplissage - Sit. Init.'!$D$30),('Remplissage - Sit. Init.'!$C$23:$C$472)&('Remplissage - Sit. Init.'!$D$23:$D$472),0),7))>0,1,0)} -> 0 | J25: % | L25: La valeur à indiquer ici, est le pourcentage d'augmentation de la catégorie de véhicule (nombre de véhicule et nombre de kilomètre)
A26: Evolution du parc routier initial | B26: Evolution du TR 5 | C26: =_xlfn.CONCAT("Evolution visée du taux de remplissage pour les ",INDIRECT("'Parcs types'!D"&D26)) -> Evolution visée du taux de remplissage pour les VUL Diesel (Crit'Air 2) | D26: 11 | E26: =_xlfn.CONCAT(LEFT(B26,3),RIGHT(B26,1),"VisTR") -> Evo5VisTR | F26: number | G26: {=IF((INDEX('Remplissage - Sit. Init.'!$C$23:$I$472,MATCH((_xlfn.CONCAT("Catégorie "&RIGHT(B26,1)))&('Remplissage - Sit. Init.'!$D$32),('Remplissage - Sit. Init.'!$C$23:$C$472)&('Remplissage - Sit. Init.'!$D$23:$D$472),0),7))>0,1,0)} -> 0 | J26: % | L26: La valeur à indiquer ici, est le pourcentage d'augmentation du taux de remplissage de la catégorie de véhicule
A27: Evolution du parc routier initial | B27: Evolution 6 | C27: =_xlfn.CONCAT("Evolution visée pour les ",INDIRECT("'Parcs types'!D"&D27)) -> Evolution visée pour les VUL Diesel (Crit'Air 3) | D27: 12 | E27: =_xlfn.CONCAT(LEFT(B27,3),RIGHT(B27,1),"Vis") -> Evo6Vis | F27: number | G27: {=IF((INDEX('Remplissage - Sit. Init.'!$C$23:$I$472,MATCH((_xlfn.CONCAT("Catégorie "&RIGHT(B27,1)))&('Remplissage - Sit. Init.'!$D$30),('Remplissage - Sit. Init.'!$C$23:$C$472)&('Remplissage - Sit. Init.'!$D$23:$D$472),0),7))>0,1,0)} -> 0 | J27: % | L27: La valeur à indiquer ici, est le pourcentage d'augmentation de la catégorie de véhicule (nombre de véhicule et nombre de kilomètre)
A28: Evolution du parc routier initial | B28: Evolution du TR 6 | C28: =_xlfn.CONCAT("Evolution visée du taux de remplissage pour les ",INDIRECT("'Parcs types'!D"&D28)) -> Evolution visée du taux de remplissage pour les VUL Diesel (Crit'Air 3) | D28: 12 | E28: =_xlfn.CONCAT(LEFT(B28,3),RIGHT(B28,1),"VisTR") -> Evo6VisTR | F28: number | G28: {=IF((INDEX('Remplissage - Sit. Init.'!$C$23:$I$472,MATCH((_xlfn.CONCAT("Catégorie "&RIGHT(B28,1)))&('Remplissage - Sit. Init.'!$D$32),('Remplissage - Sit. Init.'!$C$23:$C$472)&('Remplissage - Sit. Init.'!$D$23:$D$472),0),7))>0,1,0)} -> 0 | J28: % | L28: La valeur à indiquer ici, est le pourcentage d'augmentation du taux de remplissage de la catégorie de véhicule
A29: Evolution du parc routier initial | B29: Evolution 7 | C29: =_xlfn.CONCAT("Evolution visée pour les ",INDIRECT("'Parcs types'!D"&D29)) -> Evolution visée pour les VUL Diesel (Crit'Air 4) | D29: 13 | E29: =_xlfn.CONCAT(LEFT(B29,3),RIGHT(B29,1),"Vis") -> Evo7Vis | F29: number | G29: {=IF((INDEX('Remplissage - Sit. Init.'!$C$23:$I$472,MATCH((_xlfn.CONCAT("Catégorie "&RIGHT(B29,1)))&('Remplissage - Sit. Init.'!$D$30),('Remplissage - Sit. Init.'!$C$23:$C$472)&('Remplissage - Sit. Init.'!$D$23:$D$472),0),7))>0,1,0)} -> 0 | J29: % | L29: La valeur à indiquer ici, est le pourcentage d'augmentation de la catégorie de véhicule (nombre de véhicule et nombre de kilomètre)
A30: Evolution du parc routier initial | B30: Evolution du TR 7 | C30: =_xlfn.CONCAT("Evolution visée du taux de remplissage pour les ",INDIRECT("'Parcs types'!D"&D30)) -> Evolution visée du taux de remplissage pour les VUL Diesel (Crit'Air 4) | D30: 13 | E30: =_xlfn.CONCAT(LEFT(B30,3),RIGHT(B30,1),"VisTR") -> Evo7VisTR | F30: number | G30: {=IF((INDEX('Remplissage - Sit. Init.'!$C$23:$I$472,MATCH((_xlfn.CONCAT("Catégorie "&RIGHT(B30,1)))&('Remplissage - Sit. Init.'!$D$32),('Remplissage - Sit. Init.'!$C$23:$C$472)&('Remplissage - Sit. Init.'!$D$23:$D$472),0),7))>0,1,0)} -> 0 | J30: % | L30: La valeur à indiquer ici, est le pourcentage d'augmentation du taux de remplissage de la catégorie de véhicule
A31: Evolution du parc routier initial | B31: Evolution 8 | C31: =_xlfn.CONCAT("Evolution visée pour les ",INDIRECT("'Parcs types'!D"&D31)) -> Evolution visée pour les VUL Diesel (Crit'Air 5) | D31: 14 | E31: =_xlfn.CONCAT(LEFT(B31,3),RIGHT(B31,1),"Vis") -> Evo8Vis | F31: number | G31: {=IF((INDEX('Remplissage - Sit. Init.'!$C$23:$I$472,MATCH((_xlfn.CONCAT("Catégorie "&RIGHT(B31,1)))&('Remplissage - Sit. Init.'!$D$30),('Remplissage - Sit. Init.'!$C$23:$C$472)&('Remplissage - Sit. Init.'!$D$23:$D$472),0),7))>0,1,0)} -> 0 | J31: % | L31: La valeur à indiquer ici, est le pourcentage d'augmentation de la catégorie de véhicule (nombre de véhicule et nombre de kilomètre)
A32: Evolution du parc routier initial | B32: Evolution du TR 8 | C32: =_xlfn.CONCAT("Evolution visée du taux de remplissage pour les ",INDIRECT("'Parcs types'!D"&D32)) -> Evolution visée du taux de remplissage pour les VUL Diesel (Crit'Air 5) | D32: 14 | E32: =_xlfn.CONCAT(LEFT(B32,3),RIGHT(B32,1),"VisTR") -> Evo8VisTR | F32: number | G32: {=IF((INDEX('Remplissage - Sit. Init.'!$C$23:$I$472,MATCH((_xlfn.CONCAT("Catégorie "&RIGHT(B32,1)))&('Remplissage - Sit. Init.'!$D$32),('Remplissage - Sit. Init.'!$C$23:$C$472)&('Remplissage - Sit. Init.'!$D$23:$D$472),0),7))>0,1,0)} -> 0 | J32: % | L32: La valeur à indiquer ici, est le pourcentage d'augmentation du taux de remplissage de la catégorie de véhicule
A33: Evolution du parc routier initial | B33: Evolution 9 | C33: =_xlfn.CONCAT("Evolution visée pour les ",INDIRECT("'Parcs types'!D"&D33)) -> Evolution visée pour les VUL Essence (Crit'Air 1) | D33: 15 | E33: =_xlfn.CONCAT(LEFT(B33,3),RIGHT(B33,1),"Vis") -> Evo9Vis | F33: number | G33: {=IF((INDEX('Remplissage - Sit. Init.'!$C$23:$I$472,MATCH((_xlfn.CONCAT("Catégorie "&RIGHT(B33,1)))&('Remplissage - Sit. Init.'!$D$30),('Remplissage - Sit. Init.'!$C$23:$C$472)&('Remplissage - Sit. Init.'!$D$23:$D$472),0),7))>0,1,0)} -> 0 | J33: % | L33: La valeur à indiquer ici, est le pourcentage d'augmentation de la catégorie de véhicule (nombre de véhicule et nombre de kilomètre)
A34: Evolution du parc routier initial | B34: Evolution du TR 9 | C34: =_xlfn.CONCAT("Evolution visée du taux de remplissage pour les ",INDIRECT("'Parcs types'!D"&D34)) -> Evolution visée du taux de remplissage pour les VUL Essence (Crit'Air 1) | D34: 15 | E34: =_xlfn.CONCAT(LEFT(B34,3),RIGHT(B34,1),"VisTR") -> Evo9VisTR | F34: number | G34: {=IF((INDEX('Remplissage - Sit. Init.'!$C$23:$I$472,MATCH((_xlfn.CONCAT("Catégorie "&RIGHT(B34,1)))&('Remplissage - Sit. Init.'!$D$32),('Remplissage - Sit. Init.'!$C$23:$C$472)&('Remplissage - Sit. Init.'!$D$23:$D$472),0),7))>0,1,0)} -> 0 | J34: % | L34: La valeur à indiquer ici, est le pourcentage d'augmentation du taux de remplissage de la catégorie de véhicule
A35: Evolution du parc routier initial | B35: Evolution 10 | C35: =_xlfn.CONCAT("Evolution visée pour les ",INDIRECT("'Parcs types'!D"&D35)) -> Evolution visée pour les VUL Essence <=3,5t (Crit'Air 2) | D35: 16 | E35: =_xlfn.CONCAT(LEFT(B35,3),RIGHT(B35,2),"Vis") -> Evo10Vis | F35: number | G35: {=IF((INDEX('Remplissage - Sit. Init.'!$C$23:$I$472,MATCH((_xlfn.CONCAT("Catégorie "&RIGHT(B35,2)))&('Remplissage - Sit. Init.'!$D$30),('Remplissage - Sit. Init.'!$C$23:$C$472)&('Remplissage - Sit. Init.'!$D$23:$D$472),0),7))>0,1,0)} -> 0 | J35: % | L35: La valeur à indiquer ici, est le pourcentage d'augmentation de la catégorie de véhicule (nombre de véhicule et nombre de kilomètre)
A36: Evolution du parc routier initial | B36: Evolution du TR 10 | C36: =_xlfn.CONCAT("Evolution visée du taux de remplissage pour les ",INDIRECT("'Parcs types'!D"&D36)) -> Evolution visée du taux de remplissage pour les VUL Essence <=3,5t (Crit'Air 2) | D36: 16 | E36: =_xlfn.CONCAT(LEFT(B36,3),RIGHT(B36,2),"VisTR") -> Evo10VisTR | F36: number | G36: {=IF((INDEX('Remplissage - Sit. Init.'!$C$23:$I$472,MATCH((_xlfn.CONCAT("Catégorie "&RIGHT(B36,2)))&('Remplissage - Sit. Init.'!$D$32),('Remplissage - Sit. Init.'!$C$23:$C$472)&('Remplissage - Sit. Init.'!$D$23:$D$472),0),7))>0,1,0)} -> 0 | J36: % | L36: La valeur à indiquer ici, est le pourcentage d'augmentation du taux de remplissage de la catégorie de véhicule
A37: Evolution du parc routier initial | B37: Evolution 11 | C37: =_xlfn.CONCAT("Evolution visée pour les ",INDIRECT("'Parcs types'!D"&D37)) -> Evolution visée pour les VUL Essence <=3,5t (Crit'Air 3) | D37: 17 | E37: =_xlfn.CONCAT(LEFT(B37,3),RIGHT(B37,2),"Vis") -> Evo11Vis | F37: number | G37: {=IF((INDEX('Remplissage - Sit. Init.'!$C$23:$I$472,MATCH((_xlfn.CONCAT("Catégorie "&RIGHT(B37,2)))&('Remplissage - Sit. Init.'!$D$30),('Remplissage - Sit. Init.'!$C$23:$C$472)&('Remplissage - Sit. Init.'!$D$23:$D$472),0),7))>0,1,0)} -> 0 | J37: % | L37: La valeur à indiquer ici, est le pourcentage d'augmentation de la catégorie de véhicule (nombre de véhicule et nombre de kilomètre)
A38: Evolution du parc routier initial | B38: Evolution du TR 11 | C38: =_xlfn.CONCAT("Evolution visée du taux de remplissage pour les ",INDIRECT("'Parcs types'!D"&D38)) -> Evolution visée du taux de remplissage pour les VUL Essence <=3,5t (Crit'Air 3) | D38: 17 | E38: =_xlfn.CONCAT(LEFT(B38,3),RIGHT(B38,2),"VisTR") -> Evo11VisTR | F38: number | G38: {=IF((INDEX('Remplissage - Sit. Init.'!$C$23:$I$472,MATCH((_xlfn.CONCAT("Catégorie "&RIGHT(B38,2)))&('Remplissage - Sit. Init.'!$D$32),('Remplissage - Sit. Init.'!$C$23:$C$472)&('Remplissage - Sit. Init.'!$D$23:$D$472),0),7))>0,1,0)} -> 0 | J38: % | L38: La valeur à indiquer ici, est le pourcentage d'augmentation du taux de remplissage de la catégorie de véhicule
A39: Evolution du parc routier initial | B39: Evolution 12 | C39: =_xlfn.CONCAT("Evolution visée pour les ",INDIRECT("'Parcs types'!D"&D39)) -> Evolution visée pour les VUL Gaz (GNC) (Crit'Air 1) | D39: 18 | E39: =_xlfn.CONCAT(LEFT(B39,3),RIGHT(B39,2),"Vis") -> Evo12Vis | F39: number | G39: {=IF((INDEX('Remplissage - Sit. Init.'!$C$23:$I$472,MATCH((_xlfn.CONCAT("Catégorie "&RIGHT(B39,2)))&('Remplissage - Sit. Init.'!$D$30),('Remplissage - Sit. Init.'!$C$23:$C$472)&('Remplissage - Sit. Init.'!$D$23:$D$472),0),7))>0,1,0)} -> 0 | J39: % | L39: La valeur à indiquer ici, est le pourcentage d'augmentation de la catégorie de véhicule (nombre de véhicule et nombre de kilomètre)
A40: Evolution du parc routier initial | B40: Evolution du TR 12 | C40: =_xlfn.CONCAT("Evolution visée du taux de remplissage pour les ",INDIRECT("'Parcs types'!D"&D40)) -> Evolution visée du taux de remplissage pour les VUL Gaz (GNC) (Crit'Air 1) | D40: 18 | E40: =_xlfn.CONCAT(LEFT(B40,3),RIGHT(B40,2),"VisTR") -> Evo12VisTR | F40: number | G40: {=IF((INDEX('Remplissage - Sit. Init.'!$C$23:$I$472,MATCH((_xlfn.CONCAT("Catégorie "&RIGHT(B40,2)))&('Remplissage - Sit. Init.'!$D$32),('Remplissage - Sit. Init.'!$C$23:$C$472)&('Remplissage - Sit. Init.'!$D$23:$D$472),0),7))>0,1,0)} -> 0 | J40: % | L40: La valeur à indiquer ici, est le pourcentage d'augmentation du taux de remplissage de la catégorie de véhicule
A41: Evolution du parc routier initial | B41: Evolution 13 | C41: =_xlfn.CONCAT("Evolution visée pour les ",INDIRECT("'Parcs types'!D"&D41)) -> Evolution visée pour les PL Electrique <=7.5t (Crit'Air E) | D41: 19 | E41: =_xlfn.CONCAT(LEFT(B41,3),RIGHT(B41,2),"Vis") -> Evo13Vis | F41: number | G41: {=IF((INDEX('Remplissage - Sit. Init.'!$C$23:$I$472,MATCH((_xlfn.CONCAT("Catégorie "&RIGHT(B41,2)))&('Remplissage - Sit. Init.'!$D$30),('Remplissage - Sit. Init.'!$C$23:$C$472)&('Remplissage - Sit. Init.'!$D$23:$D$472),0),7))>0,1,0)} -> 0 | J41: % | L41: La valeur à indiquer ici, est le pourcentage d'augmentation de la catégorie de véhicule (nombre de véhicule et nombre de kilomètre)
A42: Evolution du parc routier initial | B42: Evolution du TR 13 | C42: =_xlfn.CONCAT("Evolution visée du taux de remplissage pour les ",INDIRECT("'Parcs types'!D"&D42)) -> Evolution visée du taux de remplissage pour les PL Electrique <=7.5t (Crit'Air E) | D42: 19 | E42: =_xlfn.CONCAT(LEFT(B42,3),RIGHT(B42,2),"VisTR") -> Evo13VisTR | F42: number | G42: {=IF((INDEX('Remplissage - Sit. Init.'!$C$23:$I$472,MATCH((_xlfn.CONCAT("Catégorie "&RIGHT(B42,2)))&('Remplissage - Sit. Init.'!$D$32),('Remplissage - Sit. Init.'!$C$23:$C$472)&('Remplissage - Sit. Init.'!$D$23:$D$472),0),7))>0,1,0)} -> 0 | J42: % | L42: La valeur à indiquer ici, est le pourcentage d'augmentation du taux de remplissage de la catégorie de véhicule
A43: Evolution du parc routier initial | B43: Evolution 14 | C43: =_xlfn.CONCAT("Evolution visée pour les ",INDIRECT("'Parcs types'!D"&D43)) -> Evolution visée pour les PL Electrique >7.5-12t (Crit'Air E) | D43: 20 | E43: =_xlfn.CONCAT(LEFT(B43,3),RIGHT(B43,2),"Vis") -> Evo14Vis | F43: number | G43: {=IF((INDEX('Remplissage - Sit. Init.'!$C$23:$I$472,MATCH((_xlfn.CONCAT("Catégorie "&RIGHT(B43,2)))&('Remplissage - Sit. Init.'!$D$30),('Remplissage - Sit. Init.'!$C$23:$C$472)&('Remplissage - Sit. Init.'!$D$23:$D$472),0),7))>0,1,0)} -> 0 | J43: % | L43: La valeur à indiquer ici, est le pourcentage d'augmentation de la catégorie de véhicule (nombre de véhicule et nombre de kilomètre)
A44: Evolution du parc routier initial | B44: Evolution du TR 14 | C44: =_xlfn.CONCAT("Evolution visée du taux de remplissage pour les ",INDIRECT("'Parcs types'!D"&D44)) -> Evolution visée du taux de remplissage pour les PL Electrique >7.5-12t (Crit'Air E) | D44: 20 | E44: =_xlfn.CONCAT(LEFT(B44,3),RIGHT(B44,2),"VisTR") -> Evo14VisTR | F44: number | G44: {=IF((INDEX('Remplissage - Sit. Init.'!$C$23:$I$472,MATCH((_xlfn.CONCAT("Catégorie "&RIGHT(B44,2)))&('Remplissage - Sit. Init.'!$D$32),('Remplissage - Sit. Init.'!$C$23:$C$472)&('Remplissage - Sit. Init.'!$D$23:$D$472),0),7))>0,1,0)} -> 0 | J44: % | L44: La valeur à indiquer ici, est le pourcentage d'augmentation du taux de remplissage de la catégorie de véhicule
A45: Evolution du parc routier initial | B45: Evolution 15 | C45: =_xlfn.CONCAT("Evolution visée pour les ",INDIRECT("'Parcs types'!D"&D45)) -> Evolution visée pour les PL Electrique >14-20t (Crit'Air E) | D45: 21 | E45: =_xlfn.CONCAT(LEFT(B45,3),RIGHT(B45,2),"Vis") -> Evo15Vis | F45: number | G45: {=IF((INDEX('Remplissage - Sit. Init.'!$C$23:$I$472,MATCH((_xlfn.CONCAT("Catégorie "&RIGHT(B45,2)))&('Remplissage - Sit. Init.'!$D$30),('Remplissage - Sit. Init.'!$C$23:$C$472)&('Remplissage - Sit. Init.'!$D$23:$D$472),0),7))>0,1,0)} -> 0 | J45: % | L45: La valeur à indiquer ici, est le pourcentage d'augmentation de la catégorie de véhicule (nombre de véhicule et nombre de kilomètre)
A46: Evolution du parc routier initial | B46: Evolution du TR 15 | C46: =_xlfn.CONCAT("Evolution visée du taux de remplissage pour les ",INDIRECT("'Parcs types'!D"&D46)) -> Evolution visée du taux de remplissage pour les PL Electrique >14-20t (Crit'Air E) | D46: 21 | E46: =_xlfn.CONCAT(LEFT(B46,3),RIGHT(B46,2),"VisTR") -> Evo15VisTR | F46: number | G46: {=IF((INDEX('Remplissage - Sit. Init.'!$C$23:$I$472,MATCH((_xlfn.CONCAT("Catégorie "&RIGHT(B46,2)))&('Remplissage - Sit. Init.'!$D$32),('Remplissage - Sit. Init.'!$C$23:$C$472)&('Remplissage - Sit. Init.'!$D$23:$D$472),0),7))>0,1,0)} -> 0 | J46: % | L46: La valeur à indiquer ici, est le pourcentage d'augmentation du taux de remplissage de la catégorie de véhicule
A47: Evolution du parc routier initial | B47: Evolution 16 | C47: =_xlfn.CONCAT("Evolution visée pour les ",INDIRECT("'Parcs types'!D"&D47)) -> Evolution visée pour les PL Electrique >20-26t (Crit'Air E) | D47: 22 | E47: =_xlfn.CONCAT(LEFT(B47,3),RIGHT(B47,2),"Vis") -> Evo16Vis | F47: number | G47: {=IF((INDEX('Remplissage - Sit. Init.'!$C$23:$I$472,MATCH((_xlfn.CONCAT("Catégorie "&RIGHT(B47,2)))&('Remplissage - Sit. Init.'!$D$30),('Remplissage - Sit. Init.'!$C$23:$C$472)&('Remplissage - Sit. Init.'!$D$23:$D$472),0),7))>0,1,0)} -> 0 | J47: % | L47: La valeur à indiquer ici, est le pourcentage d'augmentation de la catégorie de véhicule (nombre de véhicule et nombre de kilomètre)
A48: Evolution du parc routier initial | B48: Evolution du TR 16 | C48: =_xlfn.CONCAT("Evolution visée du taux de remplissage pour les ",INDIRECT("'Parcs types'!D"&D48)) -> Evolution visée du taux de remplissage pour les PL Electrique >20-26t (Crit'Air E) | D48: 22 | E48: =_xlfn.CONCAT(LEFT(B48,3),RIGHT(B48,2),"VisTR") -> Evo16VisTR | F48: number | G48: {=IF((INDEX('Remplissage - Sit. Init.'!$C$23:$I$472,MATCH((_xlfn.CONCAT("Catégorie "&RIGHT(B48,2)))&('Remplissage - Sit. Init.'!$D$32),('Remplissage - Sit. Init.'!$C$23:$C$472)&('Remplissage - Sit. Init.'!$D$23:$D$472),0),7))>0,1,0)} -> 0 | J48: % | L48: La valeur à indiquer ici, est le pourcentage d'augmentation du taux de remplissage de la catégorie de véhicule
A49: Evolution du parc routier initial | B49: Evolution 17 | C49: =_xlfn.CONCAT("Evolution visée pour les ",INDIRECT("'Parcs types'!D"&D49)) -> Evolution visée pour les PL Electrique >28-34t (Crit'Air E) | D49: 23 | E49: =_xlfn.CONCAT(LEFT(B49,3),RIGHT(B49,2),"Vis") -> Evo17Vis | F49: number | G49: {=IF((INDEX('Remplissage - Sit. Init.'!$C$23:$I$472,MATCH((_xlfn.CONCAT("Catégorie "&RIGHT(B49,2)))&('Remplissage - Sit. Init.'!$D$30),('Remplissage - Sit. Init.'!$C$23:$C$472)&('Remplissage - Sit. Init.'!$D$23:$D$472),0),7))>0,1,0)} -> 0 | J49: % | L49: La valeur à indiquer ici, est le pourcentage d'augmentation de la catégorie de véhicule (nombre de véhicule et nombre de kilomètre)
A50: Evolution du parc routier initial | B50: Evolution du TR 17 | C50: =_xlfn.CONCAT("Evolution visée du taux de remplissage pour les ",INDIRECT("'Parcs types'!D"&D50)) -> Evolution visée du taux de remplissage pour les PL Electrique >28-34t (Crit'Air E) | D50: 23 | E50: =_xlfn.CONCAT(LEFT(B50,3),RIGHT(B50,2),"VisTR") -> Evo17VisTR | F50: number | G50: {=IF((INDEX('Remplissage - Sit. Init.'!$C$23:$I$472,MATCH((_xlfn.CONCAT("Catégorie "&RIGHT(B50,2)))&('Remplissage - Sit. Init.'!$D$32),('Remplissage - Sit. Init.'!$C$23:$C$472)&('Remplissage - Sit. Init.'!$D$23:$D$472),0),7))>0,1,0)} -> 0 | J50: % | L50: La valeur à indiquer ici, est le pourcentage d'augmentation du taux de remplissage de la catégorie de véhicule
A51: Evolution du parc routier initial | B51: Evolution 18 | C51: =_xlfn.CONCAT("Evolution visée pour les ",INDIRECT("'Parcs types'!D"&D51)) -> Evolution visée pour les PL Electrique >34-40t (Crit'Air E) | D51: 24 | E51: =_xlfn.CONCAT(LEFT(B51,3),RIGHT(B51,2),"Vis") -> Evo18Vis | F51: number | G51: {=IF((INDEX('Remplissage - Sit. Init.'!$C$23:$I$472,MATCH((_xlfn.CONCAT("Catégorie "&RIGHT(B51,2)))&('Remplissage - Sit. Init.'!$D$30),('Remplissage - Sit. Init.'!$C$23:$C$472)&('Remplissage - Sit. Init.'!$D$23:$D$472),0),7))>0,1,0)} -> 0 | J51: % | L51: La valeur à indiquer ici, est le pourcentage d'augmentation de la catégorie de véhicule (nombre de véhicule et nombre de kilomètre)
A52: Evolution du parc routier initial | B52: Evolution du TR 18 | C52: =_xlfn.CONCAT("Evolution visée du taux de remplissage pour les ",INDIRECT("'Parcs types'!D"&D52)) -> Evolution visée du taux de remplissage pour les PL Electrique >34-40t (Crit'Air E) | D52: 24 | E52: =_xlfn.CONCAT(LEFT(B52,3),RIGHT(B52,2),"VisTR") -> Evo18VisTR | F52: number | G52: {=IF((INDEX('Remplissage - Sit. Init.'!$C$23:$I$472,MATCH((_xlfn.CONCAT("Catégorie "&RIGHT(B52,2)))&('Remplissage - Sit. Init.'!$D$32),('Remplissage - Sit. Init.'!$C$23:$C$472)&('Remplissage - Sit. Init.'!$D$23:$D$472),0),7))>0,1,0)} -> 0 | J52: % | L52: La valeur à indiquer ici, est le pourcentage d'augmentation du taux de remplissage de la catégorie de véhicule
A53: Evolution du parc routier initial | B53: Evolution 19 | C53: =_xlfn.CONCAT("Evolution visée pour les ",INDIRECT("'Parcs types'!D"&D53)) -> Evolution visée pour les PL Diesel <=7.5t (Crit'Air 2) | D53: 25 | E53: =_xlfn.CONCAT(LEFT(B53,3),RIGHT(B53,2),"Vis") -> Evo19Vis | F53: number | G53: {=IF((INDEX('Remplissage - Sit. Init.'!$C$23:$I$472,MATCH((_xlfn.CONCAT("Catégorie "&RIGHT(B53,2)))&('Remplissage - Sit. Init.'!$D$30),('Remplissage - Sit. Init.'!$C$23:$C$472)&('Remplissage - Sit. Init.'!$D$23:$D$472),0),7))>0,1,0)} -> 0 | J53: % | L53: La valeur à indiquer ici, est le pourcentage d'augmentation de la catégorie de véhicule (nombre de véhicule et nombre de kilomètre)
A54: Evolution du parc routier initial | B54: Evolution du TR 19 | C54: =_xlfn.CONCAT("Evolution visée du taux de remplissage pour les ",INDIRECT("'Parcs types'!D"&D54)) -> Evolution visée du taux de remplissage pour les PL Diesel <=7.5t (Crit'Air 2) | D54: 25 | E54: =_xlfn.CONCAT(LEFT(B54,3),RIGHT(B54,2),"VisTR") -> Evo19VisTR | F54: number | G54: {=IF((INDEX('Remplissage - Sit. Init.'!$C$23:$I$472,MATCH((_xlfn.CONCAT("Catégorie "&RIGHT(B54,2)))&('Remplissage - Sit. Init.'!$D$32),('Remplissage - Sit. Init.'!$C$23:$C$472)&('Remplissage - Sit. Init.'!$D$23:$D$472),0),7))>0,1,0)} -> 0 | J54: % | L54: La valeur à indiquer ici, est le pourcentage d'augmentation du taux de remplissage de la catégorie de véhicule
A55: Evolution du parc routier initial | B55: Evolution 20 | C55: =_xlfn.CONCAT("Evolution visée pour les ",INDIRECT("'Parcs types'!D"&D55)) -> Evolution visée pour les PL Diesel <=7.5t (Crit'Air 3) | D55: 26 | E55: =_xlfn.CONCAT(LEFT(B55,3),RIGHT(B55,2),"Vis") -> Evo20Vis | F55: number | G55: {=IF((INDEX('Remplissage - Sit. Init.'!$C$23:$I$472,MATCH((_xlfn.CONCAT("Catégorie "&RIGHT(B55,2)))&('Remplissage - Sit. Init.'!$D$30),('Remplissage - Sit. Init.'!$C$23:$C$472)&('Remplissage - Sit. Init.'!$D$23:$D$472),0),7))>0,1,0)} -> 0 | J55: % | L55: La valeur à indiquer ici, est le pourcentage d'augmentation de la catégorie de véhicule (nombre de véhicule et nombre de kilomètre)
A56: Evolution du parc routier initial | B56: Evolution du TR 20 | C56: =_xlfn.CONCAT("Evolution visée du taux de remplissage pour les ",INDIRECT("'Parcs types'!D"&D56)) -> Evolution visée du taux de remplissage pour les PL Diesel <=7.5t (Crit'Air 3) | D56: 26 | E56: =_xlfn.CONCAT(LEFT(B56,3),RIGHT(B56,2),"VisTR") -> Evo20VisTR | F56: number | G56: {=IF((INDEX('Remplissage - Sit. Init.'!$C$23:$I$472,MATCH((_xlfn.CONCAT("Catégorie "&RIGHT(B56,2)))&('Remplissage - Sit. Init.'!$D$32),('Remplissage - Sit. Init.'!$C$23:$C$472)&('Remplissage - Sit. Init.'!$D$23:$D$472),0),7))>0,1,0)} -> 0 | J56: % | L56: La valeur à indiquer ici, est le pourcentage d'augmentation du taux de remplissage de la catégorie de véhicule
A57: Evolution du parc routier initial | B57: Evolution 21 | C57: =_xlfn.CONCAT("Evolution visée pour les ",INDIRECT("'Parcs types'!D"&D57)) -> Evolution visée pour les PL Diesel <=7.5t (Crit'Air 4) | D57: 27 | E57: =_xlfn.CONCAT(LEFT(B57,3),RIGHT(B57,2),"Vis") -> Evo21Vis | F57: number | G57: {=IF((INDEX('Remplissage - Sit. Init.'!$C$23:$I$472,MATCH((_xlfn.CONCAT("Catégorie "&RIGHT(B57,2)))&('Remplissage - Sit. Init.'!$D$30),('Remplissage - Sit. Init.'!$C$23:$C$472)&('Remplissage - Sit. Init.'!$D$23:$D$472),0),7))>0,1,0)} -> 0 | J57: % | L57: La valeur à indiquer ici, est le pourcentage d'augmentation de la catégorie de véhicule (nombre de véhicule et nombre de kilomètre)
A58: Evolution du parc routier initial | B58: Evolution du TR 21 | C58: =_xlfn.CONCAT("Evolution visée du taux de remplissage pour les ",INDIRECT("'Parcs types'!D"&D58)) -> Evolution visée du taux de remplissage pour les PL Diesel <=7.5t (Crit'Air 4) | D58: 27 | E58: =_xlfn.CONCAT(LEFT(B58,3),RIGHT(B58,2),"VisTR") -> Evo21VisTR | F58: number | G58: {=IF((INDEX('Remplissage - Sit. Init.'!$C$23:$I$472,MATCH((_xlfn.CONCAT("Catégorie "&RIGHT(B58,2)))&('Remplissage - Sit. Init.'!$D$32),('Remplissage - Sit. Init.'!$C$23:$C$472)&('Remplissage - Sit. Init.'!$D$23:$D$472),0),7))>0,1,0)} -> 0 | J58: % | L58: La valeur à indiquer ici, est le pourcentage d'augmentation du taux de remplissage de la catégorie de véhicule
A59: Evolution du parc routier initial | B59: Evolution 22 | C59: =_xlfn.CONCAT("Evolution visée pour les ",INDIRECT("'Parcs types'!D"&D59)) -> Evolution visée pour les PL Diesel <=7.5t (Crit'Air 5) | D59: 28 | E59: =_xlfn.CONCAT(LEFT(B59,3),RIGHT(B59,2),"Vis") -> Evo22Vis | F59: number | G59: {=IF((INDEX('Remplissage - Sit. Init.'!$C$23:$I$472,MATCH((_xlfn.CONCAT("Catégorie "&RIGHT(B59,2)))&('Remplissage - Sit. Init.'!$D$30),('Remplissage - Sit. Init.'!$C$23:$C$472)&('Remplissage - Sit. Init.'!$D$23:$D$472),0),7))>0,1,0)} -> 0 | J59: % | L59: La valeur à indiquer ici, est le pourcentage d'augmentation de la catégorie de véhicule (nombre de véhicule et nombre de kilomètre)
A60: Evolution du parc routier initial | B60: Evolution du TR 22 | C60: =_xlfn.CONCAT("Evolution visée du taux de remplissage pour les ",INDIRECT("'Parcs types'!D"&D60)) -> Evolution visée du taux de remplissage pour les PL Diesel <=7.5t (Crit'Air 5) | D60: 28 | E60: =_xlfn.CONCAT(LEFT(B60,3),RIGHT(B60,2),"VisTR") -> Evo22VisTR | F60: number | G60: {=IF((INDEX('Remplissage - Sit. Init.'!$C$23:$I$472,MATCH((_xlfn.CONCAT("Catégorie "&RIGHT(B60,2)))&('Remplissage - Sit. Init.'!$D$32),('Remplissage - Sit. Init.'!$C$23:$C$472)&('Remplissage - Sit. Init.'!$D$23:$D$472),0),7))>0,1,0)} -> 0 | J60: % | L60: La valeur à indiquer ici, est le pourcentage d'augmentation du taux de remplissage de la catégorie de véhicule
A61: Evolution du parc routier initial | B61: Evolution 23 | C61: =_xlfn.CONCAT("Evolution visée pour les ",INDIRECT("'Parcs types'!D"&D61)) -> Evolution visée pour les PL Diesel >7.5-12t (Crit'Air 2) | D61: 29 | E61: =_xlfn.CONCAT(LEFT(B61,3),RIGHT(B61,2),"Vis") -> Evo23Vis | F61: number | G61: {=IF((INDEX('Remplissage - Sit. Init.'!$C$23:$I$472,MATCH((_xlfn.CONCAT("Catégorie "&RIGHT(B61,2)))&('Remplissage - Sit. Init.'!$D$30),('Remplissage - Sit. Init.'!$C$23:$C$472)&('Remplissage - Sit. Init.'!$D$23:$D$472),0),7))>0,1,0)} -> 0 | J61: % | L61: La valeur à indiquer ici, est le pourcentage d'augmentation de la catégorie de véhicule (nombre de véhicule et nombre de kilomètre)
A62: Evolution du parc routier initial | B62: Evolution du TR 23 | C62: =_xlfn.CONCAT("Evolution visée du taux de remplissage pour les ",INDIRECT("'Parcs types'!D"&D62)) -> Evolution visée du taux de remplissage pour les PL Diesel >7.5-12t (Crit'Air 2) | D62: 29 | E62: =_xlfn.CONCAT(LEFT(B62,3),RIGHT(B62,2),"VisTR") -> Evo23VisTR | F62: number | G62: {=IF((INDEX('Remplissage - Sit. Init.'!$C$23:$I$472,MATCH((_xlfn.CONCAT("Catégorie "&RIGHT(B62,2)))&('Remplissage - Sit. Init.'!$D$32),('Remplissage - Sit. Init.'!$C$23:$C$472)&('Remplissage - Sit. Init.'!$D$23:$D$472),0),7))>0,1,0)} -> 0 | J62: % | L62: La valeur à indiquer ici, est le pourcentage d'augmentation du taux de remplissage de la catégorie de véhicule
A63: Evolution du parc routier initial | B63: Evolution 24 | C63: =_xlfn.CONCAT("Evolution visée pour les ",INDIRECT("'Parcs types'!D"&D63)) -> Evolution visée pour les PL Diesel >7.5-12t (Crit'Air 3) | D63: 30 | E63: =_xlfn.CONCAT(LEFT(B63,3),RIGHT(B63,2),"Vis") -> Evo24Vis | F63: number | G63: {=IF((INDEX('Remplissage - Sit. Init.'!$C$23:$I$472,MATCH((_xlfn.CONCAT("Catégorie "&RIGHT(B63,2)))&('Remplissage - Sit. Init.'!$D$30),('Remplissage - Sit. Init.'!$C$23:$C$472)&('Remplissage - Sit. Init.'!$D$23:$D$472),0),7))>0,1,0)} -> 0 | J63: % | L63: La valeur à indiquer ici, est le pourcentage d'augmentation de la catégorie de véhicule (nombre de véhicule et nombre de kilomètre)
A64: Evolution du parc routier initial | B64: Evolution du TR 24 | C64: =_xlfn.CONCAT("Evolution visée pour les ",INDIRECT("'Parcs types'!D"&D64)) -> Evolution visée pour les PL Diesel >7.5-12t (Crit'Air 3) | D64: 30 | E64: =_xlfn.CONCAT(LEFT(B64,3),RIGHT(B64,2),"VisTR") -> Evo24VisTR | F64: number | G64: {=IF((INDEX('Remplissage - Sit. Init.'!$C$23:$I$472,MATCH((_xlfn.CONCAT("Catégorie "&RIGHT(B64,2)))&('Remplissage - Sit. Init.'!$D$32),('Remplissage - Sit. Init.'!$C$23:$C$472)&('Remplissage - Sit. Init.'!$D$23:$D$472),0),7))>0,1,0)} -> 0 | J64: % | L64: La valeur à indiquer ici, est le pourcentage d'augmentation du taux de remplissage de la catégorie de véhicule
A65: Evolution du parc routier initial | B65: Evolution 25 | C65: =_xlfn.CONCAT("Evolution visée du taux de remplissage pour les ",INDIRECT("'Parcs types'!D"&D65)) -> Evolution visée du taux de remplissage pour les PL Diesel >7.5-12t (Crit'Air 4) | D65: 31 | E65: =_xlfn.CONCAT(LEFT(B65,3),RIGHT(B65,2),"Vis") -> Evo25Vis | F65: number | G65: {=IF((INDEX('Remplissage - Sit. Init.'!$C$23:$I$472,MATCH((_xlfn.CONCAT("Catégorie "&RIGHT(B65,2)))&('Remplissage - Sit. Init.'!$D$30),('Remplissage - Sit. Init.'!$C$23:$C$472)&('Remplissage - Sit. Init.'!$D$23:$D$472),0),7))>0,1,0)} -> 0 | J65: % | L65: La valeur à indiquer ici, est le pourcentage d'augmentation de la catégorie de véhicule (nombre de véhicule et nombre de kilomètre)
A66: Evolution du parc routier initial | B66: Evolution du TR 25 | C66: =_xlfn.CONCAT("Evolution visée pour les ",INDIRECT("'Parcs types'!D"&D66)) -> Evolution visée pour les PL Diesel >7.5-12t (Crit'Air 4) | D66: 31 | E66: =_xlfn.CONCAT(LEFT(B66,3),RIGHT(B66,2),"VisTR") -> Evo25VisTR | F66: number | G66: {=IF((INDEX('Remplissage - Sit. Init.'!$C$23:$I$472,MATCH((_xlfn.CONCAT("Catégorie "&RIGHT(B66,2)))&('Remplissage - Sit. Init.'!$D$32),('Remplissage - Sit. Init.'!$C$23:$C$472)&('Remplissage - Sit. Init.'!$D$23:$D$472),0),7))>0,1,0)} -> 0 | J66: % | L66: La valeur à indiquer ici, est le pourcentage d'augmentation du taux de remplissage de la catégorie de véhicule
A67: Evolution du parc routier initial | B67: Evolution 26 | C67: =_xlfn.CONCAT("Evolution visée du taux de remplissage pour les ",INDIRECT("'Parcs types'!D"&D67)) -> Evolution visée du taux de remplissage pour les PL Diesel >7.5-12t (Crit'Air 5) | D67: 32 | E67: =_xlfn.CONCAT(LEFT(B67,3),RIGHT(B67,2),"Vis") -> Evo26Vis | F67: number | G67: {=IF((INDEX('Remplissage - Sit. Init.'!$C$23:$I$472,MATCH((_xlfn.CONCAT("Catégorie "&RIGHT(B67,2)))&('Remplissage - Sit. Init.'!$D$30),('Remplissage - Sit. Init.'!$C$23:$C$472)&('Remplissage - Sit. Init.'!$D$23:$D$472),0),7))>0,1,0)} -> 0 | J67: % | L67: La valeur à indiquer ici, est le pourcentage d'augmentation de la catégorie de véhicule (nombre de véhicule et nombre de kilomètre)
A68: Evolution du parc routier initial | B68: Evolution du TR 26 | C68: =_xlfn.CONCAT("Evolution visée pour les ",INDIRECT("'Parcs types'!D"&D68)) -> Evolution visée pour les PL Diesel >7.5-12t (Crit'Air 5) | D68: 32 | E68: =_xlfn.CONCAT(LEFT(B68,3),RIGHT(B68,2),"VisTR") -> Evo26VisTR | F68: number | G68: {=IF((INDEX('Remplissage - Sit. Init.'!$C$23:$I$472,MATCH((_xlfn.CONCAT("Catégorie "&RIGHT(B68,2)))&('Remplissage - Sit. Init.'!$D$32),('Remplissage - Sit. Init.'!$C$23:$C$472)&('Remplissage - Sit. Init.'!$D$23:$D$472),0),7))>0,1,0)} -> 0 | J68: % | L68: La valeur à indiquer ici, est le pourcentage d'augmentation du taux de remplissage de la catégorie de véhicule
A69: Evolution du parc routier initial | B69: Evolution 27 | C69: =_xlfn.CONCAT("Evolution visée du taux de remplissage pour les ",INDIRECT("'Parcs types'!D"&D69)) -> Evolution visée du taux de remplissage pour les PL Diesel >14-20t (Crit'Air 2) | D69: 33 | E69: =_xlfn.CONCAT(LEFT(B69,3),RIGHT(B69,2),"Vis") -> Evo27Vis | F69: number | G69: {=IF((INDEX('Remplissage - Sit. Init.'!$C$23:$I$472,MATCH((_xlfn.CONCAT("Catégorie "&RIGHT(B69,2)))&('Remplissage - Sit. Init.'!$D$30),('Remplissage - Sit. Init.'!$C$23:$C$472)&('Remplissage - Sit. Init.'!$D$23:$D$472),0),7))>0,1,0)} -> 0 | J69: % | L69: La valeur à indiquer ici, est le pourcentage d'augmentation de la catégorie de véhicule (nombre de véhicule et nombre de kilomètre)
A70: Evolution du parc routier initial | B70: Evolution du TR 27 | C70: =_xlfn.CONCAT("Evolution visée pour les ",INDIRECT("'Parcs types'!D"&D70)) -> Evolution visée pour les PL Diesel >14-20t (Crit'Air 2) | D70: 33 | E70: =_xlfn.CONCAT(LEFT(B70,3),RIGHT(B70,2),"VisTR") -> Evo27VisTR | F70: number | G70: {=IF((INDEX('Remplissage - Sit. Init.'!$C$23:$I$472,MATCH((_xlfn.CONCAT("Catégorie "&RIGHT(B70,2)))&('Remplissage - Sit. Init.'!$D$32),('Remplissage - Sit. Init.'!$C$23:$C$472)&('Remplissage - Sit. Init.'!$D$23:$D$472),0),7))>0,1,0)} -> 0 | J70: % | L70: La valeur à indiquer ici, est le pourcentage d'augmentation du taux de remplissage de la catégorie de véhicule
A71: Evolution du parc routier initial | B71: Evolution 28 | C71: =_xlfn.CONCAT("Evolution visée du taux de remplissage pour les ",INDIRECT("'Parcs types'!D"&D71)) -> Evolution visée du taux de remplissage pour les PL Diesel >14-20t (Crit'Air 3) | D71: 34 | E71: =_xlfn.CONCAT(LEFT(B71,3),RIGHT(B71,2),"Vis") -> Evo28Vis | F71: number | G71: {=IF((INDEX('Remplissage - Sit. Init.'!$C$23:$I$472,MATCH((_xlfn.CONCAT("Catégorie "&RIGHT(B71,2)))&('Remplissage - Sit. Init.'!$D$30),('Remplissage - Sit. Init.'!$C$23:$C$472)&('Remplissage - Sit. Init.'!$D$23:$D$472),0),7))>0,1,0)} -> 0 | J71: % | L71: La valeur à indiquer ici, est le pourcentage d'augmentation de la catégorie de véhicule (nombre de véhicule et nombre de kilomètre)
A72: Evolution du parc routier initial | B72: Evolution du TR 28 | C72: =_xlfn.CONCAT("Evolution visée pour les ",INDIRECT("'Parcs types'!D"&D72)) -> Evolution visée pour les PL Diesel >14-20t (Crit'Air 3) | D72: 34 | E72: =_xlfn.CONCAT(LEFT(B72,3),RIGHT(B72,2),"VisTR") -> Evo28VisTR | F72: number | G72: {=IF((INDEX('Remplissage - Sit. Init.'!$C$23:$I$472,MATCH((_xlfn.CONCAT("Catégorie "&RIGHT(B72,2)))&('Remplissage - Sit. Init.'!$D$32),('Remplissage - Sit. Init.'!$C$23:$C$472)&('Remplissage - Sit. Init.'!$D$23:$D$472),0),7))>0,1,0)} -> 0 | J72: % | L72: La valeur à indiquer ici, est le pourcentage d'augmentation du taux de remplissage de la catégorie de véhicule
A73: Evolution du parc routier initial | B73: Evolution 29 | C73: =_xlfn.CONCAT("Evolution visée du taux de remplissage pour les ",INDIRECT("'Parcs types'!D"&D73)) -> Evolution visée du taux de remplissage pour les PL Diesel >14-20t (Crit'Air 4) | D73: 35 | E73: =_xlfn.CONCAT(LEFT(B73,3),RIGHT(B73,2),"Vis") -> Evo29Vis | F73: number | G73: {=IF((INDEX('Remplissage - Sit. Init.'!$C$23:$I$472,MATCH((_xlfn.CONCAT("Catégorie "&RIGHT(B73,2)))&('Remplissage - Sit. Init.'!$D$30),('Remplissage - Sit. Init.'!$C$23:$C$472)&('Remplissage - Sit. Init.'!$D$23:$D$472),0),7))>0,1,0)} -> 0 | J73: % | L73: La valeur à indiquer ici, est le pourcentage d'augmentation de la catégorie de véhicule (nombre de véhicule et nombre de kilomètre)
A74: Evolution du parc routier initial | B74: Evolution du TR 29 | C74: =_xlfn.CONCAT("Evolution visée pour les ",INDIRECT("'Parcs types'!D"&D74)) -> Evolution visée pour les PL Diesel >14-20t (Crit'Air 4) | D74: 35 | E74: =_xlfn.CONCAT(LEFT(B74,3),RIGHT(B74,2),"VisTR") -> Evo29VisTR | F74: number | G74: {=IF((INDEX('Remplissage - Sit. Init.'!$C$23:$I$472,MATCH((_xlfn.CONCAT("Catégorie "&RIGHT(B74,2)))&('Remplissage - Sit. Init.'!$D$32),('Remplissage - Sit. Init.'!$C$23:$C$472)&('Remplissage - Sit. Init.'!$D$23:$D$472),0),7))>0,1,0)} -> 0 | J74: % | L74: La valeur à indiquer ici, est le pourcentage d'augmentation du taux de remplissage de la catégorie de véhicule
A75: Evolution du parc routier initial | B75: Evolution 30 | C75: =_xlfn.CONCAT("Evolution visée du taux de remplissage pour les ",INDIRECT("'Parcs types'!D"&D75)) -> Evolution visée du taux de remplissage pour les PL Diesel >14-20t (Crit'Air 5) | D75: 36 | E75: =_xlfn.CONCAT(LEFT(B75,3),RIGHT(B75,2),"Vis") -> Evo30Vis | F75: number | G75: {=IF((INDEX('Remplissage - Sit. Init.'!$C$23:$I$472,MATCH((_xlfn.CONCAT("Catégorie "&RIGHT(B75,2)))&('Remplissage - Sit. Init.'!$D$30),('Remplissage - Sit. Init.'!$C$23:$C$472)&('Remplissage - Sit. Init.'!$D$23:$D$472),0),7))>0,1,0)} -> 0 | J75: % | L75: La valeur à indiquer ici, est le pourcentage d'augmentation de la catégorie de véhicule (nombre de véhicule et nombre de kilomètre)
A76: Evolution du parc routier initial | B76: Evolution du TR 30 | C76: =_xlfn.CONCAT("Evolution visée pour les ",INDIRECT("'Parcs types'!D"&D76)) -> Evolution visée pour les PL Diesel >14-20t (Crit'Air 5) | D76: 36 | E76: =_xlfn.CONCAT(LEFT(B76,3),RIGHT(B76,2),"VisTR") -> Evo30VisTR | F76: number | G76: {=IF((INDEX('Remplissage - Sit. Init.'!$C$23:$I$472,MATCH((_xlfn.CONCAT("Catégorie "&RIGHT(B76,2)))&('Remplissage - Sit. Init.'!$D$32),('Remplissage - Sit. Init.'!$C$23:$C$472)&('Remplissage - Sit. Init.'!$D$23:$D$472),0),7))>0,1,0)} -> 0 | J76: % | L76: La valeur à indiquer ici, est le pourcentage d'augmentation du taux de remplissage de la catégorie de véhicule
A77: Evolution du parc routier initial | B77: Evolution 31 | C77: =_xlfn.CONCAT("Evolution visée du taux de remplissage pour les ",INDIRECT("'Parcs types'!D"&D77)) -> Evolution visée du taux de remplissage pour les PL Diesel >20-26t (Crit'Air 2) | D77: 37 | E77: =_xlfn.CONCAT(LEFT(B77,3),RIGHT(B77,2),"Vis") -> Evo31Vis | F77: number | G77: {=IF((INDEX('Remplissage - Sit. Init.'!$C$23:$I$472,MATCH((_xlfn.CONCAT("Catégorie "&RIGHT(B77,2)))&('Remplissage - Sit. Init.'!$D$30),('Remplissage - Sit. Init.'!$C$23:$C$472)&('Remplissage - Sit. Init.'!$D$23:$D$472),0),7))>0,1,0)} -> 0 | J77: % | L77: La valeur à indiquer ici, est le pourcentage d'augmentation de la catégorie de véhicule (nombre de véhicule et nombre de kilomètre)
A78: Evolution du parc routier initial | B78: Evolution du TR 31 | C78: =_xlfn.CONCAT("Evolution visée pour les ",INDIRECT("'Parcs types'!D"&D78)) -> Evolution visée pour les PL Diesel >20-26t (Crit'Air 2) | D78: 37 | E78: =_xlfn.CONCAT(LEFT(B78,3),RIGHT(B78,2),"VisTR") -> Evo31VisTR | F78: number | G78: {=IF((INDEX('Remplissage - Sit. Init.'!$C$23:$I$472,MATCH((_xlfn.CONCAT("Catégorie "&RIGHT(B78,2)))&('Remplissage - Sit. Init.'!$D$32),('Remplissage - Sit. Init.'!$C$23:$C$472)&('Remplissage - Sit. Init.'!$D$23:$D$472),0),7))>0,1,0)} -> 0 | J78: % | L78: La valeur à indiquer ici, est le pourcentage d'augmentation du taux de remplissage de la catégorie de véhicule
A79: Evolution du parc routier initial | B79: Evolution 32 | C79: =_xlfn.CONCAT("Evolution visée du taux de remplissage pour les ",INDIRECT("'Parcs types'!D"&D79)) -> Evolution visée du taux de remplissage pour les PL Diesel >20-26t (Crit'Air 3) | D79: 38 | E79: =_xlfn.CONCAT(LEFT(B79,3),RIGHT(B79,2),"Vis") -> Evo32Vis | F79: number | G79: {=IF((INDEX('Remplissage - Sit. Init.'!$C$23:$I$472,MATCH((_xlfn.CONCAT("Catégorie "&RIGHT(B79,2)))&('Remplissage - Sit. Init.'!$D$30),('Remplissage - Sit. Init.'!$C$23:$C$472)&('Remplissage - Sit. Init.'!$D$23:$D$472),0),7))>0,1,0)} -> 0 | J79: % | L79: La valeur à indiquer ici, est le pourcentage d'augmentation de la catégorie de véhicule (nombre de véhicule et nombre de kilomètre)
A80: Evolution du parc routier initial | B80: Evolution du TR 32 | C80: =_xlfn.CONCAT("Evolution visée pour les ",INDIRECT("'Parcs types'!D"&D80)) -> Evolution visée pour les PL Diesel >20-26t (Crit'Air 3) | D80: 38 | E80: =_xlfn.CONCAT(LEFT(B80,3),RIGHT(B80,2),"VisTR") -> Evo32VisTR | F80: number | G80: {=IF((INDEX('Remplissage - Sit. Init.'!$C$23:$I$472,MATCH((_xlfn.CONCAT("Catégorie "&RIGHT(B80,2)))&('Remplissage - Sit. Init.'!$D$32),('Remplissage - Sit. Init.'!$C$23:$C$472)&('Remplissage - Sit. Init.'!$D$23:$D$472),0),7))>0,1,0)} -> 0 | J80: % | L80: La valeur à indiquer ici, est le pourcentage d'augmentation du taux de remplissage de la catégorie de véhicule
A81: Evolution du parc routier initial | B81: Evolution 33 | C81: =_xlfn.CONCAT("Evolution visée du taux de remplissage pour les ",INDIRECT("'Parcs types'!D"&D81)) -> Evolution visée du taux de remplissage pour les PL Diesel >20-26t (Crit'Air 4) | D81: 39 | E81: =_xlfn.CONCAT(LEFT(B81,3),RIGHT(B81,2),"Vis") -> Evo33Vis | F81: number | G81: {=IF((INDEX('Remplissage - Sit. Init.'!$C$23:$I$472,MATCH((_xlfn.CONCAT("Catégorie "&RIGHT(B81,2)))&('Remplissage - Sit. Init.'!$D$30),('Remplissage - Sit. Init.'!$C$23:$C$472)&('Remplissage - Sit. Init.'!$D$23:$D$472),0),7))>0,1,0)} -> 0 | J81: % | L81: La valeur à indiquer ici, est le pourcentage d'augmentation de la catégorie de véhicule (nombre de véhicule et nombre de kilomètre)
A82: Evolution du parc routier initial | B82: Evolution du TR 33 | C82: =_xlfn.CONCAT("Evolution visée pour les ",INDIRECT("'Parcs types'!D"&D82)) -> Evolution visée pour les PL Diesel >20-26t (Crit'Air 4) | D82: 39 | E82: =_xlfn.CONCAT(LEFT(B82,3),RIGHT(B82,2),"VisTR") -> Evo33VisTR | F82: number | G82: {=IF((INDEX('Remplissage - Sit. Init.'!$C$23:$I$472,MATCH((_xlfn.CONCAT("Catégorie "&RIGHT(B82,2)))&('Remplissage - Sit. Init.'!$D$32),('Remplissage - Sit. Init.'!$C$23:$C$472)&('Remplissage - Sit. Init.'!$D$23:$D$472),0),7))>0,1,0)} -> 0 | J82: % | L82: La valeur à indiquer ici, est le pourcentage d'augmentation du taux de remplissage de la catégorie de véhicule
A83: Evolution du parc routier initial | B83: Evolution 34 | C83: =_xlfn.CONCAT("Evolution visée du taux de remplissage pour les ",INDIRECT("'Parcs types'!D"&D83)) -> Evolution visée du taux de remplissage pour les PL Diesel >20-26t (Crit'Air 5) | D83: 40 | E83: =_xlfn.CONCAT(LEFT(B83,3),RIGHT(B83,2),"Vis") -> Evo34Vis | F83: number | G83: {=IF((INDEX('Remplissage - Sit. Init.'!$C$23:$I$472,MATCH((_xlfn.CONCAT("Catégorie "&RIGHT(B83,2)))&('Remplissage - Sit. Init.'!$D$30),('Remplissage - Sit. Init.'!$C$23:$C$472)&('Remplissage - Sit. Init.'!$D$23:$D$472),0),7))>0,1,0)} -> 0 | J83: % | L83: La valeur à indiquer ici, est le pourcentage d'augmentation de la catégorie de véhicule (nombre de véhicule et nombre de kilomètre)
A84: Evolution du parc routier initial | B84: Evolution du TR 34 | C84: =_xlfn.CONCAT("Evolution visée pour les ",INDIRECT("'Parcs types'!D"&D84)) -> Evolution visée pour les PL Diesel >20-26t (Crit'Air 5) | D84: 40 | E84: =_xlfn.CONCAT(LEFT(B84,3),RIGHT(B84,2),"VisTR") -> Evo34VisTR | F84: number | G84: {=IF((INDEX('Remplissage - Sit. Init.'!$C$23:$I$472,MATCH((_xlfn.CONCAT("Catégorie "&RIGHT(B84,2)))&('Remplissage - Sit. Init.'!$D$32),('Remplissage - Sit. Init.'!$C$23:$C$472)&('Remplissage - Sit. Init.'!$D$23:$D$472),0),7))>0,1,0)} -> 0 | J84: % | L84: La valeur à indiquer ici, est le pourcentage d'augmentation du taux de remplissage de la catégorie de véhicule
A85: Evolution du parc routier initial | B85: Evolution 35 | C85: =_xlfn.CONCAT("Evolution visée du taux de remplissage pour les ",INDIRECT("'Parcs types'!D"&D85)) -> Evolution visée du taux de remplissage pour les PL Diesel >28-34t (Crit'Air 2) | D85: 41 | E85: =_xlfn.CONCAT(LEFT(B85,3),RIGHT(B85,2),"Vis") -> Evo35Vis | F85: number | G85: {=IF((INDEX('Remplissage - Sit. Init.'!$C$23:$I$472,MATCH((_xlfn.CONCAT("Catégorie "&RIGHT(B85,2)))&('Remplissage - Sit. Init.'!$D$30),('Remplissage - Sit. Init.'!$C$23:$C$472)&('Remplissage - Sit. Init.'!$D$23:$D$472),0),7))>0,1,0)} -> 0 | J85: % | L85: La valeur à indiquer ici, est le pourcentage d'augmentation de la catégorie de véhicule (nombre de véhicule et nombre de kilomètre)
A86: Evolution du parc routier initial | B86: Evolution du TR 35 | C86: =_xlfn.CONCAT("Evolution visée pour les ",INDIRECT("'Parcs types'!D"&D86)) -> Evolution visée pour les PL Diesel >28-34t (Crit'Air 2) | D86: 41 | E86: =_xlfn.CONCAT(LEFT(B86,3),RIGHT(B86,2),"VisTR") -> Evo35VisTR | F86: number | G86: {=IF((INDEX('Remplissage - Sit. Init.'!$C$23:$I$472,MATCH((_xlfn.CONCAT("Catégorie "&RIGHT(B86,2)))&('Remplissage - Sit. Init.'!$D$32),('Remplissage - Sit. Init.'!$C$23:$C$472)&('Remplissage - Sit. Init.'!$D$23:$D$472),0),7))>0,1,0)} -> 0 | J86: % | L86: La valeur à indiquer ici, est le pourcentage d'augmentation du taux de remplissage de la catégorie de véhicule
A87: Evolution du parc routier initial | B87: Evolution 36 | C87: =_xlfn.CONCAT("Evolution visée du taux de remplissage pour les ",INDIRECT("'Parcs types'!D"&D87)) -> Evolution visée du taux de remplissage pour les PL Diesel >28-34t (Crit'Air 3) | D87: 42 | E87: =_xlfn.CONCAT(LEFT(B87,3),RIGHT(B87,2),"Vis") -> Evo36Vis | F87: number | G87: {=IF((INDEX('Remplissage - Sit. Init.'!$C$23:$I$472,MATCH((_xlfn.CONCAT("Catégorie "&RIGHT(B87,2)))&('Remplissage - Sit. Init.'!$D$30),('Remplissage - Sit. Init.'!$C$23:$C$472)&('Remplissage - Sit. Init.'!$D$23:$D$472),0),7))>0,1,0)} -> 0 | J87: % | L87: La valeur à indiquer ici, est le pourcentage d'augmentation de la catégorie de véhicule (nombre de véhicule et nombre de kilomètre)
A88: Evolution du parc routier initial | B88: Evolution du TR 36 | C88: =_xlfn.CONCAT("Evolution visée pour les ",INDIRECT("'Parcs types'!D"&D88)) -> Evolution visée pour les PL Diesel >28-34t (Crit'Air 3) | D88: 42 | E88: =_xlfn.CONCAT(LEFT(B88,3),RIGHT(B88,2),"VisTR") -> Evo36VisTR | F88: number | G88: {=IF((INDEX('Remplissage - Sit. Init.'!$C$23:$I$472,MATCH((_xlfn.CONCAT("Catégorie "&RIGHT(B88,2)))&('Remplissage - Sit. Init.'!$D$32),('Remplissage - Sit. Init.'!$C$23:$C$472)&('Remplissage - Sit. Init.'!$D$23:$D$472),0),7))>0,1,0)} -> 0 | J88: % | L88: La valeur à indiquer ici, est le pourcentage d'augmentation du taux de remplissage de la catégorie de véhicule
A89: Evolution du parc routier initial | B89: Evolution 37 | C89: =_xlfn.CONCAT("Evolution visée du taux de remplissage pour les ",INDIRECT("'Parcs types'!D"&D89)) -> Evolution visée du taux de remplissage pour les PL Diesel >28-34t (Crit'Air 4) | D89: 43 | E89: =_xlfn.CONCAT(LEFT(B89,3),RIGHT(B89,2),"Vis") -> Evo37Vis | F89: number | G89: {=IF((INDEX('Remplissage - Sit. Init.'!$C$23:$I$472,MATCH((_xlfn.CONCAT("Catégorie "&RIGHT(B89,2)))&('Remplissage - Sit. Init.'!$D$30),('Remplissage - Sit. Init.'!$C$23:$C$472)&('Remplissage - Sit. Init.'!$D$23:$D$472),0),7))>0,1,0)} -> 0 | J89: % | L89: La valeur à indiquer ici, est le pourcentage d'augmentation de la catégorie de véhicule (nombre de véhicule et nombre de kilomètre)
A90: Evolution du parc routier initial | B90: Evolution du TR 37 | C90: =_xlfn.CONCAT("Evolution visée pour les ",INDIRECT("'Parcs types'!D"&D90)) -> Evolution visée pour les PL Diesel >28-34t (Crit'Air 4) | D90: 43 | E90: =_xlfn.CONCAT(LEFT(B90,3),RIGHT(B90,2),"VisTR") -> Evo37VisTR | F90: number | G90: {=IF((INDEX('Remplissage - Sit. Init.'!$C$23:$I$472,MATCH((_xlfn.CONCAT("Catégorie "&RIGHT(B90,2)))&('Remplissage - Sit. Init.'!$D$32),('Remplissage - Sit. Init.'!$C$23:$C$472)&('Remplissage - Sit. Init.'!$D$23:$D$472),0),7))>0,1,0)} -> 0 | J90: % | L90: La valeur à indiquer ici, est le pourcentage d'augmentation du taux de remplissage de la catégorie de véhicule
A91: Evolution du parc routier initial | B91: Evolution 38 | C91: =_xlfn.CONCAT("Evolution visée du taux de remplissage pour les ",INDIRECT("'Parcs types'!D"&D91)) -> Evolution visée du taux de remplissage pour les PL Diesel >28-34t (Crit'Air 5) | D91: 44 | E91: =_xlfn.CONCAT(LEFT(B91,3),RIGHT(B91,2),"Vis") -> Evo38Vis | F91: number | G91: {=IF((INDEX('Remplissage - Sit. Init.'!$C$23:$I$472,MATCH((_xlfn.CONCAT("Catégorie "&RIGHT(B91,2)))&('Remplissage - Sit. Init.'!$D$30),('Remplissage - Sit. Init.'!$C$23:$C$472)&('Remplissage - Sit. Init.'!$D$23:$D$472),0),7))>0,1,0)} -> 0 | J91: % | L91: La valeur à indiquer ici, est le pourcentage d'augmentation de la catégorie de véhicule (nombre de véhicule et nombre de kilomètre)
A92: Evolution du parc routier initial | B92: Evolution du TR 38 | C92: =_xlfn.CONCAT("Evolution visée pour les ",INDIRECT("'Parcs types'!D"&D92)) -> Evolution visée pour les PL Diesel >28-34t (Crit'Air 5) | D92: 44 | E92: =_xlfn.CONCAT(LEFT(B92,3),RIGHT(B92,2),"VisTR") -> Evo38VisTR | F92: number | G92: {=IF((INDEX('Remplissage - Sit. Init.'!$C$23:$I$472,MATCH((_xlfn.CONCAT("Catégorie "&RIGHT(B92,2)))&('Remplissage - Sit. Init.'!$D$32),('Remplissage - Sit. Init.'!$C$23:$C$472)&('Remplissage - Sit. Init.'!$D$23:$D$472),0),7))>0,1,0)} -> 0 | J92: % | L92: La valeur à indiquer ici, est le pourcentage d'augmentation du taux de remplissage de la catégorie de véhicule
A93: Evolution du parc routier initial | B93: Evolution 39 | C93: =_xlfn.CONCAT("Evolution visée du taux de remplissage pour les ",INDIRECT("'Parcs types'!D"&D93)) -> Evolution visée du taux de remplissage pour les PL Diesel >34-40t (Crit'Air 2) | D93: 45 | E93: =_xlfn.CONCAT(LEFT(B93,3),RIGHT(B93,2),"Vis") -> Evo39Vis | F93: number | G93: {=IF((INDEX('Remplissage - Sit. Init.'!$C$23:$I$472,MATCH((_xlfn.CONCAT("Catégorie "&RIGHT(B93,2)))&('Remplissage - Sit. Init.'!$D$30),('Remplissage - Sit. Init.'!$C$23:$C$472)&('Remplissage - Sit. Init.'!$D$23:$D$472),0),7))>0,1,0)} -> 0 | J93: % | L93: La valeur à indiquer ici, est le pourcentage d'augmentation de la catégorie de véhicule (nombre de véhicule et nombre de kilomètre)
A94: Evolution du parc routier initial | B94: Evolution du TR 39 | C94: =_xlfn.CONCAT("Evolution visée pour les ",INDIRECT("'Parcs types'!D"&D94)) -> Evolution visée pour les PL Diesel >34-40t (Crit'Air 2) | D94: 45 | E94: =_xlfn.CONCAT(LEFT(B94,3),RIGHT(B94,2),"VisTR") -> Evo39VisTR | F94: number | G94: {=IF((INDEX('Remplissage - Sit. Init.'!$C$23:$I$472,MATCH((_xlfn.CONCAT("Catégorie "&RIGHT(B94,2)))&('Remplissage - Sit. Init.'!$D$32),('Remplissage - Sit. Init.'!$C$23:$C$472)&('Remplissage - Sit. Init.'!$D$23:$D$472),0),7))>0,1,0)} -> 0 | J94: % | L94: La valeur à indiquer ici, est le pourcentage d'augmentation du taux de remplissage de la catégorie de véhicule
A95: Evolution du parc routier initial | B95: Evolution 40 | C95: =_xlfn.CONCAT("Evolution visée du taux de remplissage pour les ",INDIRECT("'Parcs types'!D"&D95)) -> Evolution visée du taux de remplissage pour les PL Diesel >34-40t (Crit'Air 3) | D95: 46 | E95: =_xlfn.CONCAT(LEFT(B95,3),RIGHT(B95,2),"Vis") -> Evo40Vis | F95: number | G95: {=IF((INDEX('Remplissage - Sit. Init.'!$C$23:$I$472,MATCH((_xlfn.CONCAT("Catégorie "&RIGHT(B95,2)))&('Remplissage - Sit. Init.'!$D$30),('Remplissage - Sit. Init.'!$C$23:$C$472)&('Remplissage - Sit. Init.'!$D$23:$D$472),0),7))>0,1,0)} -> 0 | J95: % | L95: La valeur à indiquer ici, est le pourcentage d'augmentation de la catégorie de véhicule (nombre de véhicule et nombre de kilomètre)
A96: Evolution du parc routier initial | B96: Evolution du TR 40 | C96: =_xlfn.CONCAT("Evolution visée pour les ",INDIRECT("'Parcs types'!D"&D96)) -> Evolution visée pour les PL Diesel >34-40t (Crit'Air 3) | D96: 46 | E96: =_xlfn.CONCAT(LEFT(B96,3),RIGHT(B96,2),"VisTR") -> Evo40VisTR | F96: number | G96: {=IF((INDEX('Remplissage - Sit. Init.'!$C$23:$I$472,MATCH((_xlfn.CONCAT("Catégorie "&RIGHT(B96,2)))&('Remplissage - Sit. Init.'!$D$32),('Remplissage - Sit. Init.'!$C$23:$C$472)&('Remplissage - Sit. Init.'!$D$23:$D$472),0),7))>0,1,0)} -> 0 | J96: % | L96: La valeur à indiquer ici, est le pourcentage d'augmentation du taux de remplissage de la catégorie de véhicule
A97: Evolution du parc routier initial | B97: Evolution 41 | C97: =_xlfn.CONCAT("Evolution visée du taux de remplissage pour les ",INDIRECT("'Parcs types'!D"&D97)) -> Evolution visée du taux de remplissage pour les PL Diesel >34-40t (Crit'Air 4) | D97: 47 | E97: =_xlfn.CONCAT(LEFT(B97,3),RIGHT(B97,2),"Vis") -> Evo41Vis | F97: number | G97: {=IF((INDEX('Remplissage - Sit. Init.'!$C$23:$I$472,MATCH((_xlfn.CONCAT("Catégorie "&RIGHT(B97,2)))&('Remplissage - Sit. Init.'!$D$30),('Remplissage - Sit. Init.'!$C$23:$C$472)&('Remplissage - Sit. Init.'!$D$23:$D$472),0),7))>0,1,0)} -> 0 | J97: % | L97: La valeur à indiquer ici, est le pourcentage d'augmentation de la catégorie de véhicule (nombre de véhicule et nombre de kilomètre)
A98: Evolution du parc routier initial | B98: Evolution du TR 41 | C98: =_xlfn.CONCAT("Evolution visée pour les ",INDIRECT("'Parcs types'!D"&D98)) -> Evolution visée pour les PL Diesel >34-40t (Crit'Air 4) | D98: 47 | E98: =_xlfn.CONCAT(LEFT(B98,3),RIGHT(B98,2),"VisTR") -> Evo41VisTR | F98: number | G98: {=IF((INDEX('Remplissage - Sit. Init.'!$C$23:$I$472,MATCH((_xlfn.CONCAT("Catégorie "&RIGHT(B98,2)))&('Remplissage - Sit. Init.'!$D$32),('Remplissage - Sit. Init.'!$C$23:$C$472)&('Remplissage - Sit. Init.'!$D$23:$D$472),0),7))>0,1,0)} -> 0 | J98: % | L98: La valeur à indiquer ici, est le pourcentage d'augmentation du taux de remplissage de la catégorie de véhicule
A99: Evolution du parc routier initial | B99: Evolution 42 | C99: =_xlfn.CONCAT("Evolution visée du taux de remplissage pour les ",INDIRECT("'Parcs types'!D"&D99)) -> Evolution visée du taux de remplissage pour les PL Diesel >34-40t (Crit'Air 5) | D99: 48 | E99: =_xlfn.CONCAT(LEFT(B99,3),RIGHT(B99,2),"Vis") -> Evo42Vis | F99: number | G99: {=IF((INDEX('Remplissage - Sit. Init.'!$C$23:$I$472,MATCH((_xlfn.CONCAT("Catégorie "&RIGHT(B99,2)))&('Remplissage - Sit. Init.'!$D$30),('Remplissage - Sit. Init.'!$C$23:$C$472)&('Remplissage - Sit. Init.'!$D$23:$D$472),0),7))>0,1,0)} -> 0 | J99: % | L99: La valeur à indiquer ici, est le pourcentage d'augmentation de la catégorie de véhicule (nombre de véhicule et nombre de kilomètre)
A100: Evolution du parc routier initial | B100: Evolution du TR 42 | C100: =_xlfn.CONCAT("Evolution visée pour les ",INDIRECT("'Parcs types'!D"&D100)) -> Evolution visée pour les PL Diesel >34-40t (Crit'Air 5) | D100: 48 | E100: =_xlfn.CONCAT(LEFT(B100,3),RIGHT(B100,2),"VisTR") -> Evo42VisTR | F100: number | G100: {=IF((INDEX('Remplissage - Sit. Init.'!$C$23:$I$472,MATCH((_xlfn.CONCAT("Catégorie "&RIGHT(B100,2)))&('Remplissage - Sit. Init.'!$D$32),('Remplissage - Sit. Init.'!$C$23:$C$472)&('Remplissage - Sit. Init.'!$D$23:$D$472),0),7))>0,1,0)} -> 0 | J100: % | L100: La valeur à indiquer ici, est le pourcentage d'augmentation du taux de remplissage de la catégorie de véhicule
...

Sheet Agrégation total
B2: =UPPER("Gains globaux liés à la charte") -> GAINS GLOBAUX LIÉS À LA CHARTE
B4: Année de la situation initiale | C4: 2024 | D4: AnneeRempl
B5: Année de la situation prévisionnelle | C5: 2028 | D5: AnneeRempl
B6: Année de la situation expost | C6: 2028 | D6: AnneeRempl
B8: =UPPER("Gains prévisionnels") -> GAINS PRÉVISIONNELS
C10: Evolution relative | D10: Evolution cumulée | E10: =$C$4+1 -> 2025 | F10: =IF(E10<$C$5-1,E10+1,"") -> 2026 | G10: =IF(F10<$C$5-1,F10+1,"") -> 2027 | H10: =IF(G10<$C$5-1,G10+1,"") | I10: =IF(H10<$C$5-1,H10+1,"") | J10: =IF(I10<$C$5-1,I10+1,"") | K10: =IF(J10<$C$5-1,J10+1,"") | L10: =IF(K10<$C$5-1,K10+1,"") | M10: =IF(L10<$C$5-1,L10+1,"") | ... AC10: =IF(AB10<$C$5-1,AB10+1,"") | AD10: {=IFERROR(_xlfn.IFS($C$5>=AC$10+1,AC$10+1,$C$5=AC$10,"Evolution cumulée"),"")}
B11: GES (tCO2e) | C11: =SUM($C45,$C56,$C67,$C78,$C89,$C100,$C111,$C122,$C133,$C144) -> -14211.504 | D11: =SUM($E11:$XFD11,$C11) -> -35528.76 | E11: =IFERROR($C11*(E$10-$C$4)/($C$5-$C$4),"") -> -3552.876 | F11: =IFERROR($C11*(F$10-$C$4)/($C$5-$C$4),"") -> -7105.7521 | G11: =IFERROR($C11*(G$10-$C$4)/($C$5-$C$4),"") -> -10658.628 | H11: =IFERROR($C11*(H$10-$C$4)/($C$5-$C$4),"") | I11: =IFERROR($C11*(I$10-$C$4)/($C$5-$C$4),"") | J11: =IFERROR($C11*(J$10-$C$4)/($C$5-$C$4),"") | K11: =IFERROR($C11*(K$10-$C$4)/($C$5-$C$4),"") | L11: =IFERROR($C11*(L$10-$C$4)/($C$5-$C$4),"") | ... AD11: =IFERROR($C11*(AD$10-$C$4)/($C$5-$C$4),"")
B12: PM (kgPart) | C12: =SUM($C46,$C57,$C68,$C79,$C90,$C101,$C112,$C123,$C134,$C145) -> -443.20251 | D12: =SUM($E12:$XFD12,$C12) -> -1108.0063 | E12: =IFERROR($C12*(E$10-$C$4)/($C$5-$C$4),"") -> -110.80063 | F12: =IFERROR($C12*(F$10-$C$4)/($C$5-$C$4),"") -> -221.60126 | G12: =IFERROR($C12*(G$10-$C$4)/($C$5-$C$4),"") -> -332.40188 | H12: =IFERROR($C12*(H$10-$C$4)/($C$5-$C$4),"") | I12: =IFERROR($C12*(I$10-$C$4)/($C$5-$C$4),"") | J12: =IFERROR($C12*(J$10-$C$4)/($C$5-$C$4),"") | K12: =IFERROR($C12*(K$10-$C$4)/($C$5-$C$4),"") | L12: =IFERROR($C12*(L$10-$C$4)/($C$5-$C$4),"") | ... AD12: =IFERROR($C12*(AD$10-$C$4)/($C$5-$C$4),"")
B13: HC (kgHC) | C13: =SUM($C47,$C58,$C69,$C80,$C91,$C102,$C113,$C124,$C135,$C146) -> -686.64838 | D13: =SUM($E13:$XFD13,$C13) -> -1716.6209 | E13: =IFERROR($C13*(E$10-$C$4)/($C$5-$C$4),"") -> -171.66209 | F13: =IFERROR($C13*(F$10-$C$4)/($C$5-$C$4),"") -> -343.32419 | G13: =IFERROR($C13*(G$10-$C$4)/($C$5-$C$4),"") -> -514.98628 | H13: =IFERROR($C13*(H$10-$C$4)/($C$5-$C$4),"") | I13: =IFERROR($C13*(I$10-$C$4)/($C$5-$C$4),"") | J13: =IFERROR($C13*(J$10-$C$4)/($C$5-$C$4),"") | K13: =IFERROR($C13*(K$10-$C$4)/($C$5-$C$4),"") | L13: =IFERROR($C13*(L$10-$C$4)/($C$5-$C$4),"") | ... AD13: =IFERROR($C13*(AD$10-$C$4)/($C$5-$C$4),"")
B14: NOx (kgNOx) | C14: =SUM($C48,$C59,$C70,$C81,$C92,$C103,$C114,$C125,$C136,$C147) -> -19536.214 | D14: =SUM($E14:$XFD14,$C14) -> -48840.534 | E14: =IFERROR($C14*(E$10-$C$4)/($C$5-$C$4),"") -> -4884.0534 | F14: =IFERROR($C14*(F$10-$C$4)/($C$5-$C$4),"") -> -9768.1068 | G14: =IFERROR($C14*(G$10-$C$4)/($C$5-$C$4),"") -> -14652.16 | H14: =IFERROR($C14*(H$10-$C$4)/($C$5-$C$4),"") | I14: =IFERROR($C14*(I$10-$C$4)/($C$5-$C$4),"") | J14: =IFERROR($C14*(J$10-$C$4)/($C$5-$C$4),"") | K14: =IFERROR($C14*(K$10-$C$4)/($C$5-$C$4),"") | L14: =IFERROR($C14*(L$10-$C$4)/($C$5-$C$4),"") | ... AD14: =IFERROR($C14*(AD$10-$C$4)/($C$5-$C$4),"")
B15: CO (kgCO) | C15: =SUM($C49,$C60,$C71,$C82,$C93,$C104,$C115,$C126,$C137,$C148) -> -4879.5511 | D15: =SUM($E15:$XFD15,$C15) -> -12198.878 | E15: =IFERROR($C15*(E$10-$C$4)/($C$5-$C$4),"") -> -1219.8878 | F15: =IFERROR($C15*(F$10-$C$4)/($C$5-$C$4),"") -> -2439.7755 | G15: =IFERROR($C15*(G$10-$C$4)/($C$5-$C$4),"") -> -3659.6633 | H15: =IFERROR($C15*(H$10-$C$4)/($C$5-$C$4),"") | I15: =IFERROR($C15*(I$10-$C$4)/($C$5-$C$4),"") | J15: =IFERROR($C15*(J$10-$C$4)/($C$5-$C$4),"") | K15: =IFERROR($C15*(K$10-$C$4)/($C$5-$C$4),"") | L15: =IFERROR($C15*(L$10-$C$4)/($C$5-$C$4),"") | ... AD15: =IFERROR($C15*(AD$10-$C$4)/($C$5-$C$4),"")
B16: Énergie (kWh) | C16: =SUM($C50,$C61,$C72,$C83,$C94,$C105,$C116,$C127,$C138,$C149) -> #DIV/0! | D16: =SUM($E16:$XFD16,$C16) -> #DIV/0! | E16: =IFERROR($C16*(E$10-$C$4)/($C$5-$C$4),"") | F16: =IFERROR($C16*(F$10-$C$4)/($C$5-$C$4),"") | G16: =IFERROR($C16*(G$10-$C$4)/($C$5-$C$4),"") | H16: =IFERROR($C16*(H$10-$C$4)/($C$5-$C$4),"") | I16: =IFERROR($C16*(I$10-$C$4)/($C$5-$C$4),"") | J16: =IFERROR($C16*(J$10-$C$4)/($C$5-$C$4),"") | K16: =IFERROR($C16*(K$10-$C$4)/($C$5-$C$4),"") | L16: =IFERROR($C16*(L$10-$C$4)/($C$5-$C$4),"") | ... AD16: =IFERROR($C16*(AD$10-$C$4)/($C$5-$C$4),"")
B18: =UPPER("Gains réels") -> GAINS RÉELS
C20: Evolution relative | D20: Evolution cumulée | E20: =$C$4+1 -> 2025 | F20: =IF(E20<$C$6-1,E20+1,"") -> 2026 | G20: =IF(F20<$C$6-1,F20+1,"") -> 2027 | H20: =IF(G20<$C$6-1,G20+1,"") | I20: =IF(H20<$C$6-1,H20+1,"") | J20: =IF(I20<$C$6-1,I20+1,"") | K20: =IF(J20<$C$6-1,J20+1,"") | L20: =IF(K20<$C$6-1,K20+1,"") | M20: =IF(L20<$C$6-1,L20+1,"") | ... AE20: =IF(AD20<$C$6-1,AD20+1,"")
B21: GES (tCO2e) | C21: =SUM($E45,$E56,$E67,$E78,$E89,$E100,$E111,$E122,$E133,$E144) -> -27088.4 | D21: =SUM($E21:$XFD21,$C21) -> -67721 | E21: =IFERROR($C21*(E$20-$C$4)/($C$6-$C$4),"") -> -6772.1 | F21: =IFERROR($C21*(F$20-$C$4)/($C$6-$C$4),"") -> -13544.2 | G21: =IFERROR($C21*(G$20-$C$4)/($C$6-$C$4),"") -> -20316.3 | H21: =IFERROR($C21*(H$20-$C$4)/($C$6-$C$4),"") | I21: =IFERROR($C21*(I$20-$C$4)/($C$6-$C$4),"") | J21: =IFERROR($C21*(J$20-$C$4)/($C$6-$C$4),"") | K21: =IFERROR($C21*(K$20-$C$4)/($C$6-$C$4),"") | L21: =IFERROR($C21*(L$20-$C$4)/($C$6-$C$4),"") | ... AD21: =IFERROR($C21*(AD$20-$C$4)/($C$6-$C$4),"")
B22: PM (kgPart) | C22: =SUM($E46,$E57,$E68,$E79,$E90,$E101,$E112,$E123,$E134,$E145) -> -1885.3014 | D22: =SUM($E22:$XFD22,$C22) -> -4713.2536 | E22: =IFERROR($C22*(E$20-$C$4)/($C$6-$C$4),"") -> -471.32536 | F22: =IFERROR($C22*(F$20-$C$4)/($C$6-$C$4),"") -> -942.65072 | G22: =IFERROR($C22*(G$20-$C$4)/($C$6-$C$4),"") -> -1413.9761 | H22: =IFERROR($C22*(H$20-$C$4)/($C$6-$C$4),"") | I22: =IFERROR($C22*(I$20-$C$4)/($C$6-$C$4),"") | J22: =IFERROR($C22*(J$20-$C$4)/($C$6-$C$4),"") | K22: =IFERROR($C22*(K$20-$C$4)/($C$6-$C$4),"") | L22: =IFERROR($C22*(L$20-$C$4)/($C$6-$C$4),"") | ... AD22: =IFERROR($C22*(AD$20-$C$4)/($C$6-$C$4),"")
B23: HC (kgHC) | C23: =SUM($E47,$E58,$E69,$E80,$E91,$E102,$E113,$E124,$E135,$E146) -> -4736.2519 | D23: =SUM($E23:$XFD23,$C23) -> -11840.63 | E23: =IFERROR($C23*(E$20-$C$4)/($C$6-$C$4),"") -> -1184.063 | F23: =IFERROR($C23*(F$20-$C$4)/($C$6-$C$4),"") -> -2368.1259 | G23: =IFERROR($C23*(G$20-$C$4)/($C$6-$C$4),"") -> -3552.1889 | H23: =IFERROR($C23*(H$20-$C$4)/($C$6-$C$4),"") | I23: =IFERROR($C23*(I$20-$C$4)/($C$6-$C$4),"") | J23: =IFERROR($C23*(J$20-$C$4)/($C$6-$C$4),"") | K23: =IFERROR($C23*(K$20-$C$4)/($C$6-$C$4),"") | L23: =IFERROR($C23*(L$20-$C$4)/($C$6-$C$4),"") | ... AD23: =IFERROR($C23*(AD$20-$C$4)/($C$6-$C$4),"")
B24: NOx (kgNOx) | C24: =SUM($E48,$E59,$E70,$E81,$E92,$E103,$E114,$E125,$E136,$E147) -> -121351.78 | D24: =SUM($E24:$XFD24,$C24) -> -303379.46 | E24: =IFERROR($C24*(E$20-$C$4)/($C$6-$C$4),"") -> -30337.946 | F24: =IFERROR($C24*(F$20-$C$4)/($C$6-$C$4),"") -> -60675.891 | G24: =IFERROR($C24*(G$20-$C$4)/($C$6-$C$4),"") -> -91013.837 | H24: =IFERROR($C24*(H$20-$C$4)/($C$6-$C$4),"") | I24: =IFERROR($C24*(I$20-$C$4)/($C$6-$C$4),"") | J24: =IFERROR($C24*(J$20-$C$4)/($C$6-$C$4),"") | K24: =IFERROR($C24*(K$20-$C$4)/($C$6-$C$4),"") | L24: =IFERROR($C24*(L$20-$C$4)/($C$6-$C$4),"") | ... AD24: =IFERROR($C24*(AD$20-$C$4)/($C$6-$C$4),"")
B25: CO (kgCO) | C25: =SUM($E49,$E60,$E71,$E82,$E93,$E104,$E115,$E126,$E137,$E148) -> -27615.553 | D25: =SUM($E25:$XFD25,$C25) -> -69038.883 | E25: =IFERROR($C25*(E$20-$C$4)/($C$6-$C$4),"") -> -6903.8883 | F25: =IFERROR($C25*(F$20-$C$4)/($C$6-$C$4),"") -> -13807.777 | G25: =IFERROR($C25*(G$20-$C$4)/($C$6-$C$4),"") -> -20711.665 | H25: =IFERROR($C25*(H$20-$C$4)/($C$6-$C$4),"") | I25: =IFERROR($C25*(I$20-$C$4)/($C$6-$C$4),"") | J25: =IFERROR($C25*(J$20-$C$4)/($C$6-$C$4),"") | K25: =IFERROR($C25*(K$20-$C$4)/($C$6-$C$4),"") | L25: =IFERROR($C25*(L$20-$C$4)/($C$6-$C$4),"") | ... AD25: =IFERROR($C25*(AD$20-$C$4)/($C$6-$C$4),"")
B26: Énergie (kWh) | C26: =SUM($E50,$E61,$E72,$E83,$E94,$E105,$E116,$E127,$E138,$E149) -> #DIV/0! | D26: =SUM($E26:$XFD26,$C26) -> #DIV/0! | E26: =IFERROR($C26*(E$20-$C$4)/($C$6-$C$4),"") | F26: =IFERROR($C26*(F$20-$C$4)/($C$6-$C$4),"") | G26: =IFERROR($C26*(G$20-$C$4)/($C$6-$C$4),"") | H26: =IFERROR($C26*(H$20-$C$4)/($C$6-$C$4),"") | I26: =IFERROR($C26*(I$20-$C$4)/($C$6-$C$4),"") | J26: =IFERROR($C26*(J$20-$C$4)/($C$6-$C$4),"") | K26: =IFERROR($C26*(K$20-$C$4)/($C$6-$C$4),"") | L26: =IFERROR($C26*(L$20-$C$4)/($C$6-$C$4),"") | ... AD26: =IFERROR($C26*(AD$20-$C$4)/($C$6-$C$4),"")
B28: =UPPER("écart entre gains réels et gains prévisionnels") -> ÉCART ENTRE GAINS RÉELS ET GAINS PRÉVISIONNELS
C30: Ecart absolu | D30: Ecart relatif
B31: GES (tCO2e) | C31: =D21-D11 -> -32192.24 | D31: =C31/D11 -> 0.9060896
B32: PM (kgPart) | C32: =D22-D12 -> -3605.2473 | D32: =C32/D12 -> 3.2538149
B33: HC (kgHC) | C33: =D23-D13 -> -10124.009 | D33: =C33/D13 -> 5.8976379
B34: NOx (kgNOx) | C34: =D24-D14 -> -254538.92 | D34: =C34/D14 -> 5.2116326
B35: CO (kgCO) | C35: =D25-D15 -> -56840.005 | D35: =C35/D15 -> 4.6594454
B36: Énergie (kWh) | C36: =D26-D16 -> #DIV/0! | D36: =C36/D16 -> #DIV/0!
B39: =UPPER("Gains action par action") -> GAINS ACTION PAR ACTION
B41: B2
B43: Par comparaison à la situation de référence | C43: Situation prévisionnelle | D43: 0 | E43: Situation ex-post | F43: 0 | G43: 0
B44: 0 | C44: Évolution absolue | D44: Évolution relative | E44: Évolution absolue | F44: Évolution relative | G44: 0
B45: GES | C45: -1.7612678 | D45: -0.352 | E45: -3.5523139 | F45: -0.712 | G45: tCO2e/an
B46: PM | C46: -0.11071543 | D46: -0.352 | E46: -0.22361545 | F46: -0.712 | G46: kgPart/an
B47: HC | C47: -1.454378 | D47: -0.352 | E47: -2.9425685 | F47: -0.712 | G47: kgHC/an
B48: NOx | C48: -4.944545 | D48: -0.352 | E48: -9.9349618 | F48: -0.712 | G48: kgNOx/an
B49: CO | C49: -35.763114 | D49: -0.352 | E49: -72.334431 | F49: -0.712 | G49: kgCO/an
B50: Énergie | C50: #DIV/0! | D50: #DIV/0! | E50: #DIV/0! | F50: #DIV/0! | G50: kWh/an
B52: B3
B54: 0 | C54: Prév. absolu | D54: Prév. relatif | E54: Expost absolu | F54: Expost relatif | G54: 0
B55: Gain globaux pour la situation prévisionnelle et la situation de référence | C55: 0 | D55: 0 | E55: 0 | F55: 0 | G55: 0
B56: Émissions GES | C56: -221.82751 | D56: -0.5710283 | E56: -303.77056 | F56: -0.78196608 | G56: tCO2e/an
B57: Émissions particules | C57: -28.054295 | D57: -0.81560956 | E57: -28.091533 | F57: -0.81669216 | G57: kgPart/an
B58: Émissions HC | C58: -66.511864 | D58: -0.8205743 | E58: -65.738375 | F58: -0.81103157 | G58: kgHC/an
B59: Émissions CO | C59: -331.81159 | D59: -0.67826284 | E59: -338.5983 | F59: -0.69213569 | G59: kgCO/an
B60: Émissions NOx | C60: -1243.4547 | D60: -0.55057347 | E60: -1595.5759 | F60: -0.70648473 | G60: kgNOx/an
B61: Consommation d'énergie | C61: #DIV/0! | E61: #DIV/0! | G61: kWh/an
B63: B4
B65: 0 | C65: Prév. absolu | D65: Prév. relatif | E65: Expost absolu | F65: Expost relatif | G65: 0
B66: Par rapport à la situation prévisionnelle | C66: 0 | D66: 0 | E66: 0 | F66: 0 | G66: 0
B67: Émissions GES | C67: -34.091908 | D67: -0.1 | E67: -146.44535 | F67: -1 | G67: tCO2e/an
B68: Émissions particules | C68: -2.813245 | D68: -0.1 | E68: -8.8044674 | F68: -1 | G68: kgPart/an
B69: Émissions HC | C69: -5.8573254 | D69: -0.1 | E69: -20.700606 | F69: -1 | G69: kgHC/an
B70: Émissions CO | C70: -38.840914 | D70: -0.1 | E70: -206.06283 | F70: -1 | G70: kgCO/an
B71: Émissions NOx | C71: -201.90911 | D71: -0.1 | E71: -876.03917 | F71: -1 | G71: kgNOx/an
B72: Consommation d'énergie | C72: #DIV/0! | E72: #DIV/0! | G72: kWh/an
B74: C1
B76: 0 | C76: Prév. absolu | D76: Prév. relatif | E76: Expost absolu | F76: Expost relatif | G76: 0
B77: Par rapport à la situation prévisionnelle | C77: 0 | D77: 0 | E77: 0 | F77: 0 | G77: 0
B78: Émissions GES | C78: -0.55775459 | D78: -0.0014079871 | E78: 0.28894297 | F78: 0.00072940318 | G78: tCO2e/an
B79: Émissions particules | C79: -203.17619 | D79: -5.9777641 | E79: -232.01802 | F79: -6.8263362 | G79: kgPart/an
B80: Émissions HC | C80: -34.881585 | D80: -0.4353834 | E80: -42.158947 | F80: -0.52621764 | G80: kgHC/an
B81: Émissions CO | C81: 56.54612 | D81: 0.11354677 | E81: 55.722641 | F81: 0.11189319 | G81: kgCO/an
B82: Émissions NOx | C82: 38.66169 | D82: 0.016811354 | E82: 38.274204 | F82: 0.016642863 | G82: kgNOx/an
B83: Consommation d'énergie | C83: #DIV/0! | E83: #DIV/0! | G83: kWh/an
B85: C2
B87: Par comparaison à la situation de référence | C87: Situation prévisionnelle | D87: 0 | E87: Situation ex-post | F87: 0 | G87: 0
B88: 0 | C88: Évolution absolue | D88: Évolution relative | E88: Évolution absolue | F88: Évolution relative | G88: 0
B89: GES | C89: -3297.6373 | D89: -0.98037045 | E89: -21025.757 | F89: -0.9964254 | G89: tCO2e/an
B90: PM | C90: -209.01491 | D90: -0.97297108 | E90: -1615.2644 | F90: -0.99550236 | G90: kgPart/an
B91: HC | C91: -577.9053 | D91: -0.97927424 | E91: -4602.0259 | F91: -0.99624354 | G91: kgHC/an
B92: NOx | C92: -19212.926 | D92: -0.97890095 | E92: -120795.2 | F92: -0.99619217 | G92: kgNOx/an
B93: CO | C93: -3436.323 | D93: -0.97860592 | E93: -25012.328 | F93: -0.99618887 | G93: kgCO/an
B94: Énergie | C94: #DIV/0! | D94: #DIV/0! | E94: #DIV/0! | F94: #DIV/0! | G94: kWh/an
B96: C3
B98: 0 | C98: Prév. absolu | D98: Prév. relatif | E98: Expost absolu | F98: Expost relatif | G98: 0
B107: C4
B109: Par comparaison à la situation de référence | C109: Situation prévisionnelle | D109: 0 | E109: Situation ex-post | F109: 0 | G109: 0
B110: 0 | C110: Évolution absolue | D110: Évolution relative | E110: Évolution absolue | F110: Évolution relative | G110: 0
B111: GES | C111: -0.83181033 | D111: -0.057481035 | E111: -2.8076913 | F111: -0.083333333 | G111: tCO2e/an
B112: PM | C112: -0.033156074 | D112: -0.045454545 | E112: -0.26608129 | F112: -0.083333333 | G112: kgPart/an
B113: HC | C113: -0.037924478 | D113: -0.045454545 | E113: -0.82091516 | F113: -0.083333333 | G113: kgHC/an
B114: NOx | C114: -4.2367038 | D114: -0.045454545 | E114: -40.568358 | F114: -0.083333333 | G114: kgNOx/an
B115: CO | C115: -0.76288443 | D115: -0.045454545 | E115: -7.4335254 | F115: -0.083333333 | G115: kgCO/an
B116: Énergie | C116: #DIV/0! | D116: #DIV/0! | E116: #DIV/0! | F116: #DIV/0! | G116: kWh/an
B118: C6
B120: Par comparaison à la situation de référence | C120: Situation prévisionnelle | D120: 0 | E120: Situation ex-post | F120: 0 | G120: 0
B121: 0 | C121: Évolution absolue | D121: Évolution relative | E121: Évolution absolue | F121: Évolution relative | G121: 0
B122: GES | C122: -10654.797 | D122: -0.91473528 | E122: -5603.0238 | F122: -0.88001102 | G122: tCO2e/an
B123: PM | C123: 0 | D123: 0 | E123: 0 | F123: 0 | G123: kgPart/an
B124: HC | C124: 0 | D124: 0 | E124: 0 | F124: 0 | G124: kgHC/an
B125: NOx | C125: 0 | D125: 0 | E125: 0 | F125: 0 | G125: kgNOx/an
B126: CO | C126: 0 | D126: 0 | E126: 0 | F126: 0 | G126: kgCO/an
B127: Énergie | C127: #DIV/0! | D127: #DIV/0! | E127: #DIV/0! | F127: #DIV/0! | G127: kWh/an
B129: C7
B131: 0 | C131: Prév. absolu | D131: Prév. relatif | E131: Expost absolu | F131: Expost relatif | G131: 0
B132: Par rapport à la situation prévisionnelle | C132: 0 | D132: 0 | E132: 0 | F132: 0 | G132: 0
B133: Émissions GES | C133: 0 | E133: -3.3326111 | G133: tCO2e/an
B134: Émissions particules | C134: 0 | E134: -0.6332776 | G134: kgPart/an
B135: Émissions HC | C135: 0 | E135: -1.8645801 | G135: kgHC/an
...

Sheet Agrégation charte
B2: =UPPER("Gains globaux liés à la charte") -> GAINS GLOBAUX LIÉS À LA CHARTE
B4: Année de la situation initiale | C4: 2024 | D4: AnneeRempl
B5: Année de la situation prévisionnelle | C5: 2028 | D5: AnneeRempl
B6: Année de la situation expost | C6: 2028 | D6: AnneeRempl
B8: =UPPER("Gains prévisionnels") -> GAINS PRÉVISIONNELS
C10: Evolution relative | D10: Evolution cumulée | E10: =$C$4+1 -> 2025 | F10: =IF(E10<$C$5-1,E10+1,"") -> 2026 | G10: =IF(F10<$C$5-1,F10+1,"") -> 2027 | H10: =IF(G10<$C$5-1,G10+1,"") | I10: =IF(H10<$C$5-1,H10+1,"") | J10: =IF(I10<$C$5-1,I10+1,"") | K10: =IF(J10<$C$5-1,J10+1,"") | L10: =IF(K10<$C$5-1,K10+1,"") | M10: =IF(L10<$C$5-1,L10+1,"") | ... AC10: =IF(AB10<$C$5-1,AB10+1,"") | AD10: {=IFERROR(_xlfn.IFS($C$5>=AC$10+1,AC$10+1,$C$5=AC$10,"Evolution cumulée"),"")}
B11: GES (tCO2e) | C11: =SUM($C45,$C56,$C67,$C78,$C89,$C100,$C111,$C122,$C133,$C144) -> -14209.743 | D11: =SUM($E11:$XFD11,$C11) -> -35524.357 | E11: =IFERROR($C11*(E$10-$C$4)/($C$5-$C$4),"") -> -3552.4357 | F11: =IFERROR($C11*(F$10-$C$4)/($C$5-$C$4),"") -> -7104.8714 | G11: =IFERROR($C11*(G$10-$C$4)/($C$5-$C$4),"") -> -10657.307 | H11: =IFERROR($C11*(H$10-$C$4)/($C$5-$C$4),"") | I11: =IFERROR($C11*(I$10-$C$4)/($C$5-$C$4),"") | J11: =IFERROR($C11*(J$10-$C$4)/($C$5-$C$4),"") | K11: =IFERROR($C11*(K$10-$C$4)/($C$5-$C$4),"") | L11: =IFERROR($C11*(L$10-$C$4)/($C$5-$C$4),"") | ... AD11: =IFERROR($C11*(AD$10-$C$4)/($C$5-$C$4),"")
B12: PM (kgPart) | C12: =SUM($C46,$C57,$C68,$C79,$C90,$C101,$C112,$C123,$C134,$C145) -> -443.0918 | D12: =SUM($E12:$XFD12,$C12) -> -1107.7295 | E12: =IFERROR($C12*(E$10-$C$4)/($C$5-$C$4),"") -> -110.77295 | F12: =IFERROR($C12*(F$10-$C$4)/($C$5-$C$4),"") -> -221.5459 | G12: =IFERROR($C12*(G$10-$C$4)/($C$5-$C$4),"") -> -332.31885 | H12: =IFERROR($C12*(H$10-$C$4)/($C$5-$C$4),"") | I12: =IFERROR($C12*(I$10-$C$4)/($C$5-$C$4),"") | J12: =IFERROR($C12*(J$10-$C$4)/($C$5-$C$4),"") | K12: =IFERROR($C12*(K$10-$C$4)/($C$5-$C$4),"") | L12: =IFERROR($C12*(L$10-$C$4)/($C$5-$C$4),"") | ... AD12: =IFERROR($C12*(AD$10-$C$4)/($C$5-$C$4),"")
B13: HC (kgHC) | C13: =SUM($C47,$C58,$C69,$C80,$C91,$C102,$C113,$C124,$C135,$C146) -> -685.194 | D13: =SUM($E13:$XFD13,$C13) -> -1712.985 | E13: =IFERROR($C13*(E$10-$C$4)/($C$5-$C$4),"") -> -171.2985 | F13: =IFERROR($C13*(F$10-$C$4)/($C$5-$C$4),"") -> -342.597 | G13: =IFERROR($C13*(G$10-$C$4)/($C$5-$C$4),"") -> -513.8955 | H13: =IFERROR($C13*(H$10-$C$4)/($C$5-$C$4),"") | I13: =IFERROR($C13*(I$10-$C$4)/($C$5-$C$4),"") | J13: =IFERROR($C13*(J$10-$C$4)/($C$5-$C$4),"") | K13: =IFERROR($C13*(K$10-$C$4)/($C$5-$C$4),"") | L13: =IFERROR($C13*(L$10-$C$4)/($C$5-$C$4),"") | ... AD13: =IFERROR($C13*(AD$10-$C$4)/($C$5-$C$4),"")
B14: NOx (kgNOx) | C14: =SUM($C48,$C59,$C70,$C81,$C92,$C103,$C114,$C125,$C136,$C147) -> -19531.269 | D14: =SUM($E14:$XFD14,$C14) -> -48828.173 | E14: =IFERROR($C14*(E$10-$C$4)/($C$5-$C$4),"") -> -4882.8173 | F14: =IFERROR($C14*(F$10-$C$4)/($C$5-$C$4),"") -> -9765.6346 | G14: =IFERROR($C14*(G$10-$C$4)/($C$5-$C$4),"") -> -14648.452 | H14: =IFERROR($C14*(H$10-$C$4)/($C$5-$C$4),"") | I14: =IFERROR($C14*(I$10-$C$4)/($C$5-$C$4),"") | J14: =IFERROR($C14*(J$10-$C$4)/($C$5-$C$4),"") | K14: =IFERROR($C14*(K$10-$C$4)/($C$5-$C$4),"") | L14: =IFERROR($C14*(L$10-$C$4)/($C$5-$C$4),"") | ... AD14: =IFERROR($C14*(AD$10-$C$4)/($C$5-$C$4),"")
B15: CO (kgCO) | C15: =SUM($C49,$C60,$C71,$C82,$C93,$C104,$C115,$C126,$C137,$C148) -> -4843.788 | D15: =SUM($E15:$XFD15,$C15) -> -12109.47 | E15: =IFERROR($C15*(E$10-$C$4)/($C$5-$C$4),"") -> -1210.947 | F15: =IFERROR($C15*(F$10-$C$4)/($C$5-$C$4),"") -> -2421.894 | G15: =IFERROR($C15*(G$10-$C$4)/($C$5-$C$4),"") -> -3632.841 | H15: =IFERROR($C15*(H$10-$C$4)/($C$5-$C$4),"") | I15: =IFERROR($C15*(I$10-$C$4)/($C$5-$C$4),"") | J15: =IFERROR($C15*(J$10-$C$4)/($C$5-$C$4),"") | K15: =IFERROR($C15*(K$10-$C$4)/($C$5-$C$4),"") | L15: =IFERROR($C15*(L$10-$C$4)/($C$5-$C$4),"") | ... AD15: =IFERROR($C15*(AD$10-$C$4)/($C$5-$C$4),"")
B16: Énergie (kWh) | C16: =SUM($C50,$C61,$C72,$C83,$C94,$C105,$C116,$C127,$C138,$C149) -> #DIV/0! | D16: =SUM($E16:$XFD16,$C16) -> #DIV/0! | E16: =IFERROR($C16*(E$10-$C$4)/($C$5-$C$4),"") | F16: =IFERROR($C16*(F$10-$C$4)/($C$5-$C$4),"") | G16: =IFERROR($C16*(G$10-$C$4)/($C$5-$C$4),"") | H16: =IFERROR($C16*(H$10-$C$4)/($C$5-$C$4),"") | I16: =IFERROR($C16*(I$10-$C$4)/($C$5-$C$4),"") | J16: =IFERROR($C16*(J$10-$C$4)/($C$5-$C$4),"") | K16: =IFERROR($C16*(K$10-$C$4)/($C$5-$C$4),"") | L16: =IFERROR($C16*(L$10-$C$4)/($C$5-$C$4),"") | ... AD16: =IFERROR($C16*(AD$10-$C$4)/($C$5-$C$4),"")
B18: =UPPER("Gains réels") -> GAINS RÉELS
C20: Evolution relative | D20: Evolution cumulée | E20: =$C$4+1 -> 2025 | F20: =IF(E20<$C$6-1,E20+1,"") -> 2026 | G20: =IF(F20<$C$6-1,F20+1,"") -> 2027 | H20: =IF(G20<$C$6-1,G20+1,"") | I20: =IF(H20<$C$6-1,H20+1,"") | J20: =IF(I20<$C$6-1,I20+1,"") | K20: =IF(J20<$C$6-1,J20+1,"") | L20: =IF(K20<$C$6-1,K20+1,"") | M20: =IF(L20<$C$6-1,L20+1,"") | ... AE20: =IF(AD20<$C$6-1,AD20+1,"")
B21: GES (tCO2e) | C21: =SUM($E45,$E56,$E67,$E78,$E89,$E100,$E111,$E122,$E133,$E144) -> -27084.848 | D21: =SUM($E21:$XFD21,$C21) -> -67712.12 | E21: =IFERROR($C21*(E$20-$C$4)/($C$6-$C$4),"") -> -6771.212 | F21: =IFERROR($C21*(F$20-$C$4)/($C$6-$C$4),"") -> -13542.424 | G21: =IFERROR($C21*(G$20-$C$4)/($C$6-$C$4),"") -> -20313.636 | H21: =IFERROR($C21*(H$20-$C$4)/($C$6-$C$4),"") | I21: =IFERROR($C21*(I$20-$C$4)/($C$6-$C$4),"") | J21: =IFERROR($C21*(J$20-$C$4)/($C$6-$C$4),"") | K21: =IFERROR($C21*(K$20-$C$4)/($C$6-$C$4),"") | L21: =IFERROR($C21*(L$20-$C$4)/($C$6-$C$4),"") | ... AD21: =IFERROR($C21*(AD$20-$C$4)/($C$6-$C$4),"")
