Workbook

Sheet Accueil
D6: Description de l'outil
C9: Ce tableur a pour objectif de récolter les résultats de multiples actions d'une charte d'un EPCI, dans le cadre du programme InTerLUD+.
C10: L'outil agrège les données, calcule des résultats manquants par interpolation, et synthétise les résultats global de la charte.
D14: Versions de l'outil
C17: Version | D17: Détail | E17: Date | F17: Par
C18: V1 | D18: • Premier jet : onglet des données d'entrée, traitement de ces données, interpolations linéaires, gains | E18: 46057 | F18: BL évolution
C19: V2 | D19: • 1. Données d'entrée : Ajout de deux colonnes pour accueillir 3 duplicatas d'action 1. Données d'entrée : Ajout des données de plage temporelle • Partout : suppression de Réf pr ex-post, plus qu'une situation de référence • 2. Mise en forme données entrée : Modifications pour correspondre aux nouvelles données d'entrée (1 sit réf, 3 duplicatas) • 2. Mise en forme données entrée : les données des situations Réf, Prév, Expost sont égales à la donnée de la situation initiale pour la première année de donnée • 3. Émissions par action : Calculs pour le total de l'action + ses 3 duplicatas • 3. Émissions par action : Passage à 4 situations (au lieu de 5) • 3. Émissions par action : Ajout des évolutions des émissions en %, et des émissions cumulées • 4. Gains par action : Calculs pour le total de l'action + ses 3 duplicatas • 4. Gains par action : Passage à 4 situations (au lieu de 5) • 4. Gains par action : Ajout des gains cumulés sur une période | E19: 46091 | F19: BL évolution
D25: TODO
C28: OK | D28: Gérer l'existence de plusieurs valeurs pour une même année ?
D29: Implémenter toutes les actions (seulement B2 pour les résultats actuellement)

Sheet 1. Données d'entrée
C2: Données d'entrée
D11: ID | E11: Action | F11: Type émission | G11: Situation | H11: Année | I11: Valeur 1 | J11: Valeur 2 | K11: Valeur 3
C12: =ROW(C12) -> 12 | D12: =E12 & "-" & F12 & "-" & G12 & "-" & H12 -> B2-GES-Init-2010 | E12: B2 | F12: GES | G12: Init | H12: 2010
D13: =E13 & "-" & F13 & "-" & G13 & "-" & H13 -> B2-GES-Init-2011 | E13: =E12 -> B2 | F13: =F12 -> GES | G13: =G12 -> Init | H13: =H12+1 -> 2011
D14: =E14 & "-" & F14 & "-" & G14 & "-" & H14 -> B2-GES-Init-2012 | E14: =E13 -> B2 | F14: =F13 -> GES | G14: =G13 -> Init | H14: =H13+1 -> 2012
D15: =E15 & "-" & F15 & "-" & G15 & "-" & H15 -> B2-GES-Init-2013 | E15: =E14 -> B2 | F15: =F14 -> GES | G15: =G14 -> Init | H15: =H14+1 -> 2013
D16: =E16 & "-" & F16 & "-" & G16 & "-" & H16 -> B2-GES-Init-2014 | E16: =E15 -> B2 | F16: =F15 -> GES | G16: =G15 -> Init | H16: =H15+1 -> 2014
D17: =E17 & "-" & F17 & "-" & G17 & "-" & H17 -> B2-GES-Init-2015 | E17: =E16 -> B2 | F17: =F16 -> GES | G17: =G16 -> Init | H17: =H16+1 -> 2015
D18: =E18 & "-" & F18 & "-" & G18 & "-" & H18 -> B2-GES-Init-2016 | E18: =E17 -> B2 | F18: =F17 -> GES | G18: =G17 -> Init | H18: =H17+1 -> 2016
D19: =E19 & "-" & F19 & "-" & G19 & "-" & H19 -> B2-GES-Init-2017 | E19: =E18 -> B2 | F19: =F18 -> GES | G19: =G18 -> Init | H19: =H18+1 -> 2017
D20: =E20 & "-" & F20 & "-" & G20 & "-" & H20 -> B2-GES-Init-2018 | E20: =E19 -> B2 | F20: =F19 -> GES | G20: =G19 -> Init | H20: =H19+1 -> 2018
D21: =E21 & "-" & F21 & "-" & G21 & "-" & H21 -> B2-GES-Init-2019 | E21: =E20 -> B2 | F21: =F20 -> GES | G21: =G20 -> Init | H21: =H20+1 -> 2019
D22: =E22 & "-" & F22 & "-" & G22 & "-" & H22 -> B2-GES-Init-2020 | E22: =E21 -> B2 | F22: =F21 -> GES | G22: =G21 -> Init | H22: =H21+1 -> 2020
D23: =E23 & "-" & F23 & "-" & G23 & "-" & H23 -> B2-GES-Init-2021 | E23: =E22 -> B2 | F23: =F22 -> GES | G23: =G22 -> Init | H23: =H22+1 -> 2021
D24: =E24 & "-" & F24 & "-" & G24 & "-" & H24 -> B2-GES-Init-2022 | E24: =E23 -> B2 | F24: =F23 -> GES | G24: =G23 -> Init | H24: =H23+1 -> 2022
... D52: =E52 & "-" & F52 & "-" & G52 & "-" & H52 -> B2-GES-Init-2050 | E52: =E51 -> B2 | F52: =F51 -> GES | G52: =G51 -> Init | H52: =H51+1 -> 2050
D53: =E53 & "-" & F53 & "-" & G53 & "-" & H53 -> B2-GES-Réf-2010 | E53: =E52 -> B2 | F53: =F52 -> GES | G53: Réf | H53: 2010
D54: =E54 & "-" & F54 & "-" & G54 & "-" & H54 -> B2-GES-Réf-2011 | E54: =E53 -> B2 | F54: =F53 -> GES | G54: =G53 -> Réf | H54: =H53+1 -> 2011
D55: =E55 & "-" & F55 & "-" & G55 & "-" & H55 -> B2-GES-Réf-2012 | E55: =E54 -> B2 | F55: =F54 -> GES | G55: =G54 -> Réf | H55: =H54+1 -> 2012
D56: =E56 & "-" & F56 & "-" & G56 & "-" & H56 -> B2-GES-Réf-2013 | E56: =E55 -> B2 | F56: =F55 -> GES | G56: =G55 -> Réf | H56: =H55+1 -> 2013
D57: =E57 & "-" & F57 & "-" & G57 & "-" & H57 -> B2-GES-Réf-2014 | E57: =E56 -> B2 | F57: =F56 -> GES | G57: =G56 -> Réf | H57: =H56+1 -> 2014
D58: =E58 & "-" & F58 & "-" & G58 & "-" & H58 -> B2-GES-Réf-2015 | E58: =E57 -> B2 | F58: =F57 -> GES | G58: =G57 -> Réf | H58: =H57+1 -> 2015
D59: =E59 & "-" & F59 & "-" & G59 & "-" & H59 -> B2-GES-Réf-2016 | E59: =E58 -> B2 | F59: =F58 -> GES | G59: =G58 -> Réf | H59: =H58+1 -> 2016
D60: =E60 & "-" & F60 & "-" & G60 & "-" & H60 -> B2-GES-Réf-2017 | E60: =E59 -> B2 | F60: =F59 -> GES | G60: =G59 -> Réf | H60: =H59+1 -> 2017
D61: =E61 & "-" & F61 & "-" & G61 & "-" & H61 -> B2-GES-Réf-2018 | E61: =E60 -> B2 | F61: =F60 -> GES | G61: =G60 -> Réf | H61: =H60+1 -> 2018
D62: =E62 & "-" & F62 & "-" & G62 & "-" & H62 -> B2-GES-Réf-2019 | E62: =E61 -> B2 | F62: =F61 -> GES | G62: =G61 -> Réf | H62: =H61+1 -> 2019
D63: =E63 & "-" & F63 & "-" & G63 & "-" & H63 -> B2-GES-Réf-2020 | E63: =E62 -> B2 | F63: =F62 -> GES | G63: =G62 -> Réf | H63: =H62+1 -> 2020
D64: =E64 & "-" & F64 & "-" & G64 & "-" & H64 -> B2-GES-Réf-2021 | E64: =E63 -> B2 | F64: =F63 -> GES | G64: =G63 -> Réf | H64: =H63+1 -> 2021
D65: =E65 & "-" & F65 & "-" & G65 & "-" & H65 -> B2-GES-Réf-2022 | E65: =E64 -> B2 | F65: =F64 -> GES | G65: =G64 -> Réf | H65: =H64+1 -> 2022
... D93: =E93 & "-" & F93 & "-" & G93 & "-" & H93 -> B2-GES-Réf-2050 | E93: =E92 -> B2 | F93: =F92 -> GES | G93: =G92 -> Réf | H93: =H92+1 -> 2050
D94: =E94 & "-" & F94 & "-" & G94 & "-" & H94 -> B2-GES-Prév-2010 | E94: =E93 -> B2 | F94: =F93 -> GES | G94: Prév | H94: 2010
D95: =E95 & "-" & F95 & "-" & G95 & "-" & H95 -> B2-GES-Prév-2011 | E95: =E94 -> B2 | F95: =F94 -> GES | G95: =G94 -> Prév | H95: =H94+1 -> 2011
D96: =E96 & "-" & F96 & "-" & G96 & "-" & H96 -> B2-GES-Prév-2012 | E96: =E95 -> B2 | F96: =F95 -> GES | G96: =G95 -> Prév | H96: =H95+1 -> 2012
D97: =E97 & "-" & F97 & "-" & G97 & "-" & H97 -> B2-GES-Prév-2013 | E97: =E96 -> B2 | F97: =F96 -> GES | G97: =G96 -> Prév | H97: =H96+1 -> 2013
D98: =E98 & "-" & F98 & "-" & G98 & "-" & H98 -> B2-GES-Prév-2014 | E98: =E97 -> B2 | F98: =F97 -> GES | G98: =G97 -> Prév | H98: =H97+1 -> 2014
D99: =E99 & "-" & F99 & "-" & G99 & "-" & H99 -> B2-GES-Prév-2015 | E99: =E98 -> B2 | F99: =F98 -> GES | G99: =G98 -> Prév | H99: =H98+1 -> 2015
D100: =E100 & "-" & F100 & "-" & G100 & "-" & H100 -> B2-GES-Prév-2016 | E100: =E99 -> B2 | F100: =F99 -> GES | G100: =G99 -> Prév | H100: =H99+1 -> 2016
D101: =E101 & "-" & F101 & "-" & G101 & "-" & H101 -> B2-GES-Prév-2017 | E101: =E100 -> B2 | F101: =F100 -> GES | G101: =G100 -> Prév | H101: =H100+1 -> 2017
D102: =E102 & "-" & F102 & "-" & G102 & "-" & H102 -> B2-GES-Prév-2018 | E102: =E101 -> B2 | F102: =F101 -> GES | G102: =G101 -> Prév | H102: =H101+1 -> 2018
D103: =E103 & "-" & F103 & "-" & G103 & "-" & H103 -> B2-GES-Prév-2019 | E103: =E102 -> B2 | F103: =F102 -> GES | G103: =G102 -> Prév | H103: =H102+1 -> 2019
D104: =E104 & "-" & F104 & "-" & G104 & "-" & H104 -> B2-GES-Prév-2020 | E104: =E103 -> B2 | F104: =F103 -> GES | G104: =G103 -> Prév | H104: =H103+1 -> 2020
D105: =E105 & "-" & F105 & "-" & G105 & "-" & H105 -> B2-GES-Prév-2021 | E105: =E104 -> B2 | F105: =F104 -> GES | G105: =G104 -> Prév | H105: =H104+1 -> 2021
D106: =E106 & "-" & F106 & "-" & G106 & "-" & H106 -> B2-GES-Prév-2022 | E106: =E105 -> B2 | F106: =F105 -> GES | G106: =G105 -> Prév | H106: =H105+1 -> 2022
... D134: =E134 & "-" & F134 & "-" & G134 & "-" & H134 -> B2-GES-Prév-2050 | E134: =E133 -> B2 | F134: =F133 -> GES | G134: =G133 -> Prév | H134: =H133+1 -> 2050
D135: =E135 & "-" & F135 & "-" & G135 & "-" & H135 -> B2-GES-Expost-2010 | E135: =E134 -> B2 | F135: =F134 -> GES | G135: Expost | H135: 2010
D136: =E136 & "-" & F136 & "-" & G136 & "-" & H136 -> B2-GES-Expost-2011 | E136: =E135 -> B2 | F136: =F135 -> GES | G136: =G135 -> Expost | H136: =H135+1 -> 2011
D137: =E137 & "-" & F137 & "-" & G137 & "-" & H137 -> B2-GES-Expost-2012 | E137: =E136 -> B2 | F137: =F136 -> GES | G137: =G136 -> Expost | H137: =H136+1 -> 2012
D138: =E138 & "-" & F138 & "-" & G138 & "-" & H138 -> B2-GES-Expost-2013 | E138: =E137 -> B2 | F138: =F137 -> GES | G138: =G137 -> Expost | H138: =H137+1 -> 2013
D139: =E139 & "-" & F139 & "-" & G139 & "-" & H139 -> B2-GES-Expost-2014 | E139: =E138 -> B2 | F139: =F138 -> GES | G139: =G138 -> Expost | H139: =H138+1 -> 2014
D140: =E140 & "-" & F140 & "-" & G140 & "-" & H140 -> B2-GES-Expost-2015 | E140: =E139 -> B2 | F140: =F139 -> GES | G140: =G139 -> Expost | H140: =H139+1 -> 2015
D141: =E141 & "-" & F141 & "-" & G141 & "-" & H141 -> B2-GES-Expost-2016 | E141: =E140 -> B2 | F141: =F140 -> GES | G141: =G140 -> Expost | H141: =H140+1 -> 2016
D142: =E142 & "-" & F142 & "-" & G142 & "-" & H142 -> B2-GES-Expost-2017 | E142: =E141 -> B2 | F142: =F141 -> GES | G142: =G141 -> Expost | H142: =H141+1 -> 2017
D143: =E143 & "-" & F143 & "-" & G143 & "-" & H143 -> B2-GES-Expost-2018 | E143: =E142 -> B2 | F143: =F142 -> GES | G143: =G142 -> Expost | H143: =H142+1 -> 2018
D144: =E144 & "-" & F144 & "-" & G144 & "-" & H144 -> B2-GES-Expost-2019 | E144: =E143 -> B2 | F144: =F143 -> GES | G144: =G143 -> Expost | H144: =H143+1 -> 2019
D145: =E145 & "-" & F145 & "-" & G145 & "-" & H145 -> B2-GES-Expost-2020 | E145: =E144 -> B2 | F145: =F144 -> GES | G145: =G144 -> Expost | H145: =H144+1 -> 2020
D146: =E146 & "-" & F146 & "-" & G146 & "-" & H146 -> B2-GES-Expost-2021 | E146: =E145 -> B2 | F146: =F145 -> GES | G146: =G145 -> Expost | H146: =H145+1 -> 2021
D147: =E147 & "-" & F147 & "-" & G147 & "-" & H147 -> B2-GES-Expost-2022 | E147: =E146 -> B2 | F147: =F146 -> GES | G147: =G146 -> Expost | H147: =H146+1 -> 2022
... D175: =E175 & "-" & F175 & "-" & G175 & "-" & H175 -> B2-GES-Expost-2050 | E175: =E174 -> B2 | F175: =F174 -> GES | G175: =G174 -> Expost | H175: =H174+1 -> 2050
D176: =E176 & "-" & F176 & "-" & G176 & "-" & H176 -> B2-PM-Init-2010 | E176: =E175 -> B2 | F176: PM | G176: Init | H176: 2010
D177: =E177 & "-" & F177 & "-" & G177 & "-" & H177 -> B2-PM-Init-2011 | E177: =E176 -> B2 | F177: =F176 -> PM | G177: =G176 -> Init | H177: =H176+1 -> 2011
D178: =E178 & "-" & F178 & "-" & G178 & "-" & H178 -> B2-PM-Init-2012 | E178: =E177 -> B2 | F178: =F177 -> PM | G178: =G177 -> Init | H178: =H177+1 -> 2012
D179: =E179 & "-" & F179 & "-" & G179 & "-" & H179 -> B2-PM-Init-2013 | E179: =E178 -> B2 | F179: =F178 -> PM | G179: =G178 -> Init | H179: =H178+1 -> 2013
D180: =E180 & "-" & F180 & "-" & G180 & "-" & H180 -> B2-PM-Init-2014 | E180: =E179 -> B2 | F180: =F179 -> PM | G180: =G179 -> Init | H180: =H179+1 -> 2014
D181: =E181 & "-" & F181 & "-" & G181 & "-" & H181 -> B2-PM-Init-2015 | E181: =E180 -> B2 | F181: =F180 -> PM | G181: =G180 -> Init | H181: =H180+1 -> 2015
D182: =E182 & "-" & F182 & "-" & G182 & "-" & H182 -> B2-PM-Init-2016 | E182: =E181 -> B2 | F182: =F181 -> PM | G182: =G181 -> Init | H182: =H181+1 -> 2016
D183: =E183 & "-" & F183 & "-" & G183 & "-" & H183 -> B2-PM-Init-2017 | E183: =E182 -> B2 | F183: =F182 -> PM | G183: =G182 -> Init | H183: =H182+1 -> 2017
D184: =E184 & "-" & F184 & "-" & G184 & "-" & H184 -> B2-PM-Init-2018 | E184: =E183 -> B2 | F184: =F183 -> PM | G184: =G183 -> Init | H184: =H183+1 -> 2018
D185: =E185 & "-" & F185 & "-" & G185 & "-" & H185 -> B2-PM-Init-2019 | E185: =E184 -> B2 | F185: =F184 -> PM | G185: =G184 -> Init | H185: =H184+1 -> 2019
D186: =E186 & "-" & F186 & "-" & G186 & "-" & H186 -> B2-PM-Init-2020 | E186: =E185 -> B2 | F186: =F185 -> PM | G186: =G185 -> Init | H186: =H185+1 -> 2020
D187: =E187 & "-" & F187 & "-" & G187 & "-" & H187 -> B2-PM-Init-2021 | E187: =E186 -> B2 | F187: =F186 -> PM | G187: =G186 -> Init | H187: =H186+1 -> 2021
D188: =E188 & "-" & F188 & "-" & G188 & "-" & H188 -> B2-PM-Init-2022 | E188: =E187 -> B2 | F188: =F187 -> PM | G188: =G187 -> Init | H188: =H187+1 -> 2022
... D216: =E216 & "-" & F216 & "-" & G216 & "-" & H216 -> B2-PM-Init-2050 | E216: =E215 -> B2 | F216: =F215 -> PM | G216: =G215 -> Init | H216: =H215+1 -> 2050
D217: =E217 & "-" & F217 & "-" & G217 & "-" & H217 -> B2-PM-Réf-2010 | E217: =E216 -> B2 | F217: =F216 -> PM | G217: Réf | H217: 2010
D218: =E218 & "-" & F218 & "-" & G218 & "-" & H218 -> B2-PM-Réf-2011 | E218: =E217 -> B2 | F218: =F217 -> PM | G218: =G217 -> Réf | H218: =H217+1 -> 2011
D219: =E219 & "-" & F219 & "-" & G219 & "-" & H219 -> B2-PM-Réf-2012 | E219: =E218 -> B2 | F219: =F218 -> PM | G219: =G218 -> Réf | H219: =H218+1 -> 2012
D220: =E220 & "-" & F220 & "-" & G220 & "-" & H220 -> B2-PM-Réf-2013 | E220: =E219 -> B2 | F220: =F219 -> PM | G220: =G219 -> Réf | H220: =H219+1 -> 2013
D221: =E221 & "-" & F221 & "-" & G221 & "-" & H221 -> B2-PM-Réf-2014 | E221: =E220 -> B2 | F221: =F220 -> PM | G221: =G220 -> Réf | H221: =H220+1 -> 2014
D222: =E222 & "-" & F222 & "-" & G222 & "-" & H222 -> B2-PM-Réf-2015 | E222: =E221 -> B2 | F222: =F221 -> PM | G222: =G221 -> Réf | H222: =H221+1 -> 2015
D223: =E223 & "-" & F223 & "-" & G223 & "-" & H223 -> B2-PM-Réf-2016 | E223: =E222 -> B2 | F223: =F222 -> PM | G223: =G222 -> Réf | H223: =H222+1 -> 2016
D224: =E224 & "-" & F224 & "-" & G224 & "-" & H224 -> B2-PM-Réf-2017 | E224: =E223 -> B2 | F224: =F223 -> PM | G224: =G223 -> Réf | H224: =H223+1 -> 2017
D225: =E225 & "-" & F225 & "-" & G225 & "-" & H225 -> B2-PM-Réf-2018 | E225: =E224 -> B2 | F225: =F224 -> PM | G225: =G224 -> Réf | H225: =H224+1 -> 2018
D226: =E226 & "-" & F226 & "-" & G226 & "-" & H226 -> B2-PM-Réf-2019 | E226: =E225 -> B2 | F226: =F225 -> PM | G226: =G225 -> Réf | H226: =H225+1 -> 2019
D227: =E227 & "-" & F227 & "-" & G227 & "-" & H227 -> B2-PM-Réf-2020 | E227: =E226 -> B2 | F227: =F226 -> PM | G227: =G226 -> Réf | H227: =H226+1 -> 2020
D228: =E228 & "-" & F228 & "-" & G228 & "-" & H228 -> B2-PM-Réf-2021 | E228: =E227 -> B2 | F228: =F227 -> PM | G228: =G227 -> Réf | H228: =H227+1 -> 2021
D229: =E229 & "-" & F229 & "-" & G229 & "-" & H229 -> B2-PM-Réf-2022 | E229: =E228 -> B2 | F229: =F228 -> PM | G229: =G228 -> Réf | H229: =H228+1 -> 2022
... D257: =E257 & "-" & F257 & "-" & G257 & "-" & H257 -> B2-PM-Réf-2050 | E257: =E256 -> B2 | F257: =F256 -> PM | G257: =G256 -> Réf | H257: =H256+1 -> 2050
D258: =E258 & "-" & F258 & "-" & G258 & "-" & H258 -> B2-PM-Prév-2010 | E258: =E257 -> B2 | F258: =F257 -> PM | G258: Prév | H258: 2010
D259: =E259 & "-" & F259 & "-" & G259 & "-" & H259 -> B2-PM-Prév-2011 | E259: =E258 -> B2 | F259: =F258 -> PM | G259: =G258 -> Prév | H259: =H258+1 -> 2011
D260: =E260 & "-" & F260 & "-" & G260 & "-" & H260 -> B2-PM-Prév-2012 | E260: =E259 -> B2 | F260: =F259 -> PM | G260: =G259 -> Prév | H260: =H259+1 -> 2012
D261: =E261 & "-" & F261 & "-" & G261 & "-" & H261 -> B2-PM-Prév-2013 | E261: =E260 -> B2 | F261: =F260 -> PM | G261: =G260 -> Prév | H261: =H260+1 -> 2013
D262: =E262 & "-" & F262 & "-" & G262 & "-" & H262 -> B2-PM-Prév-2014 | E262: =E261 -> B2 | F262: =F261 -> PM | G262: =G261 -> Prév | H262: =H261+1 -> 2014
D263: =E263 & "-" & F263 & "-" & G263 & "-" & H263 -> B2-PM-Prév-2015 | E263: =E262 -> B2 | F263: =F262 -> PM | G263: =G262 -> Prév | H263: =H262+1 -> 2015
D264: =E264 & "-" & F264 & "-" & G264 & "-" & H264 -> B2-PM-Prév-2016 | E264: =E263 -> B2 | F264: =F263 -> PM | G264: =G263 -> Prév | H264: =H263+1 -> 2016
D265: =E265 & "-" & F265 & "-" & G265 & "-" & H265 -> B2-PM-Prév-2017 | E265: =E264 -> B2 | F265: =F264 -> PM | G265: =G264 -> Prév | H265: =H264+1 -> 2017
D266: =E266 & "-" & F266 & "-" & G266 & "-" & H266 -> B2-PM-Prév-2018 | E266: =E265 -> B2 | F266: =F265 -> PM | G266: =G265 -> Prév | H266: =H265+1 -> 2018
D267: =E267 & "-" & F267 & "-" & G267 & "-" & H267 -> B2-PM-Prév-2019 | E267: =E266 -> B2 | F267: =F266 -> PM | G267: =G266 -> Prév | H267: =H266+1 -> 2019
D268: =E268 & "-" & F268 & "-" & G268 & "-" & H268 -> B2-PM-Prév-2020 | E268: =E267 -> B2 | F268: =F267 -> PM | G268: =G267 -> Prév | H268: =H267+1 -> 2020
D269: =E269 & "-" & F269 & "-" & G269 & "-" & H269 -> B2-PM-Prév-2021 | E269: =E268 -> B2 | F269: =F268 -> PM | G269: =G268 -> Prév | H269: =H268+1 -> 2021
D270: =E270 & "-" & F270 & "-" & G270 & "-" & H270 -> B2-PM-Prév-2022 | E270: =E269 -> B2 | F270: =F269 -> PM | G270: =G269 -> Prév | H270: =H269+1 -> 2022
... D298: =E298 & "-" & F298 & "-" & G298 & "-" & H298 -> B2-PM-Prév-2050 | E298: =E297 -> B2 | F298: =F297 -> PM | G298: =G297 -> Prév | H298: =H297+1 -> 2050
...

Sheet 2. Mise en forme données entrée
B2: Mise en forme des données d'entrée
E10: Numéros lignes pour trouver données dans 1. Données d'entrée | AK10: Numéros lignes pour trouver données dans 1. Données d'entrée | BQ10: Numéros lignes pour trouver données dans 1. Données d'entrée
C13: Impacts | D13: Ligne
C14: GES | D14: =$D$39 * $D$40 * (E14-1) -> 0 | E14: 1
C15: PM | D15: =$D$39 * $D$40 * (E15-1) -> 164 | E15: 2
C16: NOx | D16: =$D$39 * $D$40 * (E16-1) -> 328 | E16: 3
C17: HC | D17: =$D$39 * $D$40 * (E17-1) -> 492 | E17: 4
C18: CO | D18: =$D$39 * $D$40 * (E18-1) -> 656 | E18: 5
C19: Nrj | D19: =$D$39 * $D$40 * (E19-1) -> 820 | E19: 6
C21: Situations
C22: Init | D22: =$D$39 * (E22-1) -> 0 | E22: 1
C23: Référence | D23: =$D$39 * (E23-1) -> 41 | E23: 2
C24: Prév | D24: =$D$39 * (E24-1) -> 82 | E24: 3
C25: Expost | D25: =$D$39 * (E25-1) -> 123 | E25: 4
C27: Actions
C28: B2 | D28: =$D$42 + $D$39 * $D$40 * $D$41 * (E28-1) -> 12 | E28: 1
C29: B3 | D29: =$D$42 + $D$39 * $D$40 * $D$41 * (E29-1) -> 996 | E29: 2
C30: B4 | D30: =$D$42 + $D$39 * $D$40 * $D$41 * (E30-1) -> 1980 | E30: 3
C31: C1 | D31: =$D$42 + $D$39 * $D$40 * $D$41 * (E31-1) -> 2964 | E31: 4
C32: C2 | D32: =$D$42 + $D$39 * $D$40 * $D$41 * (E32-1) -> 3948 | E32: 5
C33: C3 | D33: =$D$42 + $D$39 * $D$40 * $D$41 * (E33-1) -> 4932 | E33: 6
C34: C4 | D34: =$D$42 + $D$39 * $D$40 * $D$41 * (E34-1) -> 5916 | E34: 7
C35: C6 | D35: =$D$42 + $D$39 * $D$40 * $D$41 * (E35-1) -> 6900 | E35: 8
C36: C7 | D36: =$D$42 + $D$39 * $D$40 * $D$41 * (E36-1) -> 7884 | E36: 9
C37: C9 | D37: =$D$42 + $D$39 * $D$40 * $D$41 * (E37-1) -> 8868 | E37: 10
C39: Nombre années | D39: 41
C40: Nombre situations | D40: 4
C41: Nombre impacts | D41: 6
C42: Offset | D42: ='1. Données d''entrée'!C12 -> 12
B46: =VLOOKUP(C46, $C$28:$D$37, 2, FALSE) -> 12 | C46: B2 | D46: - Améliorez l’efficacité de vos aires de livraisons
D48: 1 | AJ48: 2 | BP48: 3
D49: VALEUR 1 | E49: {=IFERROR(_xlfn.XLOOKUP(TRUE,E53:E93 > 0, $C53:$C93), $C53)} -> 2025 | F49: =E49 -> 2025 | G49: =F49 -> 2025 | H49: =G49 -> 2025 | J49: {=IFERROR(_xlfn.XLOOKUP(TRUE,J53:J93 > 0, $C53:$C93), $C53)} -> 2025 | K49: =J49 -> 2025 | L49: =K49 -> 2025 | M49: =L49 -> 2025 | O49: {=IFERROR(_xlfn.XLOOKUP(TRUE,O53:O93 > 0, $C53:$C93), $C53)} -> 2025 | P49: =O49 -> 2025 | Q49: =P49 -> 2025 | R49: =Q49 -> 2025 | T49: {=IFERROR(_xlfn.XLOOKUP(TRUE,T53:T93 > 0, $C53:$C93), $C53)} -> 2025 | U49: =T49 -> 2025 | V49: =U49 -> 2025 | W49: =V49 -> 2025 | Y49: {=IFERROR(_xlfn.XLOOKUP(TRUE,Y53:Y93 > 0, $C53:$C93), $C53)} -> 2025 | Z49: =Y49 -> 2025 | AA49: =Z49 -> 2025 | AB49: =AA49 -> 2025 | AD49: {=IFERROR(_xlfn.XLOOKUP(TRUE,AD53:AD93 > 0, $C53:$C93), $C53)} -> 2025 | AE49: =AD49 -> 2025 | AF49: =AE49 -> 2025 | AG49: =AF49 -> 2025 | AJ49: VALEUR 2 | AK49: {=IFERROR(_xlfn.XLOOKUP(TRUE,AK53:AK93 > 0, $C53:$C93), $C53)} -> 2010 | AL49: =AK49 -> 2010 | AM49: =AL49 -> 2010 | AN49: =AM49 -> 2010 | AP49: {=IFERROR(_xlfn.XLOOKUP(TRUE,AP53:AP93 > 0, $C53:$C93), $C53)} -> 2010 | AQ49: =AP49 -> 2010 | AR49: =AQ49 -> 2010 | AS49: =AR49 -> 2010 | AU49: {=IFERROR(_xlfn.XLOOKUP(TRUE,AU53:AU93 > 0, $C53:$C93), $C53)} -> 2010 | AV49: =AU49 -> 2010 | AW49: =AV49 -> 2010 | AX49: =AW49 -> 2010 | AZ49: {=IFERROR(_xlfn.XLOOKUP(TRUE,AZ53:AZ93 > 0, $C53:$C93), $C53)} -> 2010 | BA49: =AZ49 -> 2010 | BB49: =BA49 -> 2010 | BC49: =BB49 -> 2010 | BE49: {=IFERROR(_xlfn.XLOOKUP(TRUE,BE53:BE93 > 0, $C53:$C93), $C53)} -> 2010 | BF49: =BE49 -> 2010 | BG49: =BF49 -> 2010 | BH49: =BG49 -> 2010 | BJ49: {=IFERROR(_xlfn.XLOOKUP(TRUE,BJ53:BJ93 > 0, $C53:$C93), $C53)} -> 2010 | BK49: =BJ49 -> 2010 | BL49: =BK49 -> 2010 | BM49: =BL49 -> 2010 | BP49: VALEUR 3 | BQ49: {=IFERROR(_xlfn.XLOOKUP(TRUE,BQ53:BQ93 > 0, $C53:$C93), $C53)} -> 2010 | BR49: =BQ49 -> 2010 | BS49: =BR49 -> 2010 | BT49: =BS49 -> 2010 | BV49: {=IFERROR(_xlfn.XLOOKUP(TRUE,BV53:BV93 > 0, $C53:$C93), $C53)} -> 2010 | BW49: =BV49 -> 2010 | BX49: =BW49 -> 2010 | BY49: =BX49 -> 2010 | CA49: {=IFERROR(_xlfn.XLOOKUP(TRUE,CA53:CA93 > 0, $C53:$C93), $C53)} -> 2010 | CB49: =CA49 -> 2010 | CC49: =CB49 -> 2010 | CD49: =CC49 -> 2010 | CF49: {=IFERROR(_xlfn.XLOOKUP(TRUE,CF53:CF93 > 0, $C53:$C93), $C53)} -> 2010 | CG49: =CF49 -> 2010 | CH49: =CG49 -> 2010 | CI49: =CH49 -> 2010 | CK49: {=IFERROR(_xlfn.XLOOKUP(TRUE,CK53:CK93 > 0, $C53:$C93), $C53)} -> 2010 | CL49: =CK49 -> 2010 | CM49: =CL49 -> 2010 | CN49: =CM49 -> 2010 | CP49: {=IFERROR(_xlfn.XLOOKUP(TRUE,CP53:CP93 > 0, $C53:$C93), $C53)} -> 2010 | CQ49: =CP49 -> 2010 | CR49: =CQ49 -> 2010 | CS49: =CR49 -> 2010
E50: GES | I50: =VLOOKUP(E50, $C$14:$D$19, 2, FALSE) -> 0 | J50: PM | N50: =VLOOKUP(J50, $C$14:$D$19, 2, FALSE) -> 164 | O50: NOx | S50: =VLOOKUP(O50, $C$14:$D$19, 2, FALSE) -> 328 | T50: HC | X50: =VLOOKUP(T50, $C$14:$D$19, 2, FALSE) -> 492 | Y50: CO | AC50: =VLOOKUP(Y50, $C$14:$D$19, 2, FALSE) -> 656 | AD50: Nrj | AH50: =VLOOKUP(AD50, $C$14:$D$19, 2, FALSE) -> 820 | AK50: GES | AO50: =VLOOKUP(AK50, $C$14:$D$19, 2, FALSE) -> 0 | AP50: PM | AT50: =VLOOKUP(AP50, $C$14:$D$19, 2, FALSE) -> 164 | AU50: NOx | AY50: =VLOOKUP(AU50, $C$14:$D$19, 2, FALSE) -> 328 | AZ50: HC | BD50: =VLOOKUP(AZ50, $C$14:$D$19, 2, FALSE) -> 492 | BE50: CO | BI50: =VLOOKUP(BE50, $C$14:$D$19, 2, FALSE) -> 656 | BJ50: Nrj | BN50: =VLOOKUP(BJ50, $C$14:$D$19, 2, FALSE) -> 820 | BQ50: GES | BU50: =VLOOKUP(BQ50, $C$14:$D$19, 2, FALSE) -> 0 | BV50: PM | BZ50: =VLOOKUP(BV50, $C$14:$D$19, 2, FALSE) -> 164 | CA50: NOx | CE50: =VLOOKUP(CA50, $C$14:$D$19, 2, FALSE) -> 328 | CF50: HC | CJ50: =VLOOKUP(CF50, $C$14:$D$19, 2, FALSE) -> 492 | CK50: CO | CO50: =VLOOKUP(CK50, $C$14:$D$19, 2, FALSE) -> 656 | CP50: Nrj | CT50: =VLOOKUP(CP50, $C$14:$D$19, 2, FALSE) -> 820
E51: {=TRANSPOSE($D$22:$D$25)} -> 0 | F51: 41 | G51: 82 | H51: 123 | J51: {=TRANSPOSE($D$22:$D$25)} -> 0 | K51: 41 | L51: 82 | M51: 123 | O51: {=TRANSPOSE($D$22:$D$25)} -> 0 | P51: 41 | Q51: 82 | R51: 123 | T51: {=TRANSPOSE($D$22:$D$25)} -> 0 | U51: 41 | V51: 82 | W51: 123 | Y51: {=TRANSPOSE($D$22:$D$25)} -> 0 | Z51: 41 | AA51: 82 | AB51: 123 | AD51: {=TRANSPOSE($D$22:$D$25)} -> 0 | AE51: 41 | AF51: 82 | AG51: 123 | AK51: {=TRANSPOSE($D$22:$D$25)} -> 0 | AL51: 41 | AM51: 82 | AN51: 123 | AP51: {=TRANSPOSE($D$22:$D$25)} -> 0 | AQ51: 41 | AR51: 82 | AS51: 123 | AU51: {=TRANSPOSE($D$22:$D$25)} -> 0 | AV51: 41 | AW51: 82 | AX51: 123 | AZ51: {=TRANSPOSE($D$22:$D$25)} -> 0 | BA51: 41 | BB51: 82 | BC51: 123 | BE51: {=TRANSPOSE($D$22:$D$25)} -> 0 | BF51: 41 | BG51: 82 | BH51: 123 | BJ51: {=TRANSPOSE($D$22:$D$25)} -> 0 | BK51: 41 | BL51: 82 | BM51: 123 | BQ51: {=TRANSPOSE($D$22:$D$25)} -> 0 | BR51: 41 | BS51: 82 | BT51: 123 | BV51: {=TRANSPOSE($D$22:$D$25)} -> 0 | BW51: 41 | BX51: 82 | BY51: 123 | CA51: {=TRANSPOSE($D$22:$D$25)} -> 0 | CB51: 41 | CC51: 82 | CD51: 123 | CF51: {=TRANSPOSE($D$22:$D$25)} -> 0 | CG51: 41 | CH51: 82 | CI51: 123 | CK51: {=TRANSPOSE($D$22:$D$25)} -> 0 | CL51: 41 | CM51: 82 | CN51: 123 | CP51: {=TRANSPOSE($D$22:$D$25)} -> 0 | CQ51: 41 | CR51: 82 | CS51: 123
C52: Situation → Année ↓ | E52: Initiale | F52: Référence | G52: Prévisionnelle | H52: Ex-post | J52: Initiale | K52: Référence | L52: Prévisionnelle | M52: Ex-post | O52: Initiale | P52: Référence | Q52: Prévisionnelle | R52: Ex-post | T52: Initiale | U52: Référence | V52: Prévisionnelle | W52: Ex-post | Y52: Initiale | Z52: Référence | AA52: Prévisionnelle | AB52: Ex-post | AD52: Initiale | AE52: Référence | AF52: Prévisionnelle | AG52: Ex-post | AK52: Initiale | AL52: Référence | AM52: Prévisionnelle | AN52: Ex-post | AP52: Initiale | AQ52: Référence | AR52: Prévisionnelle | AS52: Ex-post | AU52: Initiale | AV52: Référence | AW52: Prévisionnelle | AX52: Ex-post | AZ52: Initiale | BA52: Référence | BB52: Prévisionnelle | BC52: Ex-post | BE52: Initiale | BF52: Référence | BG52: Prévisionnelle | BH52: Ex-post | BJ52: Initiale | BK52: Référence | BL52: Prévisionnelle | BM52: Ex-post | BQ52: Initiale | BR52: Référence | BS52: Prévisionnelle | BT52: Ex-post | BV52: Initiale | BW52: Référence | BX52: Prévisionnelle | BY52: Ex-post | CA52: Initiale | CB52: Référence | CC52: Prévisionnelle | CD52: Ex-post | CF52: Initiale | CG52: Référence | CH52: Prévisionnelle | CI52: Ex-post | CK52: Initiale | CL52: Référence | CM52: Prévisionnelle | CN52: Ex-post | CP52: Initiale | CQ52: Référence | CR52: Prévisionnelle | CS52: Ex-post
B53: 0 | C53: 2010 | E53: {=INDEX('1. Données d''entrée'!$I:$K, B46 + I50 + E51 + $B53, D48)} -> 0 | F53: {=IF($C53 <= F49, E53, INDEX('1. Données d''entrée'!$I:$K, B46 + I50 + F51 + $B53, D48))} -> 0 | G53: {=IF($C53 <= G$49, E53, INDEX('1. Données d''entrée'!$I:$K, B46 + I50 + G51 + $B53, D48))} -> 0 | H53: {=IF($C53 <= H$49, E53, INDEX('1. Données d''entrée'!$I:$K, B46 + I50 + H51 + $B53, D48))} -> 0 | J53: {=INDEX('1. Données d''entrée'!$I:$K, B46 + N50 + J51 + $B53, D48)} -> 0 | K53: {=IF($C53 <= K49, J53, INDEX('1. Données d''entrée'!$I:$K, B46 + N50 + K51 + $B53, D48))} -> 0 | L53: {=IF($C53 <= L$49, J53, INDEX('1. Données d''entrée'!$I:$K, B46 + N50 + L51 + $B53, D48))} -> 0 | M53: {=IF($C53 <= M$49, J53, INDEX('1. Données d''entrée'!$I:$K, B46 + N50 + M51 + $B53, D48))} -> 0 | O53: {=INDEX('1. Données d''entrée'!$I:$K, B46 + S50 + O51 + $B53, D48)} -> 0 | P53: {=IF($C53 <= P49, O53, INDEX('1. Données d''entrée'!$I:$K, B46 + S50 + P51 + $B53, D48))} -> 0 | Q53: {=IF($C53 <= Q$49, O53, INDEX('1. Données d''entrée'!$I:$K, B46 + S50 + Q51 + $B53, D48))} -> 0 | R53: {=IF($C53 <= R$49, O53, INDEX('1. Données d''entrée'!$I:$K, B46 + S50 + R51 + $B53, D48))} -> 0 | T53: {=INDEX('1. Données d''entrée'!$I:$K, B46 + X50 + T51 + $B53, D48)} -> 0 | U53: {=IF($C53 <= U49, T53, INDEX('1. Données d''entrée'!$I:$K, B46 + X50 + U51 + $B53, D48))} -> 0 | V53: {=IF($C53 <= V$49, T53, INDEX('1. Données d''entrée'!$I:$K, B46 + X50 + V51 + $B53, D48))} -> 0 | W53: {=IF($C53 <= W$49, T53, INDEX('1. Données d''entrée'!$I:$K, B46 + X50 + W51 + $B53, D48))} -> 0 | Y53: {=INDEX('1. Données d''entrée'!$I:$K, B46 + AC50 + Y51 + $B53, D48)} -> 0 | Z53: {=IF($C53 <= Z49, Y53, INDEX('1. Données d''entrée'!$I:$K, B46 + AC50 + Z51 + $B53, D48))} -> 0 | AA53: {=IF($C53 <= AA$49, Y53, INDEX('1. Données d''entrée'!$I:$K, B46 + AC50 + AA51 + $B53, D48))} -> 0 | AB53: {=IF($C53 <= AB$49, Y53, INDEX('1. Données d''entrée'!$I:$K, B46 + AC50 + AB51 + $B53, D48))} -> 0 | AD53: {=INDEX('1. Données d''entrée'!$I:$K, B46 + AH50 + AD51 + $B53, D48)} -> 0 | AE53: {=IF($C53 <= AE49, AD53, INDEX('1. Données d''entrée'!$I:$K, B46 + AH50 + AE51 + $B53, D48))} -> 0 | AF53: {=IF($C53 <= AF$49, AD53, INDEX('1. Données d''entrée'!$I:$K, B46 + AH50 + AF51 + $B53, D48))} -> 0 | AG53: {=IF($C53 <= AG$49, AD53, INDEX('1. Données d''entrée'!$I:$K, B46 + AH50 + AG51 + $B53, D48))} -> 0 | AK53: {=INDEX('1. Données d''entrée'!$I:$K, B46 + AO50 + AK51 + $B53, AJ48)} -> 0 | AL53: {=IF($C53 <= AL49, AK53, INDEX('1. Données d''entrée'!$I:$K, B46 + AO50 + AL51 + $B53, AJ48))} -> 0 | AM53: {=IF($C53 <= AM$49, AK53, INDEX('1. Données d''entrée'!$I:$K, B46 + AO50 + AM51 + $B53, AJ48))} -> 0 | AN53: {=IF($C53 <= AN$49, AK53, INDEX('1. Données d''entrée'!$I:$K, B46 + AO50 + AN51 + $B53, AJ48))} -> 0 | AP53: {=INDEX('1. Données d''entrée'!$I:$K, B46 + AT50 + AP51 + $B53, AJ48)} -> 0 | AQ53: {=IF($C53 <= AQ49, AP53, INDEX('1. Données d''entrée'!$I:$K, B46 + AT50 + AQ51 + $B53, AJ48))} -> 0 | AR53: {=IF($C53 <= AR$49, AP53, INDEX('1. Données d''entrée'!$I:$K, B46 + AT50 + AR51 + $B53, AJ48))} -> 0 | AS53: {=IF($C53 <= AS$49, AP53, INDEX('1. Données d''entrée'!$I:$K, B46 + AT50 + AS51 + $B53, AJ48))} -> 0 | AU53: {=INDEX('1. Données d''entrée'!$I:$K, B46 + AY50 + AU51 + $B53, AJ48)} -> 0 | AV53: {=IF($C53 <= AV49, AU53, INDEX('1. Données d''entrée'!$I:$K, B46 + AY50 + AV51 + $B53, AJ48))} -> 0 | AW53: {=IF($C53 <= AW$49, AU53, INDEX('1. Données d''entrée'!$I:$K, B46 + AY50 + AW51 + $B53, AJ48))} -> 0 | AX53: {=IF($C53 <= AX$49, AU53, INDEX('1. Données d''entrée'!$I:$K, B46 + AY50 + AX51 + $B53, AJ48))} -> 0 | AZ53: {=INDEX('1. Données d''entrée'!$I:$K, B46 + BD50 + AZ51 + $B53, AJ48)} -> 0 | BA53: {=IF($C53 <= BA49, AZ53, INDEX('1. Données d''entrée'!$I:$K, B46 + BD50 + BA51 + $B53, AJ48))} -> 0 | BB53: {=IF($C53 <= BB$49, AZ53, INDEX('1. Données d''entrée'!$I:$K, B46 + BD50 + BB51 + $B53, AJ48))} -> 0 | BC53: {=IF($C53 <= BC$49, AZ53, INDEX('1. Données d''entrée'!$I:$K, B46 + BD50 + BC51 + $B53, AJ48))} -> 0 | BE53: {=INDEX('1. Données d''entrée'!$I:$K, B46 + BI50 + BE51 + $B53, AJ48)} -> 0 | BF53: {=IF($C53 <= BF49, BE53, INDEX('1. Données d''entrée'!$I:$K, B46 + BI50 + BF51 + $B53, AJ48))} -> 0 | BG53: {=IF($C53 <= BG$49, BE53, INDEX('1. Données d''entrée'!$I:$K, B46 + BI50 + BG51 + $B53, AJ48))} -> 0 | BH53: {=IF($C53 <= BH$49, BE53, INDEX('1. Données d''entrée'!$I:$K, B46 + BI50 + BH51 + $B53, AJ48))} -> 0 | BJ53: {=INDEX('1. Données d''entrée'!$I:$K, B46 + BN50 + BJ51 + $B53, AJ48)} -> 0 | BK53: {=IF($C53 <= BK49, BJ53, INDEX('1. Données d''entrée'!$I:$K, B46 + BN50 + BK51 + $B53, AJ48))} -> 0 | BL53: {=IF($C53 <= BL$49, BJ53, INDEX('1. Données d''entrée'!$I:$K, B46 + BN50 + BL51 + $B53, AJ48))} -> 0 | BM53: {=IF($C53 <= BM$49, BJ53, INDEX('1. Données d''entrée'!$I:$K, B46 + BN50 + BM51 + $B53, AJ48))} -> 0 | BQ53: {=INDEX('1. Données d''entrée'!$I:$K, B46 + BU50 + BQ51 + $B53, BP48)} -> 0 | BR53: {=IF($C53 <= BR49, BQ53, INDEX('1. Données d''entrée'!$I:$K, B46 + BU50 + BR51 + $B53, BP48))} -> 0 | BS53: {=IF($C53 <= BS$49, BQ53, INDEX('1. Données d''entrée'!$I:$K, B46 + BU50 + BS51 + $B53, BP48))} -> 0 | BT53: {=IF($C53 <= BT$49, BQ53, INDEX('1. Données d''entrée'!$I:$K, B46 + BU50 + BT51 + $B53, BP48))} -> 0 | BV53: {=INDEX('1. Données d''entrée'!$I:$K, B46 + BZ50 + BV51 + $B53, BP48)} -> 0 | BW53: {=IF($C53 <= BW49, BV53, INDEX('1. Données d''entrée'!$I:$K, B46 + BZ50 + BW51 + $B53, BP48))} -> 0 | BX53: {=IF($C53 <= BX$49, BV53, INDEX('1. Données d''entrée'!$I:$K, B46 + BZ50 + BX51 + $B53, BP48))} -> 0 | BY53: {=IF($C53 <= BY$49, BV53, INDEX('1. Données d''entrée'!$I:$K, B46 + BZ50 + BY51 + $B53, BP48))} -> 0 | CA53: {=INDEX('1. Données d''entrée'!$I:$K, B46 + CE50 + CA51 + $B53, BP48)} -> 0 | CB53: {=IF($C53 <= CB49, CA53, INDEX('1. Données d''entrée'!$I:$K, B46 + CE50 + CB51 + $B53, BP48))} -> 0 | CC53: {=IF($C53 <= CC$49, CA53, INDEX('1. Données d''entrée'!$I:$K, B46 + CE50 + CC51 + $B53, BP48))} -> 0 | CD53: {=IF($C53 <= CD$49, CA53, INDEX('1. Données d''entrée'!$I:$K, B46 + CE50 + CD51 + $B53, BP48))} -> 0 | CF53: {=INDEX('1. Données d''entrée'!$I:$K, B46 + CJ50 + CF51 + $B53, BP48)} -> 0 | CG53: {=IF($C53 <= CG49, CF53, INDEX('1. Données d''entrée'!$I:$K, B46 + CJ50 + CG51 + $B53, BP48))} -> 0 | CH53: {=IF($C53 <= CH$49, CF53, INDEX('1. Données d''entrée'!$I:$K, B46 + CJ50 + CH51 + $B53, BP48))} -> 0 | CI53: {=IF($C53 <= CI$49, CF53, INDEX('1. Données d''entrée'!$I:$K, B46 + CJ50 + CI51 + $B53, BP48))} -> 0 | CK53: {=INDEX('1. Données d''entrée'!$I:$K, B46 + CO50 + CK51 + $B53, BP48)} -> 0 | CL53: {=IF($C53 <= CL49, CK53, INDEX('1. Données d''entrée'!$I:$K, B46 + CO50 + CL51 + $B53, BP48))} -> 0 | CM53: {=IF($C53 <= CM$49, CK53, INDEX('1. Données d''entrée'!$I:$K, B46 + CO50 + CM51 + $B53, BP48))} -> 0 | CN53: {=IF($C53 <= CN$49, CK53, INDEX('1. Données d''entrée'!$I:$K, B46 + CO50 + CN51 + $B53, BP48))} -> 0 | CP53: {=INDEX('1. Données d''entrée'!$I:$K, B46 + CT50 + CP51 + $B53, BP48)} -> 0 | CQ53: {=IF($C53 <= CQ49, CP53, INDEX('1. Données d''entrée'!$I:$K, B46 + CT50 + CQ51 + $B53, BP48))} -> 0 | CR53: {=IF($C53 <= CR$49, CP53, INDEX('1. Données d''entrée'!$I:$K, B46 + CT50 + CR51 + $B53, BP48))} -> 0 | CS53: {=IF($C53 <= CS$49, CP53, INDEX('1. Données d''entrée'!$I:$K, B46 + CT50 + CS51 + $B53, BP48))} -> 0
B54: 1 | C54: 2011 | E54: {=INDEX('1. Données d''entrée'!$I:$K, B46 + I50 + E51 + $B54, D48)} -> 0 | F54: {=IF($C54 <= F49, E54, INDEX('1. Données d''entrée'!$I:$K, B46 + I50 + F51 + $B54, D48))} -> 0 | G54: {=IF($C54 <= G$49, E54, INDEX('1. Données d''entrée'!$I:$K, B46 + I50 + G51 + $B54, D48))} -> 0 | H54: {=IF($C54 <= H$49, E54, INDEX('1. Données d''entrée'!$I:$K, B46 + I50 + H51 + $B54, D48))} -> 0 | J54: {=INDEX('1. Données d''entrée'!$I:$K, B46 + N50 + J51 + $B54, D48)} -> 0 | K54: {=IF($C54 <= K49, J54, INDEX('1. Données d''entrée'!$I:$K, B46 + N50 + K51 + $B54, D48))} -> 0 | L54: {=IF($C54 <= L$49, J54, INDEX('1. Données d''entrée'!$I:$K, B46 + N50 + L51 + $B54, D48))} -> 0 | M54: {=IF($C54 <= M$49, J54, INDEX('1. Données d''entrée'!$I:$K, B46 + N50 + M51 + $B54, D48))} -> 0 | O54: {=INDEX('1. Données d''entrée'!$I:$K, B46 + S50 + O51 + $B54, D48)} -> 0 | P54: {=IF($C54 <= P49, O54, INDEX('1. Données d''entrée'!$I:$K, B46 + S50 + P51 + $B54, D48))} -> 0 | Q54: {=IF($C54 <= Q$49, O54, INDEX('1. Données d''entrée'!$I:$K, B46 + S50 + Q51 + $B54, D48))} -> 0 | R54: {=IF($C54 <= R$49, O54, INDEX('1. Données d''entrée'!$I:$K, B46 + S50 + R51 + $B54, D48))} -> 0 | T54: {=INDEX('1. Données d''entrée'!$I:$K, B46 + X50 + T51 + $B54, D48)} -> 0 | U54: {=IF($C54 <= U49, T54, INDEX('1. Données d''entrée'!$I:$K, B46 + X50 + U51 + $B54, D48))} -> 0 | V54: {=IF($C54 <= V$49, T54, INDEX('1. Données d''entrée'!$I:$K, B46 + X50 + V51 + $B54, D48))} -> 0 | W54: {=IF($C54 <= W$49, T54, INDEX('1. Données d''entrée'!$I:$K, B46 + X50 + W51 + $B54, D48))} -> 0 | Y54: {=INDEX('1. Données d''entrée'!$I:$K, B46 + AC50 + Y51 + $B54, D48)} -> 0 | Z54: {=IF($C54 <= Z49, Y54, INDEX('1. Données d''entrée'!$I:$K, B46 + AC50 + Z51 + $B54, D48))} -> 0 | AA54: {=IF($C54 <= AA$49, Y54, INDEX('1. Données d''entrée'!$I:$K, B46 + AC50 + AA51 + $B54, D48))} -> 0 | AB54: {=IF($C54 <= AB$49, Y54, INDEX('1. Données d''entrée'!$I:$K, B46 + AC50 + AB51 + $B54, D48))} -> 0 | AD54: {=INDEX('1. Données d''entrée'!$I:$K, B46 + AH50 + AD51 + $B54, D48)} -> 0 | AE54: {=IF($C54 <= AE49, AD54, INDEX('1. Données d''entrée'!$I:$K, B46 + AH50 + AE51 + $B54, D48))} -> 0 | AF54: {=IF($C54 <= AF$49, AD54, INDEX('1. Données d''entrée'!$I:$K, B46 + AH50 + AF51 + $B54, D48))} -> 0 | AG54: {=IF($C54 <= AG$49, AD54, INDEX('1. Données d''entrée'!$I:$K, B46 + AH50 + AG51 + $B54, D48))} -> 0 | AK54: {=INDEX('1. Données d''entrée'!$I:$K, B46 + AO50 + AK51 + $B54, AJ48)} -> 0 | AL54: {=IF($C54 <= AL49, AK54, INDEX('1. Données d''entrée'!$I:$K, B46 + AO50 + AL51 + $B54, AJ48))} -> 0 | AM54: {=IF($C54 <= AM$49, AK54, INDEX('1. Données d''entrée'!$I:$K, B46 + AO50 + AM51 + $B54, AJ48))} -> 0 | AN54: {=IF($C54 <= AN$49, AK54, INDEX('1. Données d''entrée'!$I:$K, B46 + AO50 + AN51 + $B54, AJ48))} -> 0 | AP54: {=INDEX('1. Données d''entrée'!$I:$K, B46 + AT50 + AP51 + $B54, AJ48)} -> 0 | AQ54: {=IF($C54 <= AQ49, AP54, INDEX('1. Données d''entrée'!$I:$K, B46 + AT50 + AQ51 + $B54, AJ48))} -> 0 | AR54: {=IF($C54 <= AR$49, AP54, INDEX('1. Données d''entrée'!$I:$K, B46 + AT50 + AR51 + $B54, AJ48))} -> 0 | AS54: {=IF($C54 <= AS$49, AP54, INDEX('1. Données d''entrée'!$I:$K, B46 + AT50 + AS51 + $B54, AJ48))} -> 0 | AU54: {=INDEX('1. Données d''entrée'!$I:$K, B46 + AY50 + AU51 + $B54, AJ48)} -> 0 | AV54: {=IF($C54 <= AV49, AU54, INDEX('1. Données d''entrée'!$I:$K, B46 + AY50 + AV51 + $B54, AJ48))} -> 0 | AW54: {=IF($C54 <= AW$49, AU54, INDEX('1. Données d''entrée'!$I:$K, B46 + AY50 + AW51 + $B54, AJ48))} -> 0 | AX54: {=IF($C54 <= AX$49, AU54, INDEX('1. Données d''entrée'!$I:$K, B46 + AY50 + AX51 + $B54, AJ48))} -> 0 | AZ54: {=INDEX('1. Données d''entrée'!$I:$K, B46 + BD50 + AZ51 + $B54, AJ48)} -> 0 | BA54: {=IF($C54 <= BA49, AZ54, INDEX('1. Données d''entrée'!$I:$K, B46 + BD50 + BA51 + $B54, AJ48))} -> 0 | BB54: {=IF($C54 <= BB$49, AZ54, INDEX('1. Données d''entrée'!$I:$K, B46 + BD50 + BB51 + $B54, AJ48))} -> 0 | BC54: {=IF($C54 <= BC$49, AZ54, INDEX('1. Données d''entrée'!$I:$K, B46 + BD50 + BC51 + $B54, AJ48))} -> 0 | BE54: {=INDEX('1. Données d''entrée'!$I:$K, B46 + BI50 + BE51 + $B54, AJ48)} -> 0 | BF54: {=IF($C54 <= BF49, BE54, INDEX('1. Données d''entrée'!$I:$K, B46 + BI50 + BF51 + $B54, AJ48))} -> 0 | BG54: {=IF($C54 <= BG$49, BE54, INDEX('1. Données d''entrée'!$I:$K, B46 + BI50 + BG51 + $B54, AJ48))} -> 0 | BH54: {=IF($C54 <= BH$49, BE54, INDEX('1. Données d''entrée'!$I:$K, B46 + BI50 + BH51 + $B54, AJ48))} -> 0 | BJ54: {=INDEX('1. Données d''entrée'!$I:$K, B46 + BN50 + BJ51 + $B54, AJ48)} -> 0 | BK54: {=IF($C54 <= BK49, BJ54, INDEX('1. Données d''entrée'!$I:$K, B46 + BN50 + BK51 + $B54, AJ48))} -> 0 | BL54: {=IF($C54 <= BL$49, BJ54, INDEX('1. Données d''entrée'!$I:$K, B46 + BN50 + BL51 + $B54, AJ48))} -> 0 | BM54: {=IF($C54 <= BM$49, BJ54, INDEX('1. Données d''entrée'!$I:$K, B46 + BN50 + BM51 + $B54, AJ48))} -> 0 | BQ54: {=INDEX('1. Données d''entrée'!$I:$K, B46 + BU50 + BQ51 + $B54, BP48)} -> 0 | BR54: {=IF($C54 <= BR49, BQ54, INDEX('1. Données d''entrée'!$I:$K, B46 + BU50 + BR51 + $B54, BP48))} -> 0 | BS54: {=IF($C54 <= BS$49, BQ54, INDEX('1. Données d''entrée'!$I:$K, B46 + BU50 + BS51 + $B54, BP48))} -> 0 | BT54: {=IF($C54 <= BT$49, BQ54, INDEX('1. Données d''entrée'!$I:$K, B46 + BU50 + BT51 + $B54, BP48))} -> 0 | BV54: {=INDEX('1. Données d''entrée'!$I:$K, B46 + BZ50 + BV51 + $B54, BP48)} -> 0 | BW54: {=IF($C54 <= BW49, BV54, INDEX('1. Données d''entrée'!$I:$K, B46 + BZ50 + BW51 + $B54, BP48))} -> 0 | BX54: {=IF($C54 <= BX$49, BV54, INDEX('1. Données d''entrée'!$I:$K, B46 + BZ50 + BX51 + $B54, BP48))} -> 0 | BY54: {=IF($C54 <= BY$49, BV54, INDEX('1. Données d''entrée'!$I:$K, B46 + BZ50 + BY51 + $B54, BP48))} -> 0 | CA54: {=INDEX('1. Données d''entrée'!$I:$K, B46 + CE50 + CA51 + $B54, BP48)} -> 0 | CB54: {=IF($C54 <= CB49, CA54, INDEX('1. Données d''entrée'!$I:$K, B46 + CE50 + CB51 + $B54, BP48))} -> 0 | CC54: {=IF($C54 <= CC$49, CA54, INDEX('1. Données d''entrée'!$I:$K, B46 + CE50 + CC51 + $B54, BP48))} -> 0 | CD54: {=IF($C54 <= CD$49, CA54, INDEX('1. Données d''entrée'!$I:$K, B46 + CE50 + CD51 + $B54, BP48))} -> 0 | CF54: {=INDEX('1. Données d''entrée'!$I:$K, B46 + CJ50 + CF51 + $B54, BP48)} -> 0 | CG54: {=IF($C54 <= CG49, CF54, INDEX('1. Données d''entrée'!$I:$K, B46 + CJ50 + CG51 + $B54, BP48))} -> 0 | CH54: {=IF($C54 <= CH$49, CF54, INDEX('1. Données d''entrée'!$I:$K, B46 + CJ50 + CH51 + $B54, BP48))} -> 0 | CI54: {=IF($C54 <= CI$49, CF54, INDEX('1. Données d''entrée'!$I:$K, B46 + CJ50 + CI51 + $B54, BP48))} -> 0 | CK54: {=INDEX('1. Données d''entrée'!$I:$K, B46 + CO50 + CK51 + $B54, BP48)} -> 0 | CL54: {=IF($C54 <= CL49, CK54, INDEX('1. Données d''entrée'!$I:$K, B46 + CO50 + CL51 + $B54, BP48))} -> 0 | CM54: {=IF($C54 <= CM$49, CK54, INDEX('1. Données d''entrée'!$I:$K, B46 + CO50 + CM51 + $B54, BP48))} -> 0 | CN54: {=IF($C54 <= CN$49, CK54, INDEX('1. Données d''entrée'!$I:$K, B46 + CO50 + CN51 + $B54, BP48))} -> 0 | CP54: {=INDEX('1. Données d''entrée'!$I:$K, B46 + CT50 + CP51 + $B54, BP48)} -> 0 | CQ54: {=IF($C54 <= CQ49, CP54, INDEX('1. Données d''entrée'!$I:$K, B46 + CT50 + CQ51 + $B54, BP48))} -> 0 | CR54: {=IF($C54 <= CR$49, CP54, INDEX('1. Données d''entrée'!$I:$K, B46 + CT50 + CR51 + $B54, BP48))} -> 0 | CS54: {=IF($C54 <= CS$49, CP54, INDEX('1. Données d''entrée'!$I:$K, B46 + CT50 + CS51 + $B54, BP48))} -> 0
B55: 2 | C55: 2012 | E55: {=INDEX('1. Données d''entrée'!$I:$K, B46 + I50 + E51 + $B55, D48)} -> 0 | F55: {=IF($C55 <= F49, E55, INDEX('1. Données d''entrée'!$I:$K, B46 + I50 + F51 + $B55, D48))} -> 0 | G55: {=IF($C55 <= G$49, E55, INDEX('1. Données d''entrée'!$I:$K, B46 + I50 + G51 + $B55, D48))} -> 0 | H55: {=IF($C55 <= H$49, E55, INDEX('1. Données d''entrée'!$I:$K, B46 + I50 + H51 + $B55, D48))} -> 0 | J55: {=INDEX('1. Données d''entrée'!$I:$K, B46 + N50 + J51 + $B55, D48)} -> 0 | K55: {=IF($C55 <= K49, J55, INDEX('1. Données d''entrée'!$I:$K, B46 + N50 + K51 + $B55, D48))} -> 0 | L55: {=IF($C55 <= L$49, J55, INDEX('1. Données d''entrée'!$I:$K, B46 + N50 + L51 + $B55, D48))} -> 0 | M55: {=IF($C55 <= M$49, J55, INDEX('1. Données d''entrée'!$I:$K, B46 + N50 + M51 + $B55, D48))} -> 0 | O55: {=INDEX('1. Données d''entrée'!$I:$K, B46 + S50 + O51 + $B55, D48)} -> 0 | P55: {=IF($C55 <= P49, O55, INDEX('1. Données d''entrée'!$I:$K, B46 + S50 + P51 + $B55, D48))} -> 0 | Q55: {=IF($C55 <= Q$49, O55, INDEX('1. Données d''entrée'!$I:$K, B46 + S50 + Q51 + $B55, D48))} -> 0 | R55: {=IF($C55 <= R$49, O55, INDEX('1. Données d''entrée'!$I:$K, B46 + S50 + R51 + $B55, D48))} -> 0 | T55: {=INDEX('1. Données d''entrée'!$I:$K, B46 + X50 + T51 + $B55, D48)} -> 0 | U55: {=IF($C55 <= U49, T55, INDEX('1. Données d''entrée'!$I:$K, B46 + X50 + U51 + $B55, D48))} -> 0 | V55: {=IF($C55 <= V$49, T55, INDEX('1. Données d''entrée'!$I:$K, B46 + X50 + V51 + $B55, D48))} -> 0 | W55: {=IF($C55 <= W$49, T55, INDEX('1. Données d''entrée'!$I:$K, B46 + X50 + W51 + $B55, D48))} -> 0 | Y55: {=INDEX('1. Données d''entrée'!$I:$K, B46 + AC50 + Y51 + $B55, D48)} -> 0 | Z55: {=IF($C55 <= Z49, Y55, INDEX('1. Données d''entrée'!$I:$K, B46 + AC50 + Z51 + $B55, D48))} -> 0 | AA55: {=IF($C55 <= AA$49, Y55, INDEX('1. Données d''entrée'!$I:$K, B46 + AC50 + AA51 + $B55, D48))} -> 0 | AB55: {=IF($C55 <= AB$49, Y55, INDEX('1. Données d''entrée'!$I:$K, B46 + AC50 + AB51 + $B55, D48))} -> 0 | AD55: {=INDEX('1. Données d''entrée'!$I:$K, B46 + AH50 + AD51 + $B55, D48)} -> 0 | AE55: {=IF($C55 <= AE49, AD55, INDEX('1. Données d''entrée'!$I:$K, B46 + AH50 + AE51 + $B55, D48))} -> 0 | AF55: {=IF($C55 <= AF$49, AD55, INDEX('1. Données d''entrée'!$I:$K, B46 + AH50 + AF51 + $B55, D48))} -> 0 | AG55: {=IF($C55 <= AG$49, AD55, INDEX('1. Données d''entrée'!$I:$K, B46 + AH50 + AG51 + $B55, D48))} -> 0 | AK55: {=INDEX('1. Données d''entrée'!$I:$K, B46 + AO50 + AK51 + $B55, AJ48)} -> 0 | AL55: {=IF($C55 <= AL49, AK55, INDEX('1. Données d''entrée'!$I:$K, B46 + AO50 + AL51 + $B55, AJ48))} -> 0 | AM55: {=IF($C55 <= AM$49, AK55, INDEX('1. Données d''entrée'!$I:$K, B46 + AO50 + AM51 + $B55, AJ48))} -> 0 | AN55: {=IF($C55 <= AN$49, AK55, INDEX('1. Données d''entrée'!$I:$K, B46 + AO50 + AN51 + $B55, AJ48))} -> 0 | AP55: {=INDEX('1. Données d''entrée'!$I:$K, B46 + AT50 + AP51 + $B55, AJ48)} -> 0 | AQ55: {=IF($C55 <= AQ49, AP55, INDEX('1. Données d''entrée'!$I:$K, B46 + AT50 + AQ51 + $B55, AJ48))} -> 0 | AR55: {=IF($C55 <= AR$49, AP55, INDEX('1. Données d''entrée'!$I:$K, B46 + AT50 + AR51 + $B55, AJ48))} -> 0 | AS55: {=IF($C55 <= AS$49, AP55, INDEX('1. Données d''entrée'!$I:$K, B46 + AT50 + AS51 + $B55, AJ48))} -> 0 | AU55: {=INDEX('1. Données d''entrée'!$I:$K, B46 + AY50 + AU51 + $B55, AJ48)} -> 0 | AV55: {=IF($C55 <= AV49, AU55, INDEX('1. Données d''entrée'!$I:$K, B46 + AY50 + AV51 + $B55, AJ48))} -> 0 | AW55: {=IF($C55 <= AW$49, AU55, INDEX('1. Données d''entrée'!$I:$K, B46 + AY50 + AW51 + $B55, AJ48))} -> 0 | AX55: {=IF($C55 <= AX$49, AU55, INDEX('1. Données d''entrée'!$I:$K, B46 + AY50 + AX51 + $B55, AJ48))} -> 0 | AZ55: {=INDEX('1. Données d''entrée'!$I:$K, B46 + BD50 + AZ51 + $B55, AJ48)} -> 0 | BA55: {=IF($C55 <= BA49, AZ55, INDEX('1. Données d''entrée'!$I:$K, B46 + BD50 + BA51 + $B55, AJ48))} -> 0 | BB55: {=IF($C55 <= BB$49, AZ55, INDEX('1. Données d''entrée'!$I:$K, B46 + BD50 + BB51 + $B55, AJ48))} -> 0 | BC55: {=IF($C55 <= BC$49, AZ55, INDEX('1. Données d''entrée'!$I:$K, B46 + BD50 + BC51 + $B55, AJ48))} -> 0 | BE55: {=INDEX('1. Données d''entrée'!$I:$K, B46 + BI50 + BE51 + $B55, AJ48)} -> 0 | BF55: {=IF($C55 <= BF49, BE55, INDEX('1. Données d''entrée'!$I:$K, B46 + BI50 + BF51 + $B55, AJ48))} -> 0 | BG55: {=IF($C55 <= BG$49, BE55, INDEX('1. Données d''entrée'!$I:$K, B46 + BI50 + BG51 + $B55, AJ48))} -> 0 | BH55: {=IF($C55 <= BH$49, BE55, INDEX('1. Données d''entrée'!$I:$K, B46 + BI50 + BH51 + $B55, AJ48))} -> 0 | BJ55: {=INDEX('1. Données d''entrée'!$I:$K, B46 + BN50 + BJ51 + $B55, AJ48)} -> 0 | BK55: {=IF($C55 <= BK49, BJ55, INDEX('1. Données d''entrée'!$I:$K, B46 + BN50 + BK51 + $B55, AJ48))} -> 0 | BL55: {=IF($C55 <= BL$49, BJ55, INDEX('1. Données d''entrée'!$I:$K, B46 + BN50 + BL51 + $B55, AJ48))} -> 0 | BM55: {=IF($C55 <= BM$49, BJ55, INDEX('1. Données d''entrée'!$I:$K, B46 + BN50 + BM51 + $B55, AJ48))} -> 0 | BQ55: {=INDEX('1. Données d''entrée'!$I:$K, B46 + BU50 + BQ51 + $B55, BP48)} -> 0 | BR55: {=IF($C55 <= BR49, BQ55, INDEX('1. Données d''entrée'!$I:$K, B46 + BU50 + BR51 + $B55, BP48))} -> 0 | BS55: {=IF($C55 <= BS$49, BQ55, INDEX('1. Données d''entrée'!$I:$K, B46 + BU50 + BS51 + $B55, BP48))} -> 0 | BT55: {=IF($C55 <= BT$49, BQ55, INDEX('1. Données d''entrée'!$I:$K, B46 + BU50 + BT51 + $B55, BP48))} -> 0 | BV55: {=INDEX('1. Données d''entrée'!$I:$K, B46 + BZ50 + BV51 + $B55, BP48)} -> 0 | BW55: {=IF($C55 <= BW49, BV55, INDEX('1. Données d''entrée'!$I:$K, B46 + BZ50 + BW51 + $B55, BP48))} -> 0 | BX55: {=IF($C55 <= BX$49, BV55, INDEX('1. Données d''entrée'!$I:$K, B46 + BZ50 + BX51 + $B55, BP48))} -> 0 | BY55: {=IF($C55 <= BY$49, BV55, INDEX('1. Données d''entrée'!$I:$K, B46 + BZ50 + BY51 + $B55, BP48))} -> 0 | CA55: {=INDEX('1. Données d''entrée'!$I:$K, B46 + CE50 + CA51 + $B55, BP48)} -> 0 | CB55: {=IF($C55 <= CB49, CA55, INDEX('1. Données d''entrée'!$I:$K, B46 + CE50 + CB51 + $B55, BP48))} -> 0 | CC55: {=IF($C55 <= CC$49, CA55, INDEX('1. Données d''entrée'!$I:$K, B46 + CE50 + CC51 + $B55, BP48))} -> 0 | CD55: {=IF($C55 <= CD$49, CA55, INDEX('1. Données d''entrée'!$I:$K, B46 + CE50 + CD51 + $B55, BP48))} -> 0 | CF55: {=INDEX('1. Données d''entrée'!$I:$K, B46 + CJ50 + CF51 + $B55, BP48)} -> 0 | CG55: {=IF($C55 <= CG49, CF55, INDEX('1. Données d''entrée'!$I:$K, B46 + CJ50 + CG51 + $B55, BP48))} -> 0 | CH55: {=IF($C55 <= CH$49, CF55, INDEX('1. Données d''entrée'!$I:$K, B46 + CJ50 + CH51 + $B55, BP48))} -> 0 | CI55: {=IF($C55 <= CI$49, CF55, INDEX('1. Données d''entrée'!$I:$K, B46 + CJ50 + CI51 + $B55, BP48))} -> 0 | CK55: {=INDEX('1. Données d''entrée'!$I:$K, B46 + CO50 + CK51 + $B55, BP48)} -> 0 | CL55: {=IF($C55 <= CL49, CK55, INDEX('1. Données d''entrée'!$I:$K, B46 + CO50 + CL51 + $B55, BP48))} -> 0 | CM55: {=IF($C55 <= CM$49, CK55, INDEX('1. Données d''entrée'!$I:$K, B46 + CO50 + CM51 + $B55, BP48))} -> 0 | CN55: {=IF($C55 <= CN$49, CK55, INDEX('1. Données d''entrée'!$I:$K, B46 + CO50 + CN51 + $B55, BP48))} -> 0 | CP55: {=INDEX('1. Données d''entrée'!$I:$K, B46 + CT50 + CP51 + $B55, BP48)} -> 0 | CQ55: {=IF($C55 <= CQ49, CP55, INDEX('1. Données d''entrée'!$I:$K, B46 + CT50 + CQ51 + $B55, BP48))} -> 0 | CR55: {=IF($C55 <= CR$49, CP55, INDEX('1. Données d''entrée'!$I:$K, B46 + CT50 + CR51 + $B55, BP48))} -> 0 | CS55: {=IF($C55 <= CS$49, CP55, INDEX('1. Données d''entrée'!$I:$K, B46 + CT50 + CS51 + $B55, BP48))} -> 0
B56: 3 | C56: 2013 | E56: {=INDEX('1. Données d''entrée'!$I:$K, B46 + I50 + E51 + $B56, D48)} -> 0 | F56: {=IF($C56 <= F49, E56, INDEX('1. Données d''entrée'!$I:$K, B46 + I50 + F51 + $B56, D48))} -> 0 | G56: {=IF($C56 <= G$49, E56, INDEX('1. Données d''entrée'!$I:$K, B46 + I50 + G51 + $B56, D48))} -> 0 | H56: {=IF($C56 <= H$49, E56, INDEX('1. Données d''entrée'!$I:$K, B46 + I50 + H51 + $B56, D48))} -> 0 | J56: {=INDEX('1. Données d''entrée'!$I:$K, B46 + N50 + J51 + $B56, D48)} -> 0 | K56: {=IF($C56 <= K49, J56, INDEX('1. Données d''entrée'!$I:$K, B46 + N50 + K51 + $B56, D48))} -> 0 | L56: {=IF($C56 <= L$49, J56, INDEX('1. Données d''entrée'!$I:$K, B46 + N50 + L51 + $B56, D48))} -> 0 | M56: {=IF($C56 <= M$49, J56, INDEX('1. Données d''entrée'!$I:$K, B46 + N50 + M51 + $B56, D48))} -> 0 | O56: {=INDEX('1. Données d''entrée'!$I:$K, B46 + S50 + O51 + $B56, D48)} -> 0 | P56: {=IF($C56 <= P49, O56, INDEX('1. Données d''entrée'!$I:$K, B46 + S50 + P51 + $B56, D48))} -> 0 | Q56: {=IF($C56 <= Q$49, O56, INDEX('1. Données d''entrée'!$I:$K, B46 + S50 + Q51 + $B56, D48))} -> 0 | R56: {=IF($C56 <= R$49, O56, INDEX('1. Données d''entrée'!$I:$K, B46 + S50 + R51 + $B56, D48))} -> 0 | T56: {=INDEX('1. Données d''entrée'!$I:$K, B46 + X50 + T51 + $B56, D48)} -> 0 | U56: {=IF($C56 <= U49, T56, INDEX('1. Données d''entrée'!$I:$K, B46 + X50 + U51 + $B56, D48))} -> 0 | V56: {=IF($C56 <= V$49, T56, INDEX('1. Données d''entrée'!$I:$K, B46 + X50 + V51 + $B56, D48))} -> 0 | W56: {=IF($C56 <= W$49, T56, INDEX('1. Données d''entrée'!$I:$K, B46 + X50 + W51 + $B56, D48))} -> 0 | Y56: {=INDEX('1. Données d''entrée'!$I:$K, B46 + AC50 + Y51 + $B56, D48)} -> 0 | Z56: {=IF($C56 <= Z49, Y56, INDEX('1. Données d''entrée'!$I:$K, B46 + AC50 + Z51 + $B56, D48))} -> 0 | AA56: {=IF($C56 <= AA$49, Y56, INDEX('1. Données d''entrée'!$I:$K, B46 + AC50 + AA51 + $B56, D48))} -> 0 | AB56: {=IF($C56 <= AB$49, Y56, INDEX('1. Données d''entrée'!$I:$K, B46 + AC50 + AB51 + $B56, D48))} -> 0 | AD56: {=INDEX('1. Données d''entrée'!$I:$K, B46 + AH50 + AD51 + $B56, D48)} -> 0 | AE56: {=IF($C56 <= AE49, AD56, INDEX('1. Données d''entrée'!$I:$K, B46 + AH50 + AE51 + $B56, D48))} -> 0 | AF56: {=IF($C56 <= AF$49, AD56, INDEX('1. Données d''entrée'!$I:$K, B46 + AH50 + AF51 + $B56, D48))} -> 0 | AG56: {=IF($C56 <= AG$49, AD56, INDEX('1. Données d''entrée'!$I:$K, B46 + AH50 + AG51 + $B56, D48))} -> 0 | AK56: {=INDEX('1. Données d''entrée'!$I:$K, B46 + AO50 + AK51 + $B56, AJ48)} -> 0 | AL56: {=IF($C56 <= AL49, AK56, INDEX('1. Données d''entrée'!$I:$K, B46 + AO50 + AL51 + $B56, AJ48))} -> 0 | AM56: {=IF($C56 <= AM$49, AK56, INDEX('1. Données d''entrée'!$I:$K, B46 + AO50 + AM51 + $B56, AJ48))} -> 0 | AN56: {=IF($C56 <= AN$49, AK56, INDEX('1. Données d''entrée'!$I:$K, B46 + AO50 + AN51 + $B56, AJ48))} -> 0 | AP56: {=INDEX('1. Données d''entrée'!$I:$K, B46 + AT50 + AP51 + $B56, AJ48)} -> 0 | AQ56: {=IF($C56 <= AQ49, AP56, INDEX('1. Données d''entrée'!$I:$K, B46 + AT50 + AQ51 + $B56, AJ48))} -> 0 | AR56: {=IF($C56 <= AR$49, AP56, INDEX('1. Données d''entrée'!$I:$K, B46 + AT50 + AR51 + $B56, AJ48))} -> 0 | AS56: {=IF($C56 <= AS$49, AP56, INDEX('1. Données d''entrée'!$I:$K, B46 + AT50 + AS51 + $B56, AJ48))} -> 0 | AU56: {=INDEX('1. Données d''entrée'!$I:$K, B46 + AY50 + AU51 + $B56, AJ48)} -> 0 | AV56: {=IF($C56 <= AV49, AU56, INDEX('1. Données d''entrée'!$I:$K, B46 + AY50 + AV51 + $B56, AJ48))} -> 0 | AW56: {=IF($C56 <= AW$49, AU56, INDEX('1. Données d''entrée'!$I:$K, B46 + AY50 + AW51 + $B56, AJ48))} -> 0 | AX56: {=IF($C56 <= AX$49, AU56, INDEX('1. Données d''entrée'!$I:$K, B46 + AY50 + AX51 + $B56, AJ48))} -> 0 | AZ56: {=INDEX('1. Données d''entrée'!$I:$K, B46 + BD50 + AZ51 + $B56, AJ48)} -> 0 | BA56: {=IF($C56 <= BA49, AZ56, INDEX('1. Données d''entrée'!$I:$K, B46 + BD50 + BA51 + $B56, AJ48))} -> 0 | BB56: {=IF($C56 <= BB$49, AZ56, INDEX('1. Données d''entrée'!$I:$K, B46 + BD50 + BB51 + $B56, AJ48))} -> 0 | BC56: {=IF($C56 <= BC$49, AZ56, INDEX('1. Données d''entrée'!$I:$K, B46 + BD50 + BC51 + $B56, AJ48))} -> 0 | BE56: {=INDEX('1. Données d''entrée'!$I:$K, B46 + BI50 + BE51 + $B56, AJ48)} -> 0 | BF56: {=IF($C56 <= BF49, BE56, INDEX('1. Données d''entrée'!$I:$K, B46 + BI50 + BF51 + $B56, AJ48))} -> 0 | BG56: {=IF($C56 <= BG$49, BE56, INDEX('1. Données d''entrée'!$I:$K, B46 + BI50 + BG51 + $B56, AJ48))} -> 0 | BH56: {=IF($C56 <= BH$49, BE56, INDEX('1. Données d''entrée'!$I:$K, B46 + BI50 + BH51 + $B56, AJ48))} -> 0 | BJ56: {=INDEX('1. Données d''entrée'!$I:$K, B46 + BN50 + BJ51 + $B56, AJ48)} -> 0 | BK56: {=IF($C56 <= BK49, BJ56, INDEX('1. Données d''entrée'!$I:$K, B46 + BN50 + BK51 + $B56, AJ48))} -> 0 | BL56: {=IF($C56 <= BL$49, BJ56, INDEX('1. Données d''entrée'!$I:$K, B46 + BN50 + BL51 + $B56, AJ48))} -> 0 | BM56: {=IF($C56 <= BM$49, BJ56, INDEX('1. Données d''entrée'!$I:$K, B46 + BN50 + BM51 + $B56, AJ48))} -> 0 | BQ56: {=INDEX('1. Données d''entrée'!$I:$K, B46 + BU50 + BQ51 + $B56, BP48)} -> 0 | BR56: {=IF($C56 <= BR49, BQ56, INDEX('1. Données d''entrée'!$I:$K, B46 + BU50 + BR51 + $B56, BP48))} -> 0 | BS56: {=IF($C56 <= BS$49, BQ56, INDEX('1. Données d''entrée'!$I:$K, B46 + BU50 + BS51 + $B56, BP48))} -> 0 | BT56: {=IF($C56 <= BT$49, BQ56, INDEX('1. Données d''entrée'!$I:$K, B46 + BU50 + BT51 + $B56, BP48))} -> 0 | BV56: {=INDEX('1. Données d''entrée'!$I:$K, B46 + BZ50 + BV51 + $B56, BP48)} -> 0 | BW56: {=IF($C56 <= BW49, BV56, INDEX('1. Données d''entrée'!$I:$K, B46 + BZ50 + BW51 + $B56, BP48))} -> 0 | BX56: {=IF($C56 <= BX$49, BV56, INDEX('1. Données d''entrée'!$I:$K, B46 + BZ50 + BX51 + $B56, BP48))} -> 0 | BY56: {=IF($C56 <= BY$49, BV56, INDEX('1. Données d''entrée'!$I:$K, B46 + BZ50 + BY51 + $B56, BP48))} -> 0 | CA56: {=INDEX('1. Données d''entrée'!$I:$K, B46 + CE50 + CA51 + $B56, BP48)} -> 0 | CB56: {=IF($C56 <= CB49, CA56, INDEX('1. Données d''entrée'!$I:$K, B46 + CE50 + CB51 + $B56, BP48))} -> 0 | CC56: {=IF($C56 <= CC$49, CA56, INDEX('1. Données d''entrée'!$I:$K, B46 + CE50 + CC51 + $B56, BP48))} -> 0 | CD56: {=IF($C56 <= CD$49, CA56, INDEX('1. Données d''entrée'!$I:$K, B46 + CE50 + CD51 + $B56, BP48))} -> 0 | CF56: {=INDEX('1. Données d''entrée'!$I:$K, B46 + CJ50 + CF51 + $B56, BP48)} -> 0 | CG56: {=IF($C56 <= CG49, CF56, INDEX('1. Données d''entrée'!$I:$K, B46 + CJ50 + CG51 + $B56, BP48))} -> 0 | CH56: {=IF($C56 <= CH$49, CF56, INDEX('1. Données d''entrée'!$I:$K, B46 + CJ50 + CH51 + $B56, BP48))} -> 0 | CI56: {=IF($C56 <= CI$49, CF56, INDEX('1. Données d''entrée'!$I:$K, B46 + CJ50 + CI51 + $B56, BP48))} -> 0 | CK56: {=INDEX('1. Données d''entrée'!$I:$K, B46 + CO50 + CK51 + $B56, BP48)} -> 0 | CL56: {=IF($C56 <= CL49, CK56, INDEX('1. Données d''entrée'!$I:$K, B46 + CO50 + CL51 + $B56, BP48))} -> 0 | CM56: {=IF($C56 <= CM$49, CK56, INDEX('1. Données d''entrée'!$I:$K, B46 + CO50 + CM51 + $B56, BP48))} -> 0 | CN56: {=IF($C56 <= CN$49, CK56, INDEX('1. Données d''entrée'!$I:$K, B46 + CO50 + CN51 + $B56, BP48))} -> 0 | CP56: {=INDEX('1. Données d''entrée'!$I:$K, B46 + CT50 + CP51 + $B56, BP48)} -> 0 | CQ56: {=IF($C56 <= CQ49, CP56, INDEX('1. Données d''entrée'!$I:$K, B46 + CT50 + CQ51 + $B56, BP48))} -> 0 | CR56: {=IF($C56 <= CR$49, CP56, INDEX('1. Données d''entrée'!$I:$K, B46 + CT50 + CR51 + $B56, BP48))} -> 0 | CS56: {=IF($C56 <= CS$49, CP56, INDEX('1. Données d''entrée'!$I:$K, B46 + CT50 + CS51 + $B56, BP48))} -> 0
B57: 4 | C57: 2014 | E57: {=INDEX('1. Données d''entrée'!$I:$K, B46 + I50 + E51 + $B57, D48)} -> 0 | F57: {=IF($C57 <= F49, E57, INDEX('1. Données d''entrée'!$I:$K, B46 + I50 + F51 + $B57, D48))} -> 0 | G57: {=IF($C57 <= G$49, E57, INDEX('1. Données d''entrée'!$I:$K, B46 + I50 + G51 + $B57, D48))} -> 0 | H57: {=IF($C57 <= H$49, E57, INDEX('1. Données d''entrée'!$I:$K, B46 + I50 + H51 + $B57, D48))} -> 0 | J57: {=INDEX('1. Données d''entrée'!$I:$K, B46 + N50 + J51 + $B57, D48)} -> 0 | K57: {=IF($C57 <= K49, J57, INDEX('1. Données d''entrée'!$I:$K, B46 + N50 + K51 + $B57, D48))} -> 0 | L57: {=IF($C57 <= L$49, J57, INDEX('1. Données d''entrée'!$I:$K, B46 + N50 + L51 + $B57, D48))} -> 0 | M57: {=IF($C57 <= M$49, J57, INDEX('1. Données d''entrée'!$I:$K, B46 + N50 + M51 + $B57, D48))} -> 0 | O57: {=INDEX('1. Données d''entrée'!$I:$K, B46 + S50 + O51 + $B57, D48)} -> 0 | P57: {=IF($C57 <= P49, O57, INDEX('1. Données d''entrée'!$I:$K, B46 + S50 + P51 + $B57, D48))} -> 0 | Q57: {=IF($C57 <= Q$49, O57, INDEX('1. Données d''entrée'!$I:$K, B46 + S50 + Q51 + $B57, D48))} -> 0 | R57: {=IF($C57 <= R$49, O57, INDEX('1. Données d''entrée'!$I:$K, B46 + S50 + R51 + $B57, D48))} -> 0 | T57: {=INDEX('1. Données d''entrée'!$I:$K, B46 + X50 + T51 + $B57, D48)} -> 0 | U57: {=IF($C57 <= U49, T57, INDEX('1. Données d''entrée'!$I:$K, B46 + X50 + U51 + $B57, D48))} -> 0 | V57: {=IF($C57 <= V$49, T57, INDEX('1. Données d''entrée'!$I:$K, B46 + X50 + V51 + $B57, D48))} -> 0 | W57: {=IF($C57 <= W$49, T57, INDEX('1. Données d''entrée'!$I:$K, B46 + X50 + W51 + $B57, D48))} -> 0 | Y57: {=INDEX('1. Données d''entrée'!$I:$K, B46 + AC50 + Y51 + $B57, D48)} -> 0 | Z57: {=IF($C57 <= Z49, Y57, INDEX('1. Données d''entrée'!$I:$K, B46 + AC50 + Z51 + $B57, D48))} -> 0 | AA57: {=IF($C57 <= AA$49, Y57, INDEX('1. Données d''entrée'!$I:$K, B46 + AC50 + AA51 + $B57, D48))} -> 0 | AB57: {=IF($C57 <= AB$49, Y57, INDEX('1. Données d''entrée'!$I:$K, B46 + AC50 + AB51 + $B57, D48))} -> 0 | AD57: {=INDEX('1. Données d''entrée'!$I:$K, B46 + AH50 + AD51 + $B57, D48)} -> 0 | AE57: {=IF($C57 <= AE49, AD57, INDEX('1. Données d''entrée'!$I:$K, B46 + AH50 + AE51 + $B57, D48))} -> 0 | AF57: {=IF($C57 <= AF$49, AD57, INDEX('1. Données d''entrée'!$I:$K, B46 + AH50 + AF51 + $B57, D48))} -> 0 | AG57: {=IF($C57 <= AG$49, AD57, INDEX('1. Données d''entrée'!$I:$K, B46 + AH50 + AG51 + $B57, D48))} -> 0 | AK57: {=INDEX('1. Données d''entrée'!$I:$K, B46 + AO50 + AK51 + $B57, AJ48)} -> 0 | AL57: {=IF($C57 <= AL49, AK57, INDEX('1. Données d''entrée'!$I:$K, B46 + AO50 + AL51 + $B57, AJ48))} -> 0 | AM57: {=IF($C57 <= AM$49, AK57, INDEX('1. Données d''entrée'!$I:$K, B46 + AO50 + AM51 + $B57, AJ48))} -> 0 | AN57: {=IF($C57 <= AN$49, AK57, INDEX('1. Données d''entrée'!$I:$K, B46 + AO50 + AN51 + $B57, AJ48))} -> 0 | AP57: {=INDEX('1. Données d''entrée'!$I:$K, B46 + AT50 + AP51 + $B57, AJ48)} -> 0 | AQ57: {=IF($C57 <= AQ49, AP57, INDEX('1. Données d''entrée'!$I:$K, B46 + AT50 + AQ51 + $B57, AJ48))} -> 0 | AR57: {=IF($C57 <= AR$49, AP57, INDEX('1. Données d''entrée'!$I:$K, B46 + AT50 + AR51 + $B57, AJ48))} -> 0 | AS57: {=IF($C57 <= AS$49, AP57, INDEX('1. Données d''entrée'!$I:$K, B46 + AT50 + AS51 + $B57, AJ48))} -> 0 | AU57: {=INDEX('1. Données d''entrée'!$I:$K, B46 + AY50 + AU51 + $B57, AJ48)} -> 0 | AV57: {=IF($C57 <= AV49, AU57, INDEX('1. Données d''entrée'!$I:$K, B46 + AY50 + AV51 + $B57, AJ48))} -> 0 | AW57: {=IF($C57 <= AW$49, AU57, INDEX('1. Données d''entrée'!$I:$K, B46 + AY50 + AW51 + $B57, AJ48))} -> 0 | AX57: {=IF($C57 <= AX$49, AU57, INDEX('1. Données d''entrée'!$I:$K, B46 + AY50 + AX51 + $B57, AJ48))} -> 0 | AZ57: {=INDEX('1. Données d''entrée'!$I:$K, B46 + BD50 + AZ51 + $B57, AJ48)} -> 0 | BA57: {=IF($C57 <= BA49, AZ57, INDEX('1. Données d''entrée'!$I:$K, B46 + BD50 + BA51 + $B57, AJ48))} -> 0 | BB57: {=IF($C57 <= BB$49, AZ57, INDEX('1. Données d''entrée'!$I:$K, B46 + BD50 + BB51 + $B57, AJ48))} -> 0 | BC57: {=IF($C57 <= BC$49, AZ57, INDEX('1. Données d''entrée'!$I:$K, B46 + BD50 + BC51 + $B57, AJ48))} -> 0 | BE57: {=INDEX('1. Données d''entrée'!$I:$K, B46 + BI50 + BE51 + $B57, AJ48)} -> 0 | BF57: {=IF($C57 <= BF49, BE57, INDEX('1. Données d''entrée'!$I:$K, B46 + BI50 + BF51 + $B57, AJ48))} -> 0 | BG57: {=IF($C57 <= BG$49, BE57, INDEX('1. Données d''entrée'!$I:$K, B46 + BI50 + BG51 + $B57, AJ48))} -> 0 | BH57: {=IF($C57 <= BH$49, BE57, INDEX('1. Données d''entrée'!$I:$K, B46 + BI50 + BH51 + $B57, AJ48))} -> 0 | BJ57: {=INDEX('1. Données d''entrée'!$I:$K, B46 + BN50 + BJ51 + $B57, AJ48)} -> 0 | BK57: {=IF($C57 <= BK49, BJ57, INDEX('1. Données d''entrée'!$I:$K, B46 + BN50 + BK51 + $B57, AJ48))} -> 0 | BL57: {=IF($C57 <= BL$49, BJ57, INDEX('1. Données d''entrée'!$I:$K, B46 + BN50 + BL51 + $B57, AJ48))} -> 0 | BM57: {=IF($C57 <= BM$49, BJ57, INDEX('1. Données d''entrée'!$I:$K, B46 + BN50 + BM51 + $B57, AJ48))} -> 0 | BQ57: {=INDEX('1. Données d''entrée'!$I:$K, B46 + BU50 + BQ51 + $B57, BP48)} -> 0 | BR57: {=IF($C57 <= BR49, BQ57, INDEX('1. Données d''entrée'!$I:$K, B46 + BU50 + BR51 + $B57, BP48))} -> 0 | BS57: {=IF($C57 <= BS$49, BQ57, INDEX('1. Données d''entrée'!$I:$K, B46 + BU50 + BS51 + $B57, BP48))} -> 0 | BT57: {=IF($C57 <= BT$49, BQ57, INDEX('1. Données d''entrée'!$I:$K, B46 + BU50 + BT51 + $B57, BP48))} -> 0 | BV57: {=INDEX('1. Données d''entrée'!$I:$K, B46 + BZ50 + BV51 + $B57, BP48)} -> 0 | BW57: {=IF($C57 <= BW49, BV57, INDEX('1. Données d''entrée'!$I:$K, B46 + BZ50 + BW51 + $B57, BP48))} -> 0 | BX57: {=IF($C57 <= BX$49, BV57, INDEX('1. Données d''entrée'!$I:$K, B46 + BZ50 + BX51 + $B57, BP48))} -> 0 | BY57: {=IF($C57 <= BY$49, BV57, INDEX('1. Données d''entrée'!$I:$K, B46 + BZ50 + BY51 + $B57, BP48))} -> 0 | CA57: {=INDEX('1. Données d''entrée'!$I:$K, B46 + CE50 + CA51 + $B57, BP48)} -> 0 | CB57: {=IF($C57 <= CB49, CA57, INDEX('1. Données d''entrée'!$I:$K, B46 + CE50 + CB51 + $B57, BP48))} -> 0 | CC57: {=IF($C57 <= CC$49, CA57, INDEX('1. Données d''entrée'!$I:$K, B46 + CE50 + CC51 + $B57, BP48))} -> 0 | CD57: {=IF($C57 <= CD$49, CA57, INDEX('1. Données d''entrée'!$I:$K, B46 + CE50 + CD51 + $B57, BP48))} -> 0 | CF57: {=INDEX('1. Données d''entrée'!$I:$K, B46 + CJ50 + CF51 + $B57, BP48)} -> 0 | CG57: {=IF($C57 <= CG49, CF57, INDEX('1. Données d''entrée'!$I:$K, B46 + CJ50 + CG51 + $B57, BP48))} -> 0 | CH57: {=IF($C57 <= CH$49, CF57, INDEX('1. Données d''entrée'!$I:$K, B46 + CJ50 + CH51 + $B57, BP48))} -> 0 | CI57: {=IF($C57 <= CI$49, CF57, INDEX('1. Données d''entrée'!$I:$K, B46 + CJ50 + CI51 + $B57, BP48))} -> 0 | CK57: {=INDEX('1. Données d''entrée'!$I:$K, B46 + CO50 + CK51 + $B57, BP48)} -> 0 | CL57: {=IF($C57 <= CL49, CK57, INDEX('1. Données d''entrée'!$I:$K, B46 + CO50 + CL51 + $B57, BP48))} -> 0 | CM57: {=IF($C57 <= CM$49, CK57, INDEX('1. Données d''entrée'!$I:$K, B46 + CO50 + CM51 + $B57, BP48))} -> 0 | CN57: {=IF($C57 <= CN$49, CK57, INDEX('1. Données d''entrée'!$I:$K, B46 + CO50 + CN51 + $B57, BP48))} -> 0 | CP57: {=INDEX('1. Données d''entrée'!$I:$K, B46 + CT50 + CP51 + $B57, BP48)} -> 0 | CQ57: {=IF($C57 <= CQ49, CP57, INDEX('1. Données d''entrée'!$I:$K, B46 + CT50 + CQ51 + $B57, BP48))} -> 0 | CR57: {=IF($C57 <= CR$49, CP57, INDEX('1. Données d''entrée'!$I:$K, B46 + CT50 + CR51 + $B57, BP48))} -> 0 | CS57: {=IF($C57 <= CS$49, CP57, INDEX('1. Données d''entrée'!$I:$K, B46 + CT50 + CS51 + $B57, BP48))} -> 0
B58: 5 | C58: 2015 | E58: {=INDEX('1. Données d''entrée'!$I:$K, B46 + I50 + E51 + $B58, D48)} -> 0 | F58: {=IF($C58 <= F49, E58, INDEX('1. Données d''entrée'!$I:$K, B46 + I50 + F51 + $B58, D48))} -> 0 | G58: {=IF($C58 <= G$49, E58, INDEX('1. Données d''entrée'!$I:$K, B46 + I50 + G51 + $B58, D48))} -> 0 | H58: {=IF($C58 <= H$49, E58, INDEX('1. Données d''entrée'!$I:$K, B46 + I50 + H51 + $B58, D48))} -> 0 | J58: {=INDEX('1. Données d''entrée'!$I:$K, B46 + N50 + J51 + $B58, D48)} -> 0 | K58: {=IF($C58 <= K49, J58, INDEX('1. Données d''entrée'!$I:$K, B46 + N50 + K51 + $B58, D48))} -> 0 | L58: {=IF($C58 <= L$49, J58, INDEX('1. Données d''entrée'!$I:$K, B46 + N50 + L51 + $B58, D48))} -> 0 | M58: {=IF($C58 <= M$49, J58, INDEX('1. Données d''entrée'!$I:$K, B46 + N50 + M51 + $B58, D48))} -> 0 | O58: {=INDEX('1. Données d''entrée'!$I:$K, B46 + S50 + O51 + $B58, D48)} -> 0 | P58: {=IF($C58 <= P49, O58, INDEX('1. Données d''entrée'!$I:$K, B46 + S50 + P51 + $B58, D48))} -> 0 | Q58: {=IF($C58 <= Q$49, O58, INDEX('1. Données d''entrée'!$I:$K, B46 + S50 + Q51 + $B58, D48))} -> 0 | R58: {=IF($C58 <= R$49, O58, INDEX('1. Données d''entrée'!$I:$K, B46 + S50 + R51 + $B58, D48))} -> 0 | T58: {=INDEX('1. Données d''entrée'!$I:$K, B46 + X50 + T51 + $B58, D48)} -> 0 | U58: {=IF($C58 <= U49, T58, INDEX('1. Données d''entrée'!$I:$K, B46 + X50 + U51 + $B58, D48))} -> 0 | V58: {=IF($C58 <= V$49, T58, INDEX('1. Données d''entrée'!$I:$K, B46 + X50 + V51 + $B58, D48))} -> 0 | W58: {=IF($C58 <= W$49, T58, INDEX('1. Données d''entrée'!$I:$K, B46 + X50 + W51 + $B58, D48))} -> 0 | Y58: {=INDEX('1. Données d''entrée'!$I:$K, B46 + AC50 + Y51 + $B58, D48)} -> 0 | Z58: {=IF($C58 <= Z49, Y58, INDEX('1. Données d''entrée'!$I:$K, B46 + AC50 + Z51 + $B58, D48))} -> 0 | AA58: {=IF($C58 <= AA$49, Y58, INDEX('1. Données d''entrée'!$I:$K, B46 + AC50 + AA51 + $B58, D48))} -> 0 | AB58: {=IF($C58 <= AB$49, Y58, INDEX('1. Données d''entrée'!$I:$K, B46 + AC50 + AB51 + $B58, D48))} -> 0 | AD58: {=INDEX('1. Données d''entrée'!$I:$K, B46 + AH50 + AD51 + $B58, D48)} -> 0 | AE58: {=IF($C58 <= AE49, AD58, INDEX('1. Données d''entrée'!$I:$K, B46 + AH50 + AE51 + $B58, D48))} -> 0 | AF58: {=IF($C58 <= AF$49, AD58, INDEX('1. Données d''entrée'!$I:$K, B46 + AH50 + AF51 + $B58, D48))} -> 0 | AG58: {=IF($C58 <= AG$49, AD58, INDEX('1. Données d''entrée'!$I:$K, B46 + AH50 + AG51 + $B58, D48))} -> 0 | AK58: {=INDEX('1. Données d''entrée'!$I:$K, B46 + AO50 + AK51 + $B58, AJ48)} -> 0 | AL58: {=IF($C58 <= AL49, AK58, INDEX('1. Données d''entrée'!$I:$K, B46 + AO50 + AL51 + $B58, AJ48))} -> 0 | AM58: {=IF($C58 <= AM$49, AK58, INDEX('1. Données d''entrée'!$I:$K, B46 + AO50 + AM51 + $B58, AJ48))} -> 0 | AN58: {=IF($C58 <= AN$49, AK58, INDEX('1. Données d''entrée'!$I:$K, B46 + AO50 + AN51 + $B58, AJ48))} -> 0 | AP58: {=INDEX('1. Données d''entrée'!$I:$K, B46 + AT50 + AP51 + $B58, AJ48)} -> 0 | AQ58: {=IF($C58 <= AQ49, AP58, INDEX('1. Données d''entrée'!$I:$K, B46 + AT50 + AQ51 + $B58, AJ48))} -> 0 | AR58: {=IF($C58 <= AR$49, AP58, INDEX('1. Données d''entrée'!$I:$K, B46 + AT50 + AR51 + $B58, AJ48))} -> 0 | AS58: {=IF($C58 <= AS$49, AP58, INDEX('1. Données d''entrée'!$I:$K, B46 + AT50 + AS51 + $B58, AJ48))} -> 0 | AU58: {=INDEX('1. Données d''entrée'!$I:$K, B46 + AY50 + AU51 + $B58, AJ48)} -> 0 | AV58: {=IF($C58 <= AV49, AU58, INDEX('1. Données d''entrée'!$I:$K, B46 + AY50 + AV51 + $B58, AJ48))} -> 0 | AW58: {=IF($C58 <= AW$49, AU58, INDEX('1. Données d''entrée'!$I:$K, B46 + AY50 + AW51 + $B58, AJ48))} -> 0 | AX58: {=IF($C58 <= AX$49, AU58, INDEX('1. Données d''entrée'!$I:$K, B46 + AY50 + AX51 + $B58, AJ48))} -> 0 | AZ58: {=INDEX('1. Données d''entrée'!$I:$K, B46 + BD50 + AZ51 + $B58, AJ48)} -> 0 | BA58: {=IF($C58 <= BA49, AZ58, INDEX('1. Données d''entrée'!$I:$K, B46 + BD50 + BA51 + $B58, AJ48))} -> 0 | BB58: {=IF($C58 <= BB$49, AZ58, INDEX('1. Données d''entrée'!$I:$K, B46 + BD50 + BB51 + $B58, AJ48))} -> 0 | BC58: {=IF($C58 <= BC$49, AZ58, INDEX('1. Données d''entrée'!$I:$K, B46 + BD50 + BC51 + $B58, AJ48))} -> 0 | BE58: {=INDEX('1. Données d''entrée'!$I:$K, B46 + BI50 + BE51 + $B58, AJ48)} -> 0 | BF58: {=IF($C58 <= BF49, BE58, INDEX('1. Données d''entrée'!$I:$K, B46 + BI50 + BF51 + $B58, AJ48))} -> 0 | BG58: {=IF($C58 <= BG$49, BE58, INDEX('1. Données d''entrée'!$I:$K, B46 + BI50 + BG51 + $B58, AJ48))} -> 0 | BH58: {=IF($C58 <= BH$49, BE58, INDEX('1. Données d''entrée'!$I:$K, B46 + BI50 + BH51 + $B58, AJ48))} -> 0 | BJ58: {=INDEX('1. Données d''entrée'!$I:$K, B46 + BN50 + BJ51 + $B58, AJ48)} -> 0 | BK58: {=IF($C58 <= BK49, BJ58, INDEX('1. Données d''entrée'!$I:$K, B46 + BN50 + BK51 + $B58, AJ48))} -> 0 | BL58: {=IF($C58 <= BL$49, BJ58, INDEX('1. Données d''entrée'!$I:$K, B46 + BN50 + BL51 + $B58, AJ48))} -> 0 | BM58: {=IF($C58 <= BM$49, BJ58, INDEX('1. Données d''entrée'!$I:$K, B46 + BN50 + BM51 + $B58, AJ48))} -> 0 | BQ58: {=INDEX('1. Données d''entrée'!$I:$K, B46 + BU50 + BQ51 + $B58, BP48)} -> 0 | BR58: {=IF($C58 <= BR49, BQ58, INDEX('1. Données d''entrée'!$I:$K, B46 + BU50 + BR51 + $B58, BP48))} -> 0 | BS58: {=IF($C58 <= BS$49, BQ58, INDEX('1. Données d''entrée'!$I:$K, B46 + BU50 + BS51 + $B58, BP48))} -> 0 | BT58: {=IF($C58 <= BT$49, BQ58, INDEX('1. Données d''entrée'!$I:$K, B46 + BU50 + BT51 + $B58, BP48))} -> 0 | BV58: {=INDEX('1. Données d''entrée'!$I:$K, B46 + BZ50 + BV51 + $B58, BP48)} -> 0 | BW58: {=IF($C58 <= BW49, BV58, INDEX('1. Données d''entrée'!$I:$K, B46 + BZ50 + BW51 + $B58, BP48))} -> 0 | BX58: {=IF($C58 <= BX$49, BV58, INDEX('1. Données d''entrée'!$I:$K, B46 + BZ50 + BX51 + $B58, BP48))} -> 0 | BY58: {=IF($C58 <= BY$49, BV58, INDEX('1. Données d''entrée'!$I:$K, B46 + BZ50 + BY51 + $B58, BP48))} -> 0 | CA58: {=INDEX('1. Données d''entrée'!$I:$K, B46 + CE50 + CA51 + $B58, BP48)} -> 0 | CB58: {=IF($C58 <= CB49, CA58, INDEX('1. Données d''entrée'!$I:$K, B46 + CE50 + CB51 + $B58, BP48))} -> 0 | CC58: {=IF($C58 <= CC$49, CA58, INDEX('1. Données d''entrée'!$I:$K, B46 + CE50 + CC51 + $B58, BP48))} -> 0 | CD58: {=IF($C58 <= CD$49, CA58, INDEX('1. Données d''entrée'!$I:$K, B46 + CE50 + CD51 + $B58, BP48))} -> 0 | CF58: {=INDEX('1. Données d''entrée'!$I:$K, B46 + CJ50 + CF51 + $B58, BP48)} -> 0 | CG58: {=IF($C58 <= CG49, CF58, INDEX('1. Données d''entrée'!$I:$K, B46 + CJ50 + CG51 + $B58, BP48))} -> 0 | CH58: {=IF($C58 <= CH$49, CF58, INDEX('1. Données d''entrée'!$I:$K, B46 + CJ50 + CH51 + $B58, BP48))} -> 0 | CI58: {=IF($C58 <= CI$49, CF58, INDEX('1. Données d''entrée'!$I:$K, B46 + CJ50 + CI51 + $B58, BP48))} -> 0 | CK58: {=INDEX('1. Données d''entrée'!$I:$K, B46 + CO50 + CK51 + $B58, BP48)} -> 0 | CL58: {=IF($C58 <= CL49, CK58, INDEX('1. Données d''entrée'!$I:$K, B46 + CO50 + CL51 + $B58, BP48))} -> 0 | CM58: {=IF($C58 <= CM$49, CK58, INDEX('1. Données d''entrée'!$I:$K, B46 + CO50 + CM51 + $B58, BP48))} -> 0 | CN58: {=IF($C58 <= CN$49, CK58, INDEX('1. Données d''entrée'!$I:$K, B46 + CO50 + CN51 + $B58, BP48))} -> 0 | CP58: {=INDEX('1. Données d''entrée'!$I:$K, B46 + CT50 + CP51 + $B58, BP48)} -> 0 | CQ58: {=IF($C58 <= CQ49, CP58, INDEX('1. Données d''entrée'!$I:$K, B46 + CT50 + CQ51 + $B58, BP48))} -> 0 | CR58: {=IF($C58 <= CR$49, CP58, INDEX('1. Données d''entrée'!$I:$K, B46 + CT50 + CR51 + $B58, BP48))} -> 0 | CS58: {=IF($C58 <= CS$49, CP58, INDEX('1. Données d''entrée'!$I:$K, B46 + CT50 + CS51 + $B58, BP48))} -> 0
B59: 6 | C59: 2016 | E59: {=INDEX('1. Données d''entrée'!$I:$K, B46 + I50 + E51 + $B59, D48)} -> 0 | F59: {=IF($C59 <= F49, E59, INDEX('1. Données d''entrée'!$I:$K, B46 + I50 + F51 + $B59, D48))} -> 0 | G59: {=IF($C59 <= G$49, E59, INDEX('1. Données d''entrée'!$I:$K, B46 + I50 + G51 + $B59, D48))} -> 0 | H59: {=IF($C59 <= H$49, E59, INDEX('1. Données d''entrée'!$I:$K, B46 + I50 + H51 + $B59, D48))} -> 0 | J59: {=INDEX('1. Données d''entrée'!$I:$K, B46 + N50 + J51 + $B59, D48)} -> 0 | K59: {=IF($C59 <= K49, J59, INDEX('1. Données d''entrée'!$I:$K, B46 + N50 + K51 + $B59, D48))} -> 0 | L59: {=IF($C59 <= L$49, J59, INDEX('1. Données d''entrée'!$I:$K, B46 + N50 + L51 + $B59, D48))} -> 0 | M59: {=IF($C59 <= M$49, J59, INDEX('1. Données d''entrée'!$I:$K, B46 + N50 + M51 + $B59, D48))} -> 0 | O59: {=INDEX('1. Données d''entrée'!$I:$K, B46 + S50 + O51 + $B59, D48)} -> 0 | P59: {=IF($C59 <= P49, O59, INDEX('1. Données d''entrée'!$I:$K, B46 + S50 + P51 + $B59, D48))} -> 0 | Q59: {=IF($C59 <= Q$49, O59, INDEX('1. Données d''entrée'!$I:$K, B46 + S50 + Q51 + $B59, D48))} -> 0 | R59: {=IF($C59 <= R$49, O59, INDEX('1. Données d''entrée'!$I:$K, B46 + S50 + R51 + $B59, D48))} -> 0 | T59: {=INDEX('1. Données d''entrée'!$I:$K, B46 + X50 + T51 + $B59, D48)} -> 0 | U59: {=IF($C59 <= U49, T59, INDEX('1. Données d''entrée'!$I:$K, B46 + X50 + U51 + $B59, D48))} -> 0 | V59: {=IF($C59 <= V$49, T59, INDEX('1. Données d''entrée'!$I:$K, B46 + X50 + V51 + $B59, D48))} -> 0 | W59: {=IF($C59 <= W$49, T59, INDEX('1. Données d''entrée'!$I:$K, B46 + X50 + W51 + $B59, D48))} -> 0 | Y59: {=INDEX('1. Données d''entrée'!$I:$K, B46 + AC50 + Y51 + $B59, D48)} -> 0 | Z59: {=IF($C59 <= Z49, Y59, INDEX('1. Données d''entrée'!$I:$K, B46 + AC50 + Z51 + $B59, D48))} -> 0 | AA59: {=IF($C59 <= AA$49, Y59, INDEX('1. Données d''entrée'!$I:$K, B46 + AC50 + AA51 + $B59, D48))} -> 0 | AB59: {=IF($C59 <= AB$49, Y59, INDEX('1. Données d''entrée'!$I:$K, B46 + AC50 + AB51 + $B59, D48))} -> 0 | AD59: {=INDEX('1. Données d''entrée'!$I:$K, B46 + AH50 + AD51 + $B59, D48)} -> 0 | AE59: {=IF($C59 <= AE49, AD59, INDEX('1. Données d''entrée'!$I:$K, B46 + AH50 + AE51 + $B59, D48))} -> 0 | AF59: {=IF($C59 <= AF$49, AD59, INDEX('1. Données d''entrée'!$I:$K, B46 + AH50 + AF51 + $B59, D48))} -> 0 | AG59: {=IF($C59 <= AG$49, AD59, INDEX('1. Données d''entrée'!$I:$K, B46 + AH50 + AG51 + $B59, D48))} -> 0 | AK59: {=INDEX('1. Données d''entrée'!$I:$K, B46 + AO50 + AK51 + $B59, AJ48)} -> 0 | AL59: {=IF($C59 <= AL49, AK59, INDEX('1. Données d''entrée'!$I:$K, B46 + AO50 + AL51 + $B59, AJ48))} -> 0 | AM59: {=IF($C59 <= AM$49, AK59, INDEX('1. Données d''entrée'!$I:$K, B46 + AO50 + AM51 + $B59, AJ48))} -> 0 | AN59: {=IF($C59 <= AN$49, AK59, INDEX('1. Données d''entrée'!$I:$K, B46 + AO50 + AN51 + $B59, AJ48))} -> 0 | AP59: {=INDEX('1. Données d''entrée'!$I:$K, B46 + AT50 + AP51 + $B59, AJ48)} -> 0 | AQ59: {=IF($C59 <= AQ49, AP59, INDEX('1. Données d''entrée'!$I:$K, B46 + AT50 + AQ51 + $B59, AJ48))} -> 0 | AR59: {=IF($C59 <= AR$49, AP59, INDEX('1. Données d''entrée'!$I:$K, B46 + AT50 + AR51 + $B59, AJ48))} -> 0 | AS59: {=IF($C59 <= AS$49, AP59, INDEX('1. Données d''entrée'!$I:$K, B46 + AT50 + AS51 + $B59, AJ48))} -> 0 | AU59: {=INDEX('1. Données d''entrée'!$I:$K, B46 + AY50 + AU51 + $B59, AJ48)} -> 0 | AV59: {=IF($C59 <= AV49, AU59, INDEX('1. Données d''entrée'!$I:$K, B46 + AY50 + AV51 + $B59, AJ48))} -> 0 | AW59: {=IF($C59 <= AW$49, AU59, INDEX('1. Données d''entrée'!$I:$K, B46 + AY50 + AW51 + $B59, AJ48))} -> 0 | AX59: {=IF($C59 <= AX$49, AU59, INDEX('1. Données d''entrée'!$I:$K, B46 + AY50 + AX51 + $B59, AJ48))} -> 0 | AZ59: {=INDEX('1. Données d''entrée'!$I:$K, B46 + BD50 + AZ51 + $B59, AJ48)} -> 0 | BA59: {=IF($C59 <= BA49, AZ59, INDEX('1. Données d''entrée'!$I:$K, B46 + BD50 + BA51 + $B59, AJ48))} -> 0 | BB59: {=IF($C59 <= BB$49, AZ59, INDEX('1. Données d''entrée'!$I:$K, B46 + BD50 + BB51 + $B59, AJ48))} -> 0 | BC59: {=IF($C59 <= BC$49, AZ59, INDEX('1. Données d''entrée'!$I:$K, B46 + BD50 + BC51 + $B59, AJ48))} -> 0 | BE59: {=INDEX('1. Données d''entrée'!$I:$K, B46 + BI50 + BE51 + $B59, AJ48)} -> 0 | BF59: {=IF($C59 <= BF49, BE59, INDEX('1. Données d''entrée'!$I:$K, B46 + BI50 + BF51 + $B59, AJ48))} -> 0 | BG59: {=IF($C59 <= BG$49, BE59, INDEX('1. Données d''entrée'!$I:$K, B46 + BI50 + BG51 + $B59, AJ48))} -> 0 | BH59: {=IF($C59 <= BH$49, BE59, INDEX('1. Données d''entrée'!$I:$K, B46 + BI50 + BH51 + $B59, AJ48))} -> 0 | BJ59: {=INDEX('1. Données d''entrée'!$I:$K, B46 + BN50 + BJ51 + $B59, AJ48)} -> 0 | BK59: {=IF($C59 <= BK49, BJ59, INDEX('1. Données d''entrée'!$I:$K, B46 + BN50 + BK51 + $B59, AJ48))} -> 0 | BL59: {=IF($C59 <= BL$49, BJ59, INDEX('1. Données d''entrée'!$I:$K, B46 + BN50 + BL51 + $B59, AJ48))} -> 0 | BM59: {=IF($C59 <= BM$49, BJ59, INDEX('1. Données d''entrée'!$I:$K, B46 + BN50 + BM51 + $B59, AJ48))} -> 0 | BQ59: {=INDEX('1. Données d''entrée'!$I:$K, B46 + BU50 + BQ51 + $B59, BP48)} -> 0 | BR59: {=IF($C59 <= BR49, BQ59, INDEX('1. Données d''entrée'!$I:$K, B46 + BU50 + BR51 + $B59, BP48))} -> 0 | BS59: {=IF($C59 <= BS$49, BQ59, INDEX('1. Données d''entrée'!$I:$K, B46 + BU50 + BS51 + $B59, BP48))} -> 0 | BT59: {=IF($C59 <= BT$49, BQ59, INDEX('1. Données d''entrée'!$I:$K, B46 + BU50 + BT51 + $B59, BP48))} -> 0 | BV59: {=INDEX('1. Données d''entrée'!$I:$K, B46 + BZ50 + BV51 + $B59, BP48)} -> 0 | BW59: {=IF($C59 <= BW49, BV59, INDEX('1. Données d''entrée'!$I:$K, B46 + BZ50 + BW51 + $B59, BP48))} -> 0 | BX59: {=IF($C59 <= BX$49, BV59, INDEX('1. Données d''entrée'!$I:$K, B46 + BZ50 + BX51 + $B59, BP48))} -> 0 | BY59: {=IF($C59 <= BY$49, BV59, INDEX('1. Données d''entrée'!$I:$K, B46 + BZ50 + BY51 + $B59, BP48))} -> 0 | CA59: {=INDEX('1. Données d''entrée'!$I:$K, B46 + CE50 + CA51 + $B59, BP48)} -> 0 | CB59: {=IF($C59 <= CB49, CA59, INDEX('1. Données d''entrée'!$I:$K, B46 + CE50 + CB51 + $B59, BP48))} -> 0 | CC59: {=IF($C59 <= CC$49, CA59, INDEX('1. Données d''entrée'!$I:$K, B46 + CE50 + CC51 + $B59, BP48))} -> 0 | CD59: {=IF($C59 <= CD$49, CA59, INDEX('1. Données d''entrée'!$I:$K, B46 + CE50 + CD51 + $B59, BP48))} -> 0 | CF59: {=INDEX('1. Données d''entrée'!$I:$K, B46 + CJ50 + CF51 + $B59, BP48)} -> 0 | CG59: {=IF($C59 <= CG49, CF59, INDEX('1. Données d''entrée'!$I:$K, B46 + CJ50 + CG51 + $B59, BP48))} -> 0 | CH59: {=IF($C59 <= CH$49, CF59, INDEX('1. Données d''entrée'!$I:$K, B46 + CJ50 + CH51 + $B59, BP48))} -> 0 | CI59: {=IF($C59 <= CI$49, CF59, INDEX('1. Données d''entrée'!$I:$K, B46 + CJ50 + CI51 + $B59, BP48))} -> 0 | CK59: {=INDEX('1. Données d''entrée'!$I:$K, B46 + CO50 + CK51 + $B59, BP48)} -> 0 | CL59: {=IF($C59 <= CL49, CK59, INDEX('1. Données d''entrée'!$I:$K, B46 + CO50 + CL51 + $B59, BP48))} -> 0 | CM59: {=IF($C59 <= CM$49, CK59, INDEX('1. Données d''entrée'!$I:$K, B46 + CO50 + CM51 + $B59, BP48))} -> 0 | CN59: {=IF($C59 <= CN$49, CK59, INDEX('1. Données d''entrée'!$I:$K, B46 + CO50 + CN51 + $B59, BP48))} -> 0 | CP59: {=INDEX('1. Données d''entrée'!$I:$K, B46 + CT50 + CP51 + $B59, BP48)} -> 0 | CQ59: {=IF($C59 <= CQ49, CP59, INDEX('1. Données d''entrée'!$I:$K, B46 + CT50 + CQ51 + $B59, BP48))} -> 0 | CR59: {=IF($C59 <= CR$49, CP59, INDEX('1. Données d''entrée'!$I:$K, B46 + CT50 + CR51 + $B59, BP48))} -> 0 | CS59: {=IF($C59 <= CS$49, CP59, INDEX('1. Données d''entrée'!$I:$K, B46 + CT50 + CS51 + $B59, BP48))} -> 0
B60: 7 | C60: 2017 | E60: {=INDEX('1. Données d''entrée'!$I:$K, B46 + I50 + E51 + $B60, D48)} -> 0 | F60: {=IF($C60 <= F49, E60, INDEX('1. Données d''entrée'!$I:$K, B46 + I50 + F51 + $B60, D48))} -> 0 | G60: {=IF($C60 <= G$49, E60, INDEX('1. Données d''entrée'!$I:$K, B46 + I50 + G51 + $B60, D48))} -> 0 | H60: {=IF($C60 <= H$49, E60, INDEX('1. Données d''entrée'!$I:$K, B46 + I50 + H51 + $B60, D48))} -> 0 | J60: {=INDEX('1. Données d''entrée'!$I:$K, B46 + N50 + J51 + $B60, D48)} -> 0 | K60: {=IF($C60 <= K49, J60, INDEX('1. Données d''entrée'!$I:$K, B46 + N50 + K51 + $B60, D48))} -> 0 | L60: {=IF($C60 <= L$49, J60, INDEX('1. Données d''entrée'!$I:$K, B46 + N50 + L51 + $B60, D48))} -> 0 | M60: {=IF($C60 <= M$49, J60, INDEX('1. Données d''entrée'!$I:$K, B46 + N50 + M51 + $B60, D48))} -> 0 | O60: {=INDEX('1. Données d''entrée'!$I:$K, B46 + S50 + O51 + $B60, D48)} -> 0 | P60: {=IF($C60 <= P49, O60, INDEX('1. Données d''entrée'!$I:$K, B46 + S50 + P51 + $B60, D48))} -> 0 | Q60: {=IF($C60 <= Q$49, O60, INDEX('1. Données d''entrée'!$I:$K, B46 + S50 + Q51 + $B60, D48))} -> 0 | R60: {=IF($C60 <= R$49, O60, INDEX('1. Données d''entrée'!$I:$K, B46 + S50 + R51 + $B60, D48))} -> 0 | T60: {=INDEX('1. Données d''entrée'!$I:$K, B46 + X50 + T51 + $B60, D48)} -> 0 | U60: {=IF($C60 <= U49, T60, INDEX('1. Données d''entrée'!$I:$K, B46 + X50 + U51 + $B60, D48))} -> 0 | V60: {=IF($C60 <= V$49, T60, INDEX('1. Données d''entrée'!$I:$K, B46 + X50 + V51 + $B60, D48))} -> 0 | W60: {=IF($C60 <= W$49, T60, INDEX('1. Données d''entrée'!$I:$K, B46 + X50 + W51 + $B60, D48))} -> 0 | Y60: {=INDEX('1. Données d''entrée'!$I:$K, B46 + AC50 + Y51 + $B60, D48)} -> 0 | Z60: {=IF($C60 <= Z49, Y60, INDEX('1. Données d''entrée'!$I:$K, B46 + AC50 + Z51 + $B60, D48))} -> 0 | AA60: {=IF($C60 <= AA$49, Y60, INDEX('1. Données d''entrée'!$I:$K, B46 + AC50 + AA51 + $B60, D48))} -> 0 | AB60: {=IF($C60 <= AB$49, Y60, INDEX('1. Données d''entrée'!$I:$K, B46 + AC50 + AB51 + $B60, D48))} -> 0 | AD60: {=INDEX('1. Données d''entrée'!$I:$K, B46 + AH50 + AD51 + $B60, D48)} -> 0 | AE60: {=IF($C60 <= AE49, AD60, INDEX('1. Données d''entrée'!$I:$K, B46 + AH50 + AE51 + $B60, D48))} -> 0 | AF60: {=IF($C60 <= AF$49, AD60, INDEX('1. Données d''entrée'!$I:$K, B46 + AH50 + AF51 + $B60, D48))} -> 0 | AG60: {=IF($C60 <= AG$49, AD60, INDEX('1. Données d''entrée'!$I:$K, B46 + AH50 + AG51 + $B60, D48))} -> 0 | AK60: {=INDEX('1. Données d''entrée'!$I:$K, B46 + AO50 + AK51 + $B60, AJ48)} -> 0 | AL60: {=IF($C60 <= AL49, AK60, INDEX('1. Données d''entrée'!$I:$K, B46 + AO50 + AL51 + $B60, AJ48))} -> 0 | AM60: {=IF($C60 <= AM$49, AK60, INDEX('1. Données d''entrée'!$I:$K, B46 + AO50 + AM51 + $B60, AJ48))} -> 0 | AN60: {=IF($C60 <= AN$49, AK60, INDEX('1. Données d''entrée'!$I:$K, B46 + AO50 + AN51 + $B60, AJ48))} -> 0 | AP60: {=INDEX('1. Données d''entrée'!$I:$K, B46 + AT50 + AP51 + $B60, AJ48)} -> 0 | AQ60: {=IF($C60 <= AQ49, AP60, INDEX('1. Données d''entrée'!$I:$K, B46 + AT50 + AQ51 + $B60, AJ48))} -> 0 | AR60: {=IF($C60 <= AR$49, AP60, INDEX('1. Données d''entrée'!$I:$K, B46 + AT50 + AR51 + $B60, AJ48))} -> 0 | AS60: {=IF($C60 <= AS$49, AP60, INDEX('1. Données d''entrée'!$I:$K, B46 + AT50 + AS51 + $B60, AJ48))} -> 0 | AU60: {=INDEX('1. Données d''entrée'!$I:$K, B46 + AY50 + AU51 + $B60, AJ48)} -> 0 | AV60: {=IF($C60 <= AV49, AU60, INDEX('1. Données d''entrée'!$I:$K, B46 + AY50 + AV51 + $B60, AJ48))} -> 0 | AW60: {=IF($C60 <= AW$49, AU60, INDEX('1. Données d''entrée'!$I:$K, B46 + AY50 + AW51 + $B60, AJ48))} -> 0 | AX60: {=IF($C60 <= AX$49, AU60, INDEX('1. Données d''entrée'!$I:$K, B46 + AY50 + AX51 + $B60, AJ48))} -> 0 | AZ60: {=INDEX('1. Données d''entrée'!$I:$K, B46 + BD50 + AZ51 + $B60, AJ48)} -> 0 | BA60: {=IF($C60 <= BA49, AZ60, INDEX('1. Données d''entrée'!$I:$K, B46 + BD50 + BA51 + $B60, AJ48))} -> 0 | BB60: {=IF($C60 <= BB$49, AZ60, INDEX('1. Données d''entrée'!$I:$K, B46 + BD50 + BB51 + $B60, AJ48))} -> 0 | BC60: {=IF($C60 <= BC$49, AZ60, INDEX('1. Données d''entrée'!$I:$K, B46 + BD50 + BC51 + $B60, AJ48))} -> 0 | BE60: {=INDEX('1. Données d''entrée'!$I:$K, B46 + BI50 + BE51 + $B60, AJ48)} -> 0 | BF60: {=IF($C60 <= BF49, BE60, INDEX('1. Données d''entrée'!$I:$K, B46 + BI50 + BF51 + $B60, AJ48))} -> 0 | BG60: {=IF($C60 <= BG$49, BE60, INDEX('1. Données d''entrée'!$I:$K, B46 + BI50 + BG51 + $B60, AJ48))} -> 0 | BH60: {=IF($C60 <= BH$49, BE60, INDEX('1. Données d''entrée'!$I:$K, B46 + BI50 + BH51 + $B60, AJ48))} -> 0 | BJ60: {=INDEX('1. Données d''entrée'!$I:$K, B46 + BN50 + BJ51 + $B60, AJ48)} -> 0 | BK60: {=IF($C60 <= BK49, BJ60, INDEX('1. Données d''entrée'!$I:$K, B46 + BN50 + BK51 + $B60, AJ48))} -> 0 | BL60: {=IF($C60 <= BL$49, BJ60, INDEX('1. Données d''entrée'!$I:$K, B46 + BN50 + BL51 + $B60, AJ48))} -> 0 | BM60: {=IF($C60 <= BM$49, BJ60, INDEX('1. Données d''entrée'!$I:$K, B46 + BN50 + BM51 + $B60, AJ48))} -> 0 | BQ60: {=INDEX('1. Données d''entrée'!$I:$K, B46 + BU50 + BQ51 + $B60, BP48)} -> 0 | BR60: {=IF($C60 <= BR49, BQ60, INDEX('1. Données d''entrée'!$I:$K, B46 + BU50 + BR51 + $B60, BP48))} -> 0 | BS60: {=IF($C60 <= BS$49, BQ60, INDEX('1. Données d''entrée'!$I:$K, B46 + BU50 + BS51 + $B60, BP48))} -> 0 | BT60: {=IF($C60 <= BT$49, BQ60, INDEX('1. Données d''entrée'!$I:$K, B46 + BU50 + BT51 + $B60, BP48))} -> 0 | BV60: {=INDEX('1. Données d''entrée'!$I:$K, B46 + BZ50 + BV51 + $B60, BP48)} -> 0 | BW60: {=IF($C60 <= BW49, BV60, INDEX('1. Données d''entrée'!$I:$K, B46 + BZ50 + BW51 + $B60, BP48))} -> 0 | BX60: {=IF($C60 <= BX$49, BV60, INDEX('1. Données d''entrée'!$I:$K, B46 + BZ50 + BX51 + $B60, BP48))} -> 0 | BY60: {=IF($C60 <= BY$49, BV60, INDEX('1. Données d''entrée'!$I:$K, B46 + BZ50 + BY51 + $B60, BP48))} -> 0 | CA60: {=INDEX('1. Données d''entrée'!$I:$K, B46 + CE50 + CA51 + $B60, BP48)} -> 0 | CB60: {=IF($C60 <= CB49, CA60, INDEX('1. Données d''entrée'!$I:$K, B46 + CE50 + CB51 + $B60, BP48))} -> 0 | CC60: {=IF($C60 <= CC$49, CA60, INDEX('1. Données d''entrée'!$I:$K, B46 + CE50 + CC51 + $B60, BP48))} -> 0 | CD60: {=IF($C60 <= CD$49, CA60, INDEX('1. Données d''entrée'!$I:$K, B46 + CE50 + CD51 + $B60, BP48))} -> 0 | CF60: {=INDEX('1. Données d''entrée'!$I:$K, B46 + CJ50 + CF51 + $B60, BP48)} -> 0 | CG60: {=IF($C60 <= CG49, CF60, INDEX('1. Données d''entrée'!$I:$K, B46 + CJ50 + CG51 + $B60, BP48))} -> 0 | CH60: {=IF($C60 <= CH$49, CF60, INDEX('1. Données d''entrée'!$I:$K, B46 + CJ50 + CH51 + $B60, BP48))} -> 0 | CI60: {=IF($C60 <= CI$49, CF60, INDEX('1. Données d''entrée'!$I:$K, B46 + CJ50 + CI51 + $B60, BP48))} -> 0 | CK60: {=INDEX('1. Données d''entrée'!$I:$K, B46 + CO50 + CK51 + $B60, BP48)} -> 0 | CL60: {=IF($C60 <= CL49, CK60, INDEX('1. Données d''entrée'!$I:$K, B46 + CO50 + CL51 + $B60, BP48))} -> 0 | CM60: {=IF($C60 <= CM$49, CK60, INDEX('1. Données d''entrée'!$I:$K, B46 + CO50 + CM51 + $B60, BP48))} -> 0 | CN60: {=IF($C60 <= CN$49, CK60, INDEX('1. Données d''entrée'!$I:$K, B46 + CO50 + CN51 + $B60, BP48))} -> 0 | CP60: {=INDEX('1. Données d''entrée'!$I:$K, B46 + CT50 + CP51 + $B60, BP48)} -> 0 | CQ60: {=IF($C60 <= CQ49, CP60, INDEX('1. Données d''entrée'!$I:$K, B46 + CT50 + CQ51 + $B60, BP48))} -> 0 | CR60: {=IF($C60 <= CR$49, CP60, INDEX('1. Données d''entrée'!$I:$K, B46 + CT50 + CR51 + $B60, BP48))} -> 0 | CS60: {=IF($C60 <= CS$49, CP60, INDEX('1. Données d''entrée'!$I:$K, B46 + CT50 + CS51 + $B60, BP48))} -> 0
B61: 8 | C61: 2018 | E61: {=INDEX('1. Données d''entrée'!$I:$K, B46 + I50 + E51 + $B61, D48)} -> 0 | F61: {=IF($C61 <= F49, E61, INDEX('1. Données d''entrée'!$I:$K, B46 + I50 + F51 + $B61, D48))} -> 0 | G61: {=IF($C61 <= G$49, E61, INDEX('1. Données d''entrée'!$I:$K, B46 + I50 + G51 + $B61, D48))} -> 0 | H61: {=IF($C61 <= H$49, E61, INDEX('1. Données d''entrée'!$I:$K, B46 + I50 + H51 + $B61, D48))} -> 0 | J61: {=INDEX('1. Données d''entrée'!$I:$K, B46 + N50 + J51 + $B61, D48)} -> 0 | K61: {=IF($C61 <= K49, J61, INDEX('1. Données d''entrée'!$I:$K, B46 + N50 + K51 + $B61, D48))} -> 0 | L61: {=IF($C61 <= L$49, J61, INDEX('1. Données d''entrée'!$I:$K, B46 + N50 + L51 + $B61, D48))} -> 0 | M61: {=IF($C61 <= M$49, J61, INDEX('1. Données d''entrée'!$I:$K, B46 + N50 + M51 + $B61, D48))} -> 0 | O61: {=INDEX('1. Données d''entrée'!$I:$K, B46 + S50 + O51 + $B61, D48)} -> 0 | P61: {=IF($C61 <= P49, O61, INDEX('1. Données d''entrée'!$I:$K, B46 + S50 + P51 + $B61, D48))} -> 0 | Q61: {=IF($C61 <= Q$49, O61, INDEX('1. Données d''entrée'!$I:$K, B46 + S50 + Q51 + $B61, D48))} -> 0 | R61: {=IF($C61 <= R$49, O61, INDEX('1. Données d''entrée'!$I:$K, B46 + S50 + R51 + $B61, D48))} -> 0 | T61: {=INDEX('1. Données d''entrée'!$I:$K, B46 + X50 + T51 + $B61, D48)} -> 0 | U61: {=IF($C61 <= U49, T61, INDEX('1. Données d''entrée'!$I:$K, B46 + X50 + U51 + $B61, D48))} -> 0 | V61: {=IF($C61 <= V$49, T61, INDEX('1. Données d''entrée'!$I:$K, B46 + X50 + V51 + $B61, D48))} -> 0 | W61: {=IF($C61 <= W$49, T61, INDEX('1. Données d''entrée'!$I:$K, B46 + X50 + W51 + $B61, D48))} -> 0 | Y61: {=INDEX('1. Données d''entrée'!$I:$K, B46 + AC50 + Y51 + $B61, D48)} -> 0 | Z61: {=IF($C61 <= Z49, Y61, INDEX('1. Données d''entrée'!$I:$K, B46 + AC50 + Z51 + $B61, D48))} -> 0 | AA61: {=IF($C61 <= AA$49, Y61, INDEX('1. Données d''entrée'!$I:$K, B46 + AC50 + AA51 + $B61, D48))} -> 0 | AB61: {=IF($C61 <= AB$49, Y61, INDEX('1. Données d''entrée'!$I:$K, B46 + AC50 + AB51 + $B61, D48))} -> 0 | AD61: {=INDEX('1. Données d''entrée'!$I:$K, B46 + AH50 + AD51 + $B61, D48)} -> 0 | AE61: {=IF($C61 <= AE49, AD61, INDEX('1. Données d''entrée'!$I:$K, B46 + AH50 + AE51 + $B61, D48))} -> 0 | AF61: {=IF($C61 <= AF$49, AD61, INDEX('1. Données d''entrée'!$I:$K, B46 + AH50 + AF51 + $B61, D48))} -> 0 | AG61: {=IF($C61 <= AG$49, AD61, INDEX('1. Données d''entrée'!$I:$K, B46 + AH50 + AG51 + $B61, D48))} -> 0 | AK61: {=INDEX('1. Données d''entrée'!$I:$K, B46 + AO50 + AK51 + $B61, AJ48)} -> 0 | AL61: {=IF($C61 <= AL49, AK61, INDEX('1. Données d''entrée'!$I:$K, B46 + AO50 + AL51 + $B61, AJ48))} -> 0 | AM61: {=IF($C61 <= AM$49, AK61, INDEX('1. Données d''entrée'!$I:$K, B46 + AO50 + AM51 + $B61, AJ48))} -> 0 | AN61: {=IF($C61 <= AN$49, AK61, INDEX('1. Données d''entrée'!$I:$K, B46 + AO50 + AN51 + $B61, AJ48))} -> 0 | AP61: {=INDEX('1. Données d''entrée'!$I:$K, B46 + AT50 + AP51 + $B61, AJ48)} -> 0 | AQ61: {=IF($C61 <= AQ49, AP61, INDEX('1. Données d''entrée'!$I:$K, B46 + AT50 + AQ51 + $B61, AJ48))} -> 0 | AR61: {=IF($C61 <= AR$49, AP61, INDEX('1. Données d''entrée'!$I:$K, B46 + AT50 + AR51 + $B61, AJ48))} -> 0 | AS61: {=IF($C61 <= AS$49, AP61, INDEX('1. Données d''entrée'!$I:$K, B46 + AT50 + AS51 + $B61, AJ48))} -> 0 | AU61: {=INDEX('1. Données d''entrée'!$I:$K, B46 + AY50 + AU51 + $B61, AJ48)} -> 0 | AV61: {=IF($C61 <= AV49, AU61, INDEX('1. Données d''entrée'!$I:$K, B46 + AY50 + AV51 + $B61, AJ48))} -> 0 | AW61: {=IF($C61 <= AW$49, AU61, INDEX('1. Données d''entrée'!$I:$K, B46 + AY50 + AW51 + $B61, AJ48))} -> 0 | AX61: {=IF($C61 <= AX$49, AU61, INDEX('1. Données d''entrée'!$I:$K, B46 + AY50 + AX51 + $B61, AJ48))} -> 0 | AZ61: {=INDEX('1. Données d''entrée'!$I:$K, B46 + BD50 + AZ51 + $B61, AJ48)} -> 0 | BA61: {=IF($C61 <= BA49, AZ61, INDEX('1. Données d''entrée'!$I:$K, B46 + BD50 + BA51 + $B61, AJ48))} -> 0 | BB61: {=IF($C61 <= BB$49, AZ61, INDEX('1. Données d''entrée'!$I:$K, B46 + BD50 + BB51 + $B61, AJ48))} -> 0 | BC61: {=IF($C61 <= BC$49, AZ61, INDEX('1. Données d''entrée'!$I:$K, B46 + BD50 + BC51 + $B61, AJ48))} -> 0 | BE61: {=INDEX('1. Données d''entrée'!$I:$K, B46 + BI50 + BE51 + $B61, AJ48)} -> 0 | BF61: {=IF($C61 <= BF49, BE61, INDEX('1. Données d''entrée'!$I:$K, B46 + BI50 + BF51 + $B61, AJ48))} -> 0 | BG61: {=IF($C61 <= BG$49, BE61, INDEX('1. Données d''entrée'!$I:$K, B46 + BI50 + BG51 + $B61, AJ48))} -> 0 | BH61: {=IF($C61 <= BH$49, BE61, INDEX('1. Données d''entrée'!$I:$K, B46 + BI50 + BH51 + $B61, AJ48))} -> 0 | BJ61: {=INDEX('1. Données d''entrée'!$I:$K, B46 + BN50 + BJ51 + $B61, AJ48)} -> 0 | BK61: {=IF($C61 <= BK49, BJ61, INDEX('1. Données d''entrée'!$I:$K, B46 + BN50 + BK51 + $B61, AJ48))} -> 0 | BL61: {=IF($C61 <= BL$49, BJ61, INDEX('1. Données d''entrée'!$I:$K, B46 + BN50 + BL51 + $B61, AJ48))} -> 0 | BM61: {=IF($C61 <= BM$49, BJ61, INDEX('1. Données d''entrée'!$I:$K, B46 + BN50 + BM51 + $B61, AJ48))} -> 0 | BQ61: {=INDEX('1. Données d''entrée'!$I:$K, B46 + BU50 + BQ51 + $B61, BP48)} -> 0 | BR61: {=IF($C61 <= BR49, BQ61, INDEX('1. Données d''entrée'!$I:$K, B46 + BU50 + BR51 + $B61, BP48))} -> 0 | BS61: {=IF($C61 <= BS$49, BQ61, INDEX('1. Données d''entrée'!$I:$K, B46 + BU50 + BS51 + $B61, BP48))} -> 0 | BT61: {=IF($C61 <= BT$49, BQ61, INDEX('1. Données d''entrée'!$I:$K, B46 + BU50 + BT51 + $B61, BP48))} -> 0 | BV61: {=INDEX('1. Données d''entrée'!$I:$K, B46 + BZ50 + BV51 + $B61, BP48)} -> 0 | BW61: {=IF($C61 <= BW49, BV61, INDEX('1. Données d''entrée'!$I:$K, B46 + BZ50 + BW51 + $B61, BP48))} -> 0 | BX61: {=IF($C61 <= BX$49, BV61, INDEX('1. Données d''entrée'!$I:$K, B46 + BZ50 + BX51 + $B61, BP48))} -> 0 | BY61: {=IF($C61 <= BY$49, BV61, INDEX('1. Données d''entrée'!$I:$K, B46 + BZ50 + BY51 + $B61, BP48))} -> 0 | CA61: {=INDEX('1. Données d''entrée'!$I:$K, B46 + CE50 + CA51 + $B61, BP48)} -> 0 | CB61: {=IF($C61 <= CB49, CA61, INDEX('1. Données d''entrée'!$I:$K, B46 + CE50 + CB51 + $B61, BP48))} -> 0 | CC61: {=IF($C61 <= CC$49, CA61, INDEX('1. Données d''entrée'!$I:$K, B46 + CE50 + CC51 + $B61, BP48))} -> 0 | CD61: {=IF($C61 <= CD$49, CA61, INDEX('1. Données d''entrée'!$I:$K, B46 + CE50 + CD51 + $B61, BP48))} -> 0 | CF61: {=INDEX('1. Données d''entrée'!$I:$K, B46 + CJ50 + CF51 + $B61, BP48)} -> 0 | CG61: {=IF($C61 <= CG49, CF61, INDEX('1. Données d''entrée'!$I:$K, B46 + CJ50 + CG51 + $B61, BP48))} -> 0 | CH61: {=IF($C61 <= CH$49, CF61, INDEX('1. Données d''entrée'!$I:$K, B46 + CJ50 + CH51 + $B61, BP48))} -> 0 | CI61: {=IF($C61 <= CI$49, CF61, INDEX('1. Données d''entrée'!$I:$K, B46 + CJ50 + CI51 + $B61, BP48))} -> 0 | CK61: {=INDEX('1. Données d''entrée'!$I:$K, B46 + CO50 + CK51 + $B61, BP48)} -> 0 | CL61: {=IF($C61 <= CL49, CK61, INDEX('1. Données d''entrée'!$I:$K, B46 + CO50 + CL51 + $B61, BP48))} -> 0 | CM61: {=IF($C61 <= CM$49, CK61, INDEX('1. Données d''entrée'!$I:$K, B46 + CO50 + CM51 + $B61, BP48))} -> 0 | CN61: {=IF($C61 <= CN$49, CK61, INDEX('1. Données d''entrée'!$I:$K, B46 + CO50 + CN51 + $B61, BP48))} -> 0 | CP61: {=INDEX('1. Données d''entrée'!$I:$K, B46 + CT50 + CP51 + $B61, BP48)} -> 0 | CQ61: {=IF($C61 <= CQ49, CP61, INDEX('1. Données d''entrée'!$I:$K, B46 + CT50 + CQ51 + $B61, BP48))} -> 0 | CR61: {=IF($C61 <= CR$49, CP61, INDEX('1. Données d''entrée'!$I:$K, B46 + CT50 + CR51 + $B61, BP48))} -> 0 | CS61: {=IF($C61 <= CS$49, CP61, INDEX('1. Données d''entrée'!$I:$K, B46 + CT50 + CS51 + $B61, BP48))} -> 0
B62: 9 | C62: 2019 | E62: {=INDEX('1. Données d''entrée'!$I:$K, B46 + I50 + E51 + $B62, D48)} -> 0 | F62: {=IF($C62 <= F49, E62, INDEX('1. Données d''entrée'!$I:$K, B46 + I50 + F51 + $B62, D48))} -> 0 | G62: {=IF($C62 <= G$49, E62, INDEX('1. Données d''entrée'!$I:$K, B46 + I50 + G51 + $B62, D48))} -> 0 | H62: {=IF($C62 <= H$49, E62, INDEX('1. Données d''entrée'!$I:$K, B46 + I50 + H51 + $B62, D48))} -> 0 | J62: {=INDEX('1. Données d''entrée'!$I:$K, B46 + N50 + J51 + $B62, D48)} -> 0 | K62: {=IF($C62 <= K49, J62, INDEX('1. Données d''entrée'!$I:$K, B46 + N50 + K51 + $B62, D48))} -> 0 | L62: {=IF($C62 <= L$49, J62, INDEX('1. Données d''entrée'!$I:$K, B46 + N50 + L51 + $B62, D48))} -> 0 | M62: {=IF($C62 <= M$49, J62, INDEX('1. Données d''entrée'!$I:$K, B46 + N50 + M51 + $B62, D48))} -> 0 | O62: {=INDEX('1. Données d''entrée'!$I:$K, B46 + S50 + O51 + $B62, D48)} -> 0 | P62: {=IF($C62 <= P49, O62, INDEX('1. Données d''entrée'!$I:$K, B46 + S50 + P51 + $B62, D48))} -> 0 | Q62: {=IF($C62 <= Q$49, O62, INDEX('1. Données d''entrée'!$I:$K, B46 + S50 + Q51 + $B62, D48))} -> 0 | R62: {=IF($C62 <= R$49, O62, INDEX('1. Données d''entrée'!$I:$K, B46 + S50 + R51 + $B62, D48))} -> 0 | T62: {=INDEX('1. Données d''entrée'!$I:$K, B46 + X50 + T51 + $B62, D48)} -> 0 | U62: {=IF($C62 <= U49, T62, INDEX('1. Données d''entrée'!$I:$K, B46 + X50 + U51 + $B62, D48))} -> 0 | V62: {=IF($C62 <= V$49, T62, INDEX('1. Données d''entrée'!$I:$K, B46 + X50 + V51 + $B62, D48))} -> 0 | W62: {=IF($C62 <= W$49, T62, INDEX('1. Données d''entrée'!$I:$K, B46 + X50 + W51 + $B62, D48))} -> 0 | Y62: {=INDEX('1. Données d''entrée'!$I:$K, B46 + AC50 + Y51 + $B62, D48)} -> 0 | Z62: {=IF($C62 <= Z49, Y62, INDEX('1. Données d''entrée'!$I:$K, B46 + AC50 + Z51 + $B62, D48))} -> 0 | AA62: {=IF($C62 <= AA$49, Y62, INDEX('1. Données d''entrée'!$I:$K, B46 + AC50 + AA51 + $B62, D48))} -> 0 | AB62: {=IF($C62 <= AB$49, Y62, INDEX('1. Données d''entrée'!$I:$K, B46 + AC50 + AB51 + $B62, D48))} -> 0 | AD62: {=INDEX('1. Données d''entrée'!$I:$K, B46 + AH50 + AD51 + $B62, D48)} -> 0 | AE62: {=IF($C62 <= AE49, AD62, INDEX('1. Données d''entrée'!$I:$K, B46 + AH50 + AE51 + $B62, D48))} -> 0 | AF62: {=IF($C62 <= AF$49, AD62, INDEX('1. Données d''entrée'!$I:$K, B46 + AH50 + AF51 + $B62, D48))} -> 0 | AG62: {=IF($C62 <= AG$49, AD62, INDEX('1. Données d''entrée'!$I:$K, B46 + AH50 + AG51 + $B62, D48))} -> 0 | AK62: {=INDEX('1. Données d''entrée'!$I:$K, B46 + AO50 + AK51 + $B62, AJ48)} -> 0 | AL62: {=IF($C62 <= AL49, AK62, INDEX('1. Données d''entrée'!$I:$K, B46 + AO50 + AL51 + $B62, AJ48))} -> 0 | AM62: {=IF($C62 <= AM$49, AK62, INDEX('1. Données d''entrée'!$I:$K, B46 + AO50 + AM51 + $B62, AJ48))} -> 0 | AN62: {=IF($C62 <= AN$49, AK62, INDEX('1. Données d''entrée'!$I:$K, B46 + AO50 + AN51 + $B62, AJ48))} -> 0 | AP62: {=INDEX('1. Données d''entrée'!$I:$K, B46 + AT50 + AP51 + $B62, AJ48)} -> 0 | AQ62: {=IF($C62 <= AQ49, AP62, INDEX('1. Données d''entrée'!$I:$K, B46 + AT50 + AQ51 + $B62, AJ48))} -> 0 | AR62: {=IF($C62 <= AR$49, AP62, INDEX('1. Données d''entrée'!$I:$K, B46 + AT50 + AR51 + $B62, AJ48))} -> 0 | AS62: {=IF($C62 <= AS$49, AP62, INDEX('1. Données d''entrée'!$I:$K, B46 + AT50 + AS51 + $B62, AJ48))} -> 0 | AU62: {=INDEX('1. Données d''entrée'!$I:$K, B46 + AY50 + AU51 + $B62, AJ48)} -> 0 | AV62: {=IF($C62 <= AV49, AU62, INDEX('1. Données d''entrée'!$I:$K, B46 + AY50 + AV51 + $B62, AJ48))} -> 0 | AW62: {=IF($C62 <= AW$49, AU62, INDEX('1. Données d''entrée'!$I:$K, B46 + AY50 + AW51 + $B62, AJ48))} -> 0 | AX62: {=IF($C62 <= AX$49, AU62, INDEX('1. Données d''entrée'!$I:$K, B46 + AY50 + AX51 + $B62, AJ48))} -> 0 | AZ62: {=INDEX('1. Données d''entrée'!$I:$K, B46 + BD50 + AZ51 + $B62, AJ48)} -> 0 | BA62: {=IF($C62 <= BA49, AZ62, INDEX('1. Données d''entrée'!$I:$K, B46 + BD50 + BA51 + $B62, AJ48))} -> 0 | BB62: {=IF($C62 <= BB$49, AZ62, INDEX('1. Données d''entrée'!$I:$K, B46 + BD50 + BB51 + $B62, AJ48))} -> 0 | BC62: {=IF($C62 <= BC$49, AZ62, INDEX('1. Données d''entrée'!$I:$K, B46 + BD50 + BC51 + $B62, AJ48))} -> 0 | BE62: {=INDEX('1. Données d''entrée'!$I:$K, B46 + BI50 + BE51 + $B62, AJ48)} -> 0 | BF62: {=IF($C62 <= BF49, BE62, INDEX('1. Données d''entrée'!$I:$K, B46 + BI50 + BF51 + $B62, AJ48))} -> 0 | BG62: {=IF($C62 <= BG$49, BE62, INDEX('1. Données d''entrée'!$I:$K, B46 + BI50 + BG51 + $B62, AJ48))} -> 0 | BH62: {=IF($C62 <= BH$49, BE62, INDEX('1. Données d''entrée'!$I:$K, B46 + BI50 + BH51 + $B62, AJ48))} -> 0 | BJ62: {=INDEX('1. Données d''entrée'!$I:$K, B46 + BN50 + BJ51 + $B62, AJ48)} -> 0 | BK62: {=IF($C62 <= BK49, BJ62, INDEX('1. Données d''entrée'!$I:$K, B46 + BN50 + BK51 + $B62, AJ48))} -> 0 | BL62: {=IF($C62 <= BL$49, BJ62, INDEX('1. Données d''entrée'!$I:$K, B46 + BN50 + BL51 + $B62, AJ48))} -> 0 | BM62: {=IF($C62 <= BM$49, BJ62, INDEX('1. Données d''entrée'!$I:$K, B46 + BN50 + BM51 + $B62, AJ48))} -> 0 | BQ62: {=INDEX('1. Données d''entrée'!$I:$K, B46 + BU50 + BQ51 + $B62, BP48)} -> 0 | BR62: {=IF($C62 <= BR49, BQ62, INDEX('1. Données d''entrée'!$I:$K, B46 + BU50 + BR51 + $B62, BP48))} -> 0 | BS62: {=IF($C62 <= BS$49, BQ62, INDEX('1. Données d''entrée'!$I:$K, B46 + BU50 + BS51 + $B62, BP48))} -> 0 | BT62: {=IF($C62 <= BT$49, BQ62, INDEX('1. Données d''entrée'!$I:$K, B46 + BU50 + BT51 + $B62, BP48))} -> 0 | BV62: {=INDEX('1. Données d''entrée'!$I:$K, B46 + BZ50 + BV51 + $B62, BP48)} -> 0 | BW62: {=IF($C62 <= BW49, BV62, INDEX('1. Données d''entrée'!$I:$K, B46 + BZ50 + BW51 + $B62, BP48))} -> 0 | BX62: {=IF($C62 <= BX$49, BV62, INDEX('1. Données d''entrée'!$I:$K, B46 + BZ50 + BX51 + $B62, BP48))} -> 0 | BY62: {=IF($C62 <= BY$49, BV62, INDEX('1. Données d''entrée'!$I:$K, B46 + BZ50 + BY51 + $B62, BP48))} -> 0 | CA62: {=INDEX('1. Données d''entrée'!$I:$K, B46 + CE50 + CA51 + $B62, BP48)} -> 0 | CB62: {=IF($C62 <= CB49, CA62, INDEX('1. Données d''entrée'!$I:$K, B46 + CE50 + CB51 + $B62, BP48))} -> 0 | CC62: {=IF($C62 <= CC$49, CA62, INDEX('1. Données d''entrée'!$I:$K, B46 + CE50 + CC51 + $B62, BP48))} -> 0 | CD62: {=IF($C62 <= CD$49, CA62, INDEX('1. Données d''entrée'!$I:$K, B46 + CE50 + CD51 + $B62, BP48))} -> 0 | CF62: {=INDEX('1. Données d''entrée'!$I:$K, B46 + CJ50 + CF51 + $B62, BP48)} -> 0 | CG62: {=IF($C62 <= CG49, CF62, INDEX('1. Données d''entrée'!$I:$K, B46 + CJ50 + CG51 + $B62, BP48))} -> 0 | CH62: {=IF($C62 <= CH$49, CF62, INDEX('1. Données d''entrée'!$I:$K, B46 + CJ50 + CH51 + $B62, BP48))} -> 0 | CI62: {=IF($C62 <= CI$49, CF62, INDEX('1. Données d''entrée'!$I:$K, B46 + CJ50 + CI51 + $B62, BP48))} -> 0 | CK62: {=INDEX('1. Données d''entrée'!$I:$K, B46 + CO50 + CK51 + $B62, BP48)} -> 0 | CL62: {=IF($C62 <= CL49, CK62, INDEX('1. Données d''entrée'!$I:$K, B46 + CO50 + CL51 + $B62, BP48))} -> 0 | CM62: {=IF($C62 <= CM$49, CK62, INDEX('1. Données d''entrée'!$I:$K, B46 + CO50 + CM51 + $B62, BP48))} -> 0 | CN62: {=IF($C62 <= CN$49, CK62, INDEX('1. Données d''entrée'!$I:$K, B46 + CO50 + CN51 + $B62, BP48))} -> 0 | CP62: {=INDEX('1. Données d''entrée'!$I:$K, B46 + CT50 + CP51 + $B62, BP48)} -> 0 | CQ62: {=IF($C62 <= CQ49, CP62, INDEX('1. Données d''entrée'!$I:$K, B46 + CT50 + CQ51 + $B62, BP48))} -> 0 | CR62: {=IF($C62 <= CR$49, CP62, INDEX('1. Données d''entrée'!$I:$K, B46 + CT50 + CR51 + $B62, BP48))} -> 0 | CS62: {=IF($C62 <= CS$49, CP62, INDEX('1. Données d''entrée'!$I:$K, B46 + CT50 + CS51 + $B62, BP48))} -> 0
B63: 10 | C63: 2020 | E63: {=INDEX('1. Données d''entrée'!$I:$K, B46 + I50 + E51 + $B63, D48)} -> 0 | F63: {=IF($C63 <= F49, E63, INDEX('1. Données d''entrée'!$I:$K, B46 + I50 + F51 + $B63, D48))} -> 0 | G63: {=IF($C63 <= G$49, E63, INDEX('1. Données d''entrée'!$I:$K, B46 + I50 + G51 + $B63, D48))} -> 0 | H63: {=IF($C63 <= H$49, E63, INDEX('1. Données d''entrée'!$I:$K, B46 + I50 + H51 + $B63, D48))} -> 0 | J63: {=INDEX('1. Données d''entrée'!$I:$K, B46 + N50 + J51 + $B63, D48)} -> 0 | K63: {=IF($C63 <= K49, J63, INDEX('1. Données d''entrée'!$I:$K, B46 + N50 + K51 + $B63, D48))} -> 0 | L63: {=IF($C63 <= L$49, J63, INDEX('1. Données d''entrée'!$I:$K, B46 + N50 + L51 + $B63, D48))} -> 0 | M63: {=IF($C63 <= M$49, J63, INDEX('1. Données d''entrée'!$I:$K, B46 + N50 + M51 + $B63, D48))} -> 0 | O63: {=INDEX('1. Données d''entrée'!$I:$K, B46 + S50 + O51 + $B63, D48)} -> 0 | P63: {=IF($C63 <= P49, O63, INDEX('1. Données d''entrée'!$I:$K, B46 + S50 + P51 + $B63, D48))} -> 0 | Q63: {=IF($C63 <= Q$49, O63, INDEX('1. Données d''entrée'!$I:$K, B46 + S50 + Q51 + $B63, D48))} -> 0 | R63: {=IF($C63 <= R$49, O63, INDEX('1. Données d''entrée'!$I:$K, B46 + S50 + R51 + $B63, D48))} -> 0 | T63: {=INDEX('1. Données d''entrée'!$I:$K, B46 + X50 + T51 + $B63, D48)} -> 0 | U63: {=IF($C63 <= U49, T63, INDEX('1. Données d''entrée'!$I:$K, B46 + X50 + U51 + $B63, D48))} -> 0 | V63: {=IF($C63 <= V$49, T63, INDEX('1. Données d''entrée'!$I:$K, B46 + X50 + V51 + $B63, D48))} -> 0 | W63: {=IF($C63 <= W$49, T63, INDEX('1. Données d''entrée'!$I:$K, B46 + X50 + W51 + $B63, D48))} -> 0 | Y63: {=INDEX('1. Données d''entrée'!$I:$K, B46 + AC50 + Y51 + $B63, D48)} -> 0 | Z63: {=IF($C63 <= Z49, Y63, INDEX('1. Données d''entrée'!$I:$K, B46 + AC50 + Z51 + $B63, D48))} -> 0 | AA63: {=IF($C63 <= AA$49, Y63, INDEX('1. Données d''entrée'!$I:$K, B46 + AC50 + AA51 + $B63, D48))} -> 0 | AB63: {=IF($C63 <= AB$49, Y63, INDEX('1. Données d''entrée'!$I:$K, B46 + AC50 + AB51 + $B63, D48))} -> 0 | AD63: {=INDEX('1. Données d''entrée'!$I:$K, B46 + AH50 + AD51 + $B63, D48)} -> 0 | AE63: {=IF($C63 <= AE49, AD63, INDEX('1. Données d''entrée'!$I:$K, B46 + AH50 + AE51 + $B63, D48))} -> 0 | AF63: {=IF($C63 <= AF$49, AD63, INDEX('1. Données d''entrée'!$I:$K, B46 + AH50 + AF51 + $B63, D48))} -> 0 | AG63: {=IF($C63 <= AG$49, AD63, INDEX('1. Données d''entrée'!$I:$K, B46 + AH50 + AG51 + $B63, D48))} -> 0 | AK63: {=INDEX('1. Données d''entrée'!$I:$K, B46 + AO50 + AK51 + $B63, AJ48)} -> 0 | AL63: {=IF($C63 <= AL49, AK63, INDEX('1. Données d''entrée'!$I:$K, B46 + AO50 + AL51 + $B63, AJ48))} -> 0 | AM63: {=IF($C63 <= AM$49, AK63, INDEX('1. Données d''entrée'!$I:$K, B46 + AO50 + AM51 + $B63, AJ48))} -> 0 | AN63: {=IF($C63 <= AN$49, AK63, INDEX('1. Données d''entrée'!$I:$K, B46 + AO50 + AN51 + $B63, AJ48))} -> 0 | AP63: {=INDEX('1. Données d''entrée'!$I:$K, B46 + AT50 + AP51 + $B63, AJ48)} -> 0 | AQ63: {=IF($C63 <= AQ49, AP63, INDEX('1. Données d''entrée'!$I:$K, B46 + AT50 + AQ51 + $B63, AJ48))} -> 0 | AR63: {=IF($C63 <= AR$49, AP63, INDEX('1. Données d''entrée'!$I:$K, B46 + AT50 + AR51 + $B63, AJ48))} -> 0 | AS63: {=IF($C63 <= AS$49, AP63, INDEX('1. Données d''entrée'!$I:$K, B46 + AT50 + AS51 + $B63, AJ48))} -> 0 | AU63: {=INDEX('1. Données d''entrée'!$I:$K, B46 + AY50 + AU51 + $B63, AJ48)} -> 0 | AV63: {=IF($C63 <= AV49, AU63, INDEX('1. Données d''entrée'!$I:$K, B46 + AY50 + AV51 + $B63, AJ48))} -> 0 | AW63: {=IF($C63 <= AW$49, AU63, INDEX('1. Données d''entrée'!$I:$K, B46 + AY50 + AW51 + $B63, AJ48))} -> 0 | AX63: {=IF($C63 <= AX$49, AU63, INDEX('1. Données d''entrée'!$I:$K, B46 + AY50 + AX51 + $B63, AJ48))} -> 0 | AZ63: {=INDEX('1. Données d''entrée'!$I:$K, B46 + BD50 + AZ51 + $B63, AJ48)} -> 0 | BA63: {=IF($C63 <= BA49, AZ63, INDEX('1. Données d''entrée'!$I:$K, B46 + BD50 + BA51 + $B63, AJ48))} -> 0 | BB63: {=IF($C63 <= BB$49, AZ63, INDEX('1. Données d''entrée'!$I:$K, B46 + BD50 + BB51 + $B63, AJ48))} -> 0 | BC63: {=IF($C63 <= BC$49, AZ63, INDEX('1. Données d''entrée'!$I:$K, B46 + BD50 + BC51 + $B63, AJ48))} -> 0 | BE63: {=INDEX('1. Données d''entrée'!$I:$K, B46 + BI50 + BE51 + $B63, AJ48)} -> 0 | BF63: {=IF($C63 <= BF49, BE63, INDEX('1. Données d''entrée'!$I:$K, B46 + BI50 + BF51 + $B63, AJ48))} -> 0 | BG63: {=IF($C63 <= BG$49, BE63, INDEX('1. Données d''entrée'!$I:$K, B46 + BI50 + BG51 + $B63, AJ48))} -> 0 | BH63: {=IF($C63 <= BH$49, BE63, INDEX('1. Données d''entrée'!$I:$K, B46 + BI50 + BH51 + $B63, AJ48))} -> 0 | BJ63: {=INDEX('1. Données d''entrée'!$I:$K, B46 + BN50 + BJ51 + $B63, AJ48)} -> 0 | BK63: {=IF($C63 <= BK49, BJ63, INDEX('1. Données d''entrée'!$I:$K, B46 + BN50 + BK51 + $B63, AJ48))} -> 0 | BL63: {=IF($C63 <= BL$49, BJ63, INDEX('1. Données d''entrée'!$I:$K, B46 + BN50 + BL51 + $B63, AJ48))} -> 0 | BM63: {=IF($C63 <= BM$49, BJ63, INDEX('1. Données d''entrée'!$I:$K, B46 + BN50 + BM51 + $B63, AJ48))} -> 0 | BQ63: {=INDEX('1. Données d''entrée'!$I:$K, B46 + BU50 + BQ51 + $B63, BP48)} -> 0 | BR63: {=IF($C63 <= BR49, BQ63, INDEX('1. Données d''entrée'!$I:$K, B46 + BU50 + BR51 + $B63, BP48))} -> 0 | BS63: {=IF($C63 <= BS$49, BQ63, INDEX('1. Données d''entrée'!$I:$K, B46 + BU50 + BS51 + $B63, BP48))} -> 0 | BT63: {=IF($C63 <= BT$49, BQ63, INDEX('1. Données d''entrée'!$I:$K, B46 + BU50 + BT51 + $B63, BP48))} -> 0 | BV63: {=INDEX('1. Données d''entrée'!$I:$K, B46 + BZ50 + BV51 + $B63, BP48)} -> 0 | BW63: {=IF($C63 <= BW49, BV63, INDEX('1. Données d''entrée'!$I:$K, B46 + BZ50 + BW51 + $B63, BP48))} -> 0 | BX63: {=IF($C63 <= BX$49, BV63, INDEX('1. Données d''entrée'!$I:$K, B46 + BZ50 + BX51 + $B63, BP48))} -> 0 | BY63: {=IF($C63 <= BY$49, BV63, INDEX('1. Données d''entrée'!$I:$K, B46 + BZ50 + BY51 + $B63, BP48))} -> 0 | CA63: {=INDEX('1. Données d''entrée'!$I:$K, B46 + CE50 + CA51 + $B63, BP48)} -> 0 | CB63: {=IF($C63 <= CB49, CA63, INDEX('1. Données d''entrée'!$I:$K, B46 + CE50 + CB51 + $B63, BP48))} -> 0 | CC63: {=IF($C63 <= CC$49, CA63, INDEX('1. Données d''entrée'!$I:$K, B46 + CE50 + CC51 + $B63, BP48))} -> 0 | CD63: {=IF($C63 <= CD$49, CA63, INDEX('1. Données d''entrée'!$I:$K, B46 + CE50 + CD51 + $B63, BP48))} -> 0 | CF63: {=INDEX('1. Données d''entrée'!$I:$K, B46 + CJ50 + CF51 + $B63, BP48)} -> 0 | CG63: {=IF($C63 <= CG49, CF63, INDEX('1. Données d''entrée'!$I:$K, B46 + CJ50 + CG51 + $B63, BP48))} -> 0 | CH63: {=IF($C63 <= CH$49, CF63, INDEX('1. Données d''entrée'!$I:$K, B46 + CJ50 + CH51 + $B63, BP48))} -> 0 | CI63: {=IF($C63 <= CI$49, CF63, INDEX('1. Données d''entrée'!$I:$K, B46 + CJ50 + CI51 + $B63, BP48))} -> 0 | CK63: {=INDEX('1. Données d''entrée'!$I:$K, B46 + CO50 + CK51 + $B63, BP48)} -> 0 | CL63: {=IF($C63 <= CL49, CK63, INDEX('1. Données d''entrée'!$I:$K, B46 + CO50 + CL51 + $B63, BP48))} -> 0 | CM63: {=IF($C63 <= CM$49, CK63, INDEX('1. Données d''entrée'!$I:$K, B46 + CO50 + CM51 + $B63, BP48))} -> 0 | CN63: {=IF($C63 <= CN$49, CK63, INDEX('1. Données d''entrée'!$I:$K, B46 + CO50 + CN51 + $B63, BP48))} -> 0 | CP63: {=INDEX('1. Données d''entrée'!$I:$K, B46 + CT50 + CP51 + $B63, BP48)} -> 0 | CQ63: {=IF($C63 <= CQ49, CP63, INDEX('1. Données d''entrée'!$I:$K, B46 + CT50 + CQ51 + $B63, BP48))} -> 0 | CR63: {=IF($C63 <= CR$49, CP63, INDEX('1. Données d''entrée'!$I:$K, B46 + CT50 + CR51 + $B63, BP48))} -> 0 | CS63: {=IF($C63 <= CS$49, CP63, INDEX('1. Données d''entrée'!$I:$K, B46 + CT50 + CS51 + $B63, BP48))} -> 0
B64: 11 | C64: 2021 | E64: {=INDEX('1. Données d''entrée'!$I:$K, B46 + I50 + E51 + $B64, D48)} -> 0 | F64: {=IF($C64 <= F49, E64, INDEX('1. Données d''entrée'!$I:$K, B46 + I50 + F51 + $B64, D48))} -> 0 | G64: {=IF($C64 <= G$49, E64, INDEX('1. Données d''entrée'!$I:$K, B46 + I50 + G51 + $B64, D48))} -> 0 | H64: {=IF($C64 <= H$49, E64, INDEX('1. Données d''entrée'!$I:$K, B46 + I50 + H51 + $B64, D48))} -> 0 | J64: {=INDEX('1. Données d''entrée'!$I:$K, B46 + N50 + J51 + $B64, D48)} -> 0 | K64: {=IF($C64 <= K49, J64, INDEX('1. Données d''entrée'!$I:$K, B46 + N50 + K51 + $B64, D48))} -> 0 | L64: {=IF($C64 <= L$49, J64, INDEX('1. Données d''entrée'!$I:$K, B46 + N50 + L51 + $B64, D48))} -> 0 | M64: {=IF($C64 <= M$49, J64, INDEX('1. Données d''entrée'!$I:$K, B46 + N50 + M51 + $B64, D48))} -> 0 | O64: {=INDEX('1. Données d''entrée'!$I:$K, B46 + S50 + O51 + $B64, D48)} -> 0 | P64: {=IF($C64 <= P49, O64, INDEX('1. Données d''entrée'!$I:$K, B46 + S50 + P51 + $B64, D48))} -> 0 | Q64: {=IF($C64 <= Q$49, O64, INDEX('1. Données d''entrée'!$I:$K, B46 + S50 + Q51 + $B64, D48))} -> 0 | R64: {=IF($C64 <= R$49, O64, INDEX('1. Données d''entrée'!$I:$K, B46 + S50 + R51 + $B64, D48))} -> 0 | T64: {=INDEX('1. Données d''entrée'!$I:$K, B46 + X50 + T51 + $B64, D48)} -> 0 | U64: {=IF($C64 <= U49, T64, INDEX('1. Données d''entrée'!$I:$K, B46 + X50 + U51 + $B64, D48))} -> 0 | V64: {=IF($C64 <= V$49, T64, INDEX('1. Données d''entrée'!$I:$K, B46 + X50 + V51 + $B64, D48))} -> 0 | W64: {=IF($C64 <= W$49, T64, INDEX('1. Données d''entrée'!$I:$K, B46 + X50 + W51 + $B64, D48))} -> 0 | Y64: {=INDEX('1. Données d''entrée'!$I:$K, B46 + AC50 + Y51 + $B64, D48)} -> 0 | Z64: {=IF($C64 <= Z49, Y64, INDEX('1. Données d''entrée'!$I:$K, B46 + AC50 + Z51 + $B64, D48))} -> 0 | AA64: {=IF($C64 <= AA$49, Y64, INDEX('1. Données d''entrée'!$I:$K, B46 + AC50 + AA51 + $B64, D48))} -> 0 | AB64: {=IF($C64 <= AB$49, Y64, INDEX('1. Données d''entrée'!$I:$K, B46 + AC50 + AB51 + $B64, D48))} -> 0 | AD64: {=INDEX('1. Données d''entrée'!$I:$K, B46 + AH50 + AD51 + $B64, D48)} -> 0 | AE64: {=IF($C64 <= AE49, AD64, INDEX('1. Données d''entrée'!$I:$K, B46 + AH50 + AE51 + $B64, D48))} -> 0 | AF64: {=IF($C64 <= AF$49, AD64, INDEX('1. Données d''entrée'!$I:$K, B46 + AH50 + AF51 + $B64, D48))} -> 0 | AG64: {=IF($C64 <= AG$49, AD64, INDEX('1. Données d''entrée'!$I:$K, B46 + AH50 + AG51 + $B64, D48))} -> 0 | AK64: {=INDEX('1. Données d''entrée'!$I:$K, B46 + AO50 + AK51 + $B64, AJ48)} -> 0 | AL64: {=IF($C64 <= AL49, AK64, INDEX('1. Données d''entrée'!$I:$K, B46 + AO50 + AL51 + $B64, AJ48))} -> 0 | AM64: {=IF($C64 <= AM$49, AK64, INDEX('1. Données d''entrée'!$I:$K, B46 + AO50 + AM51 + $B64, AJ48))} -> 0 | AN64: {=IF($C64 <= AN$49, AK64, INDEX('1. Données d''entrée'!$I:$K, B46 + AO50 + AN51 + $B64, AJ48))} -> 0 | AP64: {=INDEX('1. Données d''entrée'!$I:$K, B46 + AT50 + AP51 + $B64, AJ48)} -> 0 | AQ64: {=IF($C64 <= AQ49, AP64, INDEX('1. Données d''entrée'!$I:$K, B46 + AT50 + AQ51 + $B64, AJ48))} -> 0 | AR64: {=IF($C64 <= AR$49, AP64, INDEX('1. Données d''entrée'!$I:$K, B46 + AT50 + AR51 + $B64, AJ48))} -> 0 | AS64: {=IF($C64 <= AS$49, AP64, INDEX('1. Données d''entrée'!$I:$K, B46 + AT50 + AS51 + $B64, AJ48))} -> 0 | AU64: {=INDEX('1. Données d''entrée'!$I:$K, B46 + AY50 + AU51 + $B64, AJ48)} -> 0 | AV64: {=IF($C64 <= AV49, AU64, INDEX('1. Données d''entrée'!$I:$K, B46 + AY50 + AV51 + $B64, AJ48))} -> 0 | AW64: {=IF($C64 <= AW$49, AU64, INDEX('1. Données d''entrée'!$I:$K, B46 + AY50 + AW51 + $B64, AJ48))} -> 0 | AX64: {=IF($C64 <= AX$49, AU64, INDEX('1. Données d''entrée'!$I:$K, B46 + AY50 + AX51 + $B64, AJ48))} -> 0 | AZ64: {=INDEX('1. Données d''entrée'!$I:$K, B46 + BD50 + AZ51 + $B64, AJ48)} -> 0 | BA64: {=IF($C64 <= BA49, AZ64, INDEX('1. Données d''entrée'!$I:$K, B46 + BD50 + BA51 + $B64, AJ48))} -> 0 | BB64: {=IF($C64 <= BB$49, AZ64, INDEX('1. Données d''entrée'!$I:$K, B46 + BD50 + BB51 + $B64, AJ48))} -> 0 | BC64: {=IF($C64 <= BC$49, AZ64, INDEX('1. Données d''entrée'!$I:$K, B46 + BD50 + BC51 + $B64, AJ48))} -> 0 | BE64: {=INDEX('1. Données d''entrée'!$I:$K, B46 + BI50 + BE51 + $B64, AJ48)} -> 0 | BF64: {=IF($C64 <= BF49, BE64, INDEX('1. Données d''entrée'!$I:$K, B46 + BI50 + BF51 + $B64, AJ48))} -> 0 | BG64: {=IF($C64 <= BG$49, BE64, INDEX('1. Données d''entrée'!$I:$K, B46 + BI50 + BG51 + $B64, AJ48))} -> 0 | BH64: {=IF($C64 <= BH$49, BE64, INDEX('1. Données d''entrée'!$I:$K, B46 + BI50 + BH51 + $B64, AJ48))} -> 0 | BJ64: {=INDEX('1. Données d''entrée'!$I:$K, B46 + BN50 + BJ51 + $B64, AJ48)} -> 0 | BK64: {=IF($C64 <= BK49, BJ64, INDEX('1. Données d''entrée'!$I:$K, B46 + BN50 + BK51 + $B64, AJ48))} -> 0 | BL64: {=IF($C64 <= BL$49, BJ64, INDEX('1. Données d''entrée'!$I:$K, B46 + BN50 + BL51 + $B64, AJ48))} -> 0 | BM64: {=IF($C64 <= BM$49, BJ64, INDEX('1. Données d''entrée'!$I:$K, B46 + BN50 + BM51 + $B64, AJ48))} -> 0 | BQ64: {=INDEX('1. Données d''entrée'!$I:$K, B46 + BU50 + BQ51 + $B64, BP48)} -> 0 | BR64: {=IF($C64 <= BR49, BQ64, INDEX('1. Données d''entrée'!$I:$K, B46 + BU50 + BR51 + $B64, BP48))} -> 0 | BS64: {=IF($C64 <= BS$49, BQ64, INDEX('1. Données d''entrée'!$I:$K, B46 + BU50 + BS51 + $B64, BP48))} -> 0 | BT64: {=IF($C64 <= BT$49, BQ64, INDEX('1. Données d''entrée'!$I:$K, B46 + BU50 + BT51 + $B64, BP48))} -> 0 | BV64: {=INDEX('1. Données d''entrée'!$I:$K, B46 + BZ50 + BV51 + $B64, BP48)} -> 0 | BW64: {=IF($C64 <= BW49, BV64, INDEX('1. Données d''entrée'!$I:$K, B46 + BZ50 + BW51 + $B64, BP48))} -> 0 | BX64: {=IF($C64 <= BX$49, BV64, INDEX('1. Données d''entrée'!$I:$K, B46 + BZ50 + BX51 + $B64, BP48))} -> 0 | BY64: {=IF($C64 <= BY$49, BV64, INDEX('1. Données d''entrée'!$I:$K, B46 + BZ50 + BY51 + $B64, BP48))} -> 0 | CA64: {=INDEX('1. Données d''entrée'!$I:$K, B46 + CE50 + CA51 + $B64, BP48)} -> 0 | CB64: {=IF($C64 <= CB49, CA64, INDEX('1. Données d''entrée'!$I:$K, B46 + CE50 + CB51 + $B64, BP48))} -> 0 | CC64: {=IF($C64 <= CC$49, CA64, INDEX('1. Données d''entrée'!$I:$K, B46 + CE50 + CC51 + $B64, BP48))} -> 0 | CD64: {=IF($C64 <= CD$49, CA64, INDEX('1. Données d''entrée'!$I:$K, B46 + CE50 + CD51 + $B64, BP48))} -> 0 | CF64: {=INDEX('1. Données d''entrée'!$I:$K, B46 + CJ50 + CF51 + $B64, BP48)} -> 0 | CG64: {=IF($C64 <= CG49, CF64, INDEX('1. Données d''entrée'!$I:$K, B46 + CJ50 + CG51 + $B64, BP48))} -> 0 | CH64: {=IF($C64 <= CH$49, CF64, INDEX('1. Données d''entrée'!$I:$K, B46 + CJ50 + CH51 + $B64, BP48))} -> 0 | CI64: {=IF($C64 <= CI$49, CF64, INDEX('1. Données d''entrée'!$I:$K, B46 + CJ50 + CI51 + $B64, BP48))} -> 0 | CK64: {=INDEX('1. Données d''entrée'!$I:$K, B46 + CO50 + CK51 + $B64, BP48)} -> 0 | CL64: {=IF($C64 <= CL49, CK64, INDEX('1. Données d''entrée'!$I:$K, B46 + CO50 + CL51 + $B64, BP48))} -> 0 | CM64: {=IF($C64 <= CM$49, CK64, INDEX('1. Données d''entrée'!$I:$K, B46 + CO50 + CM51 + $B64, BP48))} -> 0 | CN64: {=IF($C64 <= CN$49, CK64, INDEX('1. Données d''entrée'!$I:$K, B46 + CO50 + CN51 + $B64, BP48))} -> 0 | CP64: {=INDEX('1. Données d''entrée'!$I:$K, B46 + CT50 + CP51 + $B64, BP48)} -> 0 | CQ64: {=IF($C64 <= CQ49, CP64, INDEX('1. Données d''entrée'!$I:$K, B46 + CT50 + CQ51 + $B64, BP48))} -> 0 | CR64: {=IF($C64 <= CR$49, CP64, INDEX('1. Données d''entrée'!$I:$K, B46 + CT50 + CR51 + $B64, BP48))} -> 0 | CS64: {=IF($C64 <= CS$49, CP64, INDEX('1. Données d''entrée'!$I:$K, B46 + CT50 + CS51 + $B64, BP48))} -> 0
B65: 12 | C65: 2022 | E65: {=INDEX('1. Données d''entrée'!$I:$K, B46 + I50 + E51 + $B65, D48)} -> 0 | F65: {=IF($C65 <= F49, E65, INDEX('1. Données d''entrée'!$I:$K, B46 + I50 + F51 + $B65, D48))} -> 0 | G65: {=IF($C65 <= G$49, E65, INDEX('1. Données d''entrée'!$I:$K, B46 + I50 + G51 + $B65, D48))} -> 0 | H65: {=IF($C65 <= H$49, E65, INDEX('1. Données d''entrée'!$I:$K, B46 + I50 + H51 + $B65, D48))} -> 0 | J65: {=INDEX('1. Données d''entrée'!$I:$K, B46 + N50 + J51 + $B65, D48)} -> 0 | K65: {=IF($C65 <= K49, J65, INDEX('1. Données d''entrée'!$I:$K, B46 + N50 + K51 + $B65, D48))} -> 0 | L65: {=IF($C65 <= L$49, J65, INDEX('1. Données d''entrée'!$I:$K, B46 + N50 + L51 + $B65, D48))} -> 0 | M65: {=IF($C65 <= M$49, J65, INDEX('1. Données d''entrée'!$I:$K, B46 + N50 + M51 + $B65, D48))} -> 0 | O65: {=INDEX('1. Données d''entrée'!$I:$K, B46 + S50 + O51 + $B65, D48)} -> 0 | P65: {=IF($C65 <= P49, O65, INDEX('1. Données d''entrée'!$I:$K, B46 + S50 + P51 + $B65, D48))} -> 0 | Q65: {=IF($C65 <= Q$49, O65, INDEX('1. Données d''entrée'!$I:$K, B46 + S50 + Q51 + $B65, D48))} -> 0 | R65: {=IF($C65 <= R$49, O65, INDEX('1. Données d''entrée'!$I:$K, B46 + S50 + R51 + $B65, D48))} -> 0 | T65: {=INDEX('1. Données d''entrée'!$I:$K, B46 + X50 + T51 + $B65, D48)} -> 0 | U65: {=IF($C65 <= U49, T65, INDEX('1. Données d''entrée'!$I:$K, B46 + X50 + U51 + $B65, D48))} -> 0 | V65: {=IF($C65 <= V$49, T65, INDEX('1. Données d''entrée'!$I:$K, B46 + X50 + V51 + $B65, D48))} -> 0 | W65: {=IF($C65 <= W$49, T65, INDEX('1. Données d''entrée'!$I:$K, B46 + X50 + W51 + $B65, D48))} -> 0 | Y65: {=INDEX('1. Données d''entrée'!$I:$K, B46 + AC50 + Y51 + $B65, D48)} -> 0 | Z65: {=IF($C65 <= Z49, Y65, INDEX('1. Données d''entrée'!$I:$K, B46 + AC50 + Z51 + $B65, D48))} -> 0 | AA65: {=IF($C65 <= AA$49, Y65, INDEX('1. Données d''entrée'!$I:$K, B46 + AC50 + AA51 + $B65, D48))} -> 0 | AB65: {=IF($C65 <= AB$49, Y65, INDEX('1. Données d''entrée'!$I:$K, B46 + AC50 + AB51 + $B65, D48))} -> 0 | AD65: {=INDEX('1. Données d''entrée'!$I:$K, B46 + AH50 + AD51 + $B65, D48)} -> 0 | AE65: {=IF($C65 <= AE49, AD65, INDEX('1. Données d''entrée'!$I:$K, B46 + AH50 + AE51 + $B65, D48))} -> 0 | AF65: {=IF($C65 <= AF$49, AD65, INDEX('1. Données d''entrée'!$I:$K, B46 + AH50 + AF51 + $B65, D48))} -> 0 | AG65: {=IF($C65 <= AG$49, AD65, INDEX('1. Données d''entrée'!$I:$K, B46 + AH50 + AG51 + $B65, D48))} -> 0 | AK65: {=INDEX('1. Données d''entrée'!$I:$K, B46 + AO50 + AK51 + $B65, AJ48)} -> 0 | AL65: {=IF($C65 <= AL49, AK65, INDEX('1. Données d''entrée'!$I:$K, B46 + AO50 + AL51 + $B65, AJ48))} -> 0 | AM65: {=IF($C65 <= AM$49, AK65, INDEX('1. Données d''entrée'!$I:$K, B46 + AO50 + AM51 + $B65, AJ48))} -> 0 | AN65: {=IF($C65 <= AN$49, AK65, INDEX('1. Données d''entrée'!$I:$K, B46 + AO50 + AN51 + $B65, AJ48))} -> 0 | AP65: {=INDEX('1. Données d''entrée'!$I:$K, B46 + AT50 + AP51 + $B65, AJ48)} -> 0 | AQ65: {=IF($C65 <= AQ49, AP65, INDEX('1. Données d''entrée'!$I:$K, B46 + AT50 + AQ51 + $B65, AJ48))} -> 0 | AR65: {=IF($C65 <= AR$49, AP65, INDEX('1. Données d''entrée'!$I:$K, B46 + AT50 + AR51 + $B65, AJ48))} -> 0 | AS65: {=IF($C65 <= AS$49, AP65, INDEX('1. Données d''entrée'!$I:$K, B46 + AT50 + AS51 + $B65, AJ48))} -> 0 | AU65: {=INDEX('1. Données d''entrée'!$I:$K, B46 + AY50 + AU51 + $B65, AJ48)} -> 0 | AV65: {=IF($C65 <= AV49, AU65, INDEX('1. Données d''entrée'!$I:$K, B46 + AY50 + AV51 + $B65, AJ48))} -> 0 | AW65: {=IF($C65 <= AW$49, AU65, INDEX('1. Données d''entrée'!$I:$K, B46 + AY50 + AW51 + $B65, AJ48))} -> 0 | AX65: {=IF($C65 <= AX$49, AU65, INDEX('1. Données d''entrée'!$I:$K, B46 + AY50 + AX51 + $B65, AJ48))} -> 0 | AZ65: {=INDEX('1. Données d''entrée'!$I:$K, B46 + BD50 + AZ51 + $B65, AJ48)} -> 0 | BA65: {=IF($C65 <= BA49, AZ65, INDEX('1. Données d''entrée'!$I:$K, B46 + BD50 + BA51 + $B65, AJ48))} -> 0 | BB65: {=IF($C65 <= BB$49, AZ65, INDEX('1. Données d''entrée'!$I:$K, B46 + BD50 + BB51 + $B65, AJ48))} -> 0 | BC65: {=IF($C65 <= BC$49, AZ65, INDEX('1. Données d''entrée'!$I:$K, B46 + BD50 + BC51 + $B65, AJ48))} -> 0 | BE65: {=INDEX('1. Données d''entrée'!$I:$K, B46 + BI50 + BE51 + $B65, AJ48)} -> 0 | BF65: {=IF($C65 <= BF49, BE65, INDEX('1. Données d''entrée'!$I:$K, B46 + BI50 + BF51 + $B65, AJ48))} -> 0 | BG65: {=IF($C65 <= BG$49, BE65, INDEX('1. Données d''entrée'!$I:$K, B46 + BI50 + BG51 + $B65, AJ48))} -> 0 | BH65: {=IF($C65 <= BH$49, BE65, INDEX('1. Données d''entrée'!$I:$K, B46 + BI50 + BH51 + $B65, AJ48))} -> 0 | BJ65: {=INDEX('1. Données d''entrée'!$I:$K, B46 + BN50 + BJ51 + $B65, AJ48)} -> 0 | BK65: {=IF($C65 <= BK49, BJ65, INDEX('1. Données d''entrée'!$I:$K, B46 + BN50 + BK51 + $B65, AJ48))} -> 0 | BL65: {=IF($C65 <= BL$49, BJ65, INDEX('1. Données d''entrée'!$I:$K, B46 + BN50 + BL51 + $B65, AJ48))} -> 0 | BM65: {=IF($C65 <= BM$49, BJ65, INDEX('1. Données d''entrée'!$I:$K, B46 + BN50 + BM51 + $B65, AJ48))} -> 0 | BQ65: {=INDEX('1. Données d''entrée'!$I:$K, B46 + BU50 + BQ51 + $B65, BP48)} -> 0 | BR65: {=IF($C65 <= BR49, BQ65, INDEX('1. Données d''entrée'!$I:$K, B46 + BU50 + BR51 + $B65, BP48))} -> 0 | BS65: {=IF($C65 <= BS$49, BQ65, INDEX('1. Données d''entrée'!$I:$K, B46 + BU50 + BS51 + $B65, BP48))} -> 0 | BT65: {=IF($C65 <= BT$49, BQ65, INDEX('1. Données d''entrée'!$I:$K, B46 + BU50 + BT51 + $B65, BP48))} -> 0 | BV65: {=INDEX('1. Données d''entrée'!$I:$K, B46 + BZ50 + BV51 + $B65, BP48)} -> 0 | BW65: {=IF($C65 <= BW49, BV65, INDEX('1. Données d''entrée'!$I:$K, B46 + BZ50 + BW51 + $B65, BP48))} -> 0 | BX65: {=IF($C65 <= BX$49, BV65, INDEX('1. Données d''entrée'!$I:$K, B46 + BZ50 + BX51 + $B65, BP48))} -> 0 | BY65: {=IF($C65 <= BY$49, BV65, INDEX('1. Données d''entrée'!$I:$K, B46 + BZ50 + BY51 + $B65, BP48))} -> 0 | CA65: {=INDEX('1. Données d''entrée'!$I:$K, B46 + CE50 + CA51 + $B65, BP48)} -> 0 | CB65: {=IF($C65 <= CB49, CA65, INDEX('1. Données d''entrée'!$I:$K, B46 + CE50 + CB51 + $B65, BP48))} -> 0 | CC65: {=IF($C65 <= CC$49, CA65, INDEX('1. Données d''entrée'!$I:$K, B46 + CE50 + CC51 + $B65, BP48))} -> 0 | CD65: {=IF($C65 <= CD$49, CA65, INDEX('1. Données d''entrée'!$I:$K, B46 + CE50 + CD51 + $B65, BP48))} -> 0 | CF65: {=INDEX('1. Données d''entrée'!$I:$K, B46 + CJ50 + CF51 + $B65, BP48)} -> 0 | CG65: {=IF($C65 <= CG49, CF65, INDEX('1. Données d''entrée'!$I:$K, B46 + CJ50 + CG51 + $B65, BP48))} -> 0 | CH65: {=IF($C65 <= CH$49, CF65, INDEX('1. Données d''entrée'!$I:$K, B46 + CJ50 + CH51 + $B65, BP48))} -> 0 | CI65: {=IF($C65 <= CI$49, CF65, INDEX('1. Données d''entrée'!$I:$K, B46 + CJ50 + CI51 + $B65, BP48))} -> 0 | CK65: {=INDEX('1. Données d''entrée'!$I:$K, B46 + CO50 + CK51 + $B65, BP48)} -> 0 | CL65: {=IF($C65 <= CL49, CK65, INDEX('1. Données d''entrée'!$I:$K, B46 + CO50 + CL51 + $B65, BP48))} -> 0 | CM65: {=IF($C65 <= CM$49, CK65, INDEX('1. Données d''entrée'!$I:$K, B46 + CO50 + CM51 + $B65, BP48))} -> 0 | CN65: {=IF($C65 <= CN$49, CK65, INDEX('1. Données d''entrée'!$I:$K, B46 + CO50 + CN51 + $B65, BP48))} -> 0 | CP65: {=INDEX('1. Données d''entrée'!$I:$K, B46 + CT50 + CP51 + $B65, BP48)} -> 0 | CQ65: {=IF($C65 <= CQ49, CP65, INDEX('1. Données d''entrée'!$I:$K, B46 + CT50 + CQ51 + $B65, BP48))} -> 0 | CR65: {=IF($C65 <= CR$49, CP65, INDEX('1. Données d''entrée'!$I:$K, B46 + CT50 + CR51 + $B65, BP48))} -> 0 | CS65: {=IF($C65 <= CS$49, CP65, INDEX('1. Données d''entrée'!$I:$K, B46 + CT50 + CS51 + $B65, BP48))} -> 0
B66: 13 | C66: 2023 | E66: {=INDEX('1. Données d''entrée'!$I:$K, B46 + I50 + E51 + $B66, D48)} -> 0 | F66: {=IF($C66 <= F49, E66, INDEX('1. Données d''entrée'!$I:$K, B46 + I50 + F51 + $B66, D48))} -> 0 | G66: {=IF($C66 <= G$49, E66, INDEX('1. Données d''entrée'!$I:$K, B46 + I50 + G51 + $B66, D48))} -> 0 | H66: {=IF($C66 <= H$49, E66, INDEX('1. Données d''entrée'!$I:$K, B46 + I50 + H51 + $B66, D48))} -> 0 | J66: {=INDEX('1. Données d''entrée'!$I:$K, B46 + N50 + J51 + $B66, D48)} -> 0 | K66: {=IF($C66 <= K49, J66, INDEX('1. Données d''entrée'!$I:$K, B46 + N50 + K51 + $B66, D48))} -> 0 | L66: {=IF($C66 <= L$49, J66, INDEX('1. Données d''entrée'!$I:$K, B46 + N50 + L51 + $B66, D48))} -> 0 | M66: {=IF($C66 <= M$49, J66, INDEX('1. Données d''entrée'!$I:$K, B46 + N50 + M51 + $B66, D48))} -> 0 | O66: {=INDEX('1. Données d''entrée'!$I:$K, B46 + S50 + O51 + $B66, D48)} -> 0 | P66: {=IF($C66 <= P49, O66, INDEX('1. Données d''entrée'!$I:$K, B46 + S50 + P51 + $B66, D48))} -> 0 | Q66: {=IF($C66 <= Q$49, O66, INDEX('1. Données d''entrée'!$I:$K, B46 + S50 + Q51 + $B66, D48))} -> 0 | R66: {=IF($C66 <= R$49, O66, INDEX('1. Données d''entrée'!$I:$K, B46 + S50 + R51 + $B66, D48))} -> 0 | T66: {=INDEX('1. Données d''entrée'!$I:$K, B46 + X50 + T51 + $B66, D48)} -> 0 | U66: {=IF($C66 <= U49, T66, INDEX('1. Données d''entrée'!$I:$K, B46 + X50 + U51 + $B66, D48))} -> 0 | V66: {=IF($C66 <= V$49, T66, INDEX('1. Données d''entrée'!$I:$K, B46 + X50 + V51 + $B66, D48))} -> 0 | W66: {=IF($C66 <= W$49, T66, INDEX('1. Données d''entrée'!$I:$K, B46 + X50 + W51 + $B66, D48))} -> 0 | Y66: {=INDEX('1. Données d''entrée'!$I:$K, B46 + AC50 + Y51 + $B66, D48)} -> 0 | Z66: {=IF($C66 <= Z49, Y66, INDEX('1. Données d''entrée'!$I:$K, B46 + AC50 + Z51 + $B66, D48))} -> 0 | AA66: {=IF($C66 <= AA$49, Y66, INDEX('1. Données d''entrée'!$I:$K, B46 + AC50 + AA51 + $B66, D48))} -> 0 | AB66: {=IF($C66 <= AB$49, Y66, INDEX('1. Données d''entrée'!$I:$K, B46 + AC50 + AB51 + $B66, D48))} -> 0 | AD66: {=INDEX('1. Données d''entrée'!$I:$K, B46 + AH50 + AD51 + $B66, D48)} -> 0 | AE66: {=IF($C66 <= AE49, AD66, INDEX('1. Données d''entrée'!$I:$K, B46 + AH50 + AE51 + $B66, D48))} -> 0 | AF66: {=IF($C66 <= AF$49, AD66, INDEX('1. Données d''entrée'!$I:$K, B46 + AH50 + AF51 + $B66, D48))} -> 0 | AG66: {=IF($C66 <= AG$49, AD66, INDEX('1. Données d''entrée'!$I:$K, B46 + AH50 + AG51 + $B66, D48))} -> 0 | AK66: {=INDEX('1. Données d''entrée'!$I:$K, B46 + AO50 + AK51 + $B66, AJ48)} -> 0 | AL66: {=IF($C66 <= AL49, AK66, INDEX('1. Données d''entrée'!$I:$K, B46 + AO50 + AL51 + $B66, AJ48))} -> 0 | AM66: {=IF($C66 <= AM$49, AK66, INDEX('1. Données d''entrée'!$I:$K, B46 + AO50 + AM51 + $B66, AJ48))} -> 0 | AN66: {=IF($C66 <= AN$49, AK66, INDEX('1. Données d''entrée'!$I:$K, B46 + AO50 + AN51 + $B66, AJ48))} -> 0 | AP66: {=INDEX('1. Données d''entrée'!$I:$K, B46 + AT50 + AP51 + $B66, AJ48)} -> 0 | AQ66: {=IF($C66 <= AQ49, AP66, INDEX('1. Données d''entrée'!$I:$K, B46 + AT50 + AQ51 + $B66, AJ48))} -> 0 | AR66: {=IF($C66 <= AR$49, AP66, INDEX('1. Données d''entrée'!$I:$K, B46 + AT50 + AR51 + $B66, AJ48))} -> 0 | AS66: {=IF($C66 <= AS$49, AP66, INDEX('1. Données d''entrée'!$I:$K, B46 + AT50 + AS51 + $B66, AJ48))} -> 0 | AU66: {=INDEX('1. Données d''entrée'!$I:$K, B46 + AY50 + AU51 + $B66, AJ48)} -> 0 | AV66: {=IF($C66 <= AV49, AU66, INDEX('1. Données d''entrée'!$I:$K, B46 + AY50 + AV51 + $B66, AJ48))} -> 0 | AW66: {=IF($C66 <= AW$49, AU66, INDEX('1. Données d''entrée'!$I:$K, B46 + AY50 + AW51 + $B66, AJ48))} -> 0 | AX66: {=IF($C66 <= AX$49, AU66, INDEX('1. Données d''entrée'!$I:$K, B46 + AY50 + AX51 + $B66, AJ48))} -> 0 | AZ66: {=INDEX('1. Données d''entrée'!$I:$K, B46 + BD50 + AZ51 + $B66, AJ48)} -> 0 | BA66: {=IF($C66 <= BA49, AZ66, INDEX('1. Données d''entrée'!$I:$K, B46 + BD50 + BA51 + $B66, AJ48))} -> 0 | BB66: {=IF($C66 <= BB$49, AZ66, INDEX('1. Données d''entrée'!$I:$K, B46 + BD50 + BB51 + $B66, AJ48))} -> 0 | BC66: {=IF($C66 <= BC$49, AZ66, INDEX('1. Données d''entrée'!$I:$K, B46 + BD50 + BC51 + $B66, AJ48))} -> 0 | BE66: {=INDEX('1. Données d''entrée'!$I:$K, B46 + BI50 + BE51 + $B66, AJ48)} -> 0 | BF66: {=IF($C66 <= BF49, BE66, INDEX('1. Données d''entrée'!$I:$K, B46 + BI50 + BF51 + $B66, AJ48))} -> 0 | BG66: {=IF($C66 <= BG$49, BE66, INDEX('1. Données d''entrée'!$I:$K, B46 + BI50 + BG51 + $B66, AJ48))} -> 0 | BH66: {=IF($C66 <= BH$49, BE66, INDEX('1. Données d''entrée'!$I:$K, B46 + BI50 + BH51 + $B66, AJ48))} -> 0 | BJ66: {=INDEX('1. Données d''entrée'!$I:$K, B46 + BN50 + BJ51 + $B66, AJ48)} -> 0 | BK66: {=IF($C66 <= BK49, BJ66, INDEX('1. Données d''entrée'!$I:$K, B46 + BN50 + BK51 + $B66, AJ48))} -> 0 | BL66: {=IF($C66 <= BL$49, BJ66, INDEX('1. Données d''entrée'!$I:$K, B46 + BN50 + BL51 + $B66, AJ48))} -> 0 | BM66: {=IF($C66 <= BM$49, BJ66, INDEX('1. Données d''entrée'!$I:$K, B46 + BN50 + BM51 + $B66, AJ48))} -> 0 | BQ66: {=INDEX('1. Données d''entrée'!$I:$K, B46 + BU50 + BQ51 + $B66, BP48)} -> 0 | BR66: {=IF($C66 <= BR49, BQ66, INDEX('1. Données d''entrée'!$I:$K, B46 + BU50 + BR51 + $B66, BP48))} -> 0 | BS66: {=IF($C66 <= BS$49, BQ66, INDEX('1. Données d''entrée'!$I:$K, B46 + BU50 + BS51 + $B66, BP48))} -> 0 | BT66: {=IF($C66 <= BT$49, BQ66, INDEX('1. Données d''entrée'!$I:$K, B46 + BU50 + BT51 + $B66, BP48))} -> 0 | BV66: {=INDEX('1. Données d''entrée'!$I:$K, B46 + BZ50 + BV51 + $B66, BP48)} -> 0 | BW66: {=IF($C66 <= BW49, BV66, INDEX('1. Données d''entrée'!$I:$K, B46 + BZ50 + BW51 + $B66, BP48))} -> 0 | BX66: {=IF($C66 <= BX$49, BV66, INDEX('1. Données d''entrée'!$I:$K, B46 + BZ50 + BX51 + $B66, BP48))} -> 0 | BY66: {=IF($C66 <= BY$49, BV66, INDEX('1. Données d''entrée'!$I:$K, B46 + BZ50 + BY51 + $B66, BP48))} -> 0 | CA66: {=INDEX('1. Données d''entrée'!$I:$K, B46 + CE50 + CA51 + $B66, BP48)} -> 0 | CB66: {=IF($C66 <= CB49, CA66, INDEX('1. Données d''entrée'!$I:$K, B46 + CE50 + CB51 + $B66, BP48))} -> 0 | CC66: {=IF($C66 <= CC$49, CA66, INDEX('1. Données d''entrée'!$I:$K, B46 + CE50 + CC51 + $B66, BP48))} -> 0 | CD66: {=IF($C66 <= CD$49, CA66, INDEX('1. Données d''entrée'!$I:$K, B46 + CE50 + CD51 + $B66, BP48))} -> 0 | CF66: {=INDEX('1. Données d''entrée'!$I:$K, B46 + CJ50 + CF51 + $B66, BP48)} -> 0 | CG66: {=IF($C66 <= CG49, CF66, INDEX('1. Données d''entrée'!$I:$K, B46 + CJ50 + CG51 + $B66, BP48))} -> 0 | CH66: {=IF($C66 <= CH$49, CF66, INDEX('1. Données d''entrée'!$I:$K, B46 + CJ50 + CH51 + $B66, BP48))} -> 0 | CI66: {=IF($C66 <= CI$49, CF66, INDEX('1. Données d''entrée'!$I:$K, B46 + CJ50 + CI51 + $B66, BP48))} -> 0 | CK66: {=INDEX('1. Données d''entrée'!$I:$K, B46 + CO50 + CK51 + $B66, BP48)} -> 0 | CL66: {=IF($C66 <= CL49, CK66, INDEX('1. Données d''entrée'!$I:$K, B46 + CO50 + CL51 + $B66, BP48))} -> 0 | CM66: {=IF($C66 <= CM$49, CK66, INDEX('1. Données d''entrée'!$I:$K, B46 + CO50 + CM51 + $B66, BP48))} -> 0 | CN66: {=IF($C66 <= CN$49, CK66, INDEX('1. Données d''entrée'!$I:$K, B46 + CO50 + CN51 + $B66, BP48))} -> 0 | CP66: {=INDEX('1. Données d''entrée'!$I:$K, B46 + CT50 + CP51 + $B66, BP48)} -> 0 | CQ66: {=IF($C66 <= CQ49, CP66, INDEX('1. Données d''entrée'!$I:$K, B46 + CT50 + CQ51 + $B66, BP48))} -> 0 | CR66: {=IF($C66 <= CR$49, CP66, INDEX('1. Données d''entrée'!$I:$K, B46 + CT50 + CR51 + $B66, BP48))} -> 0 | CS66: {=IF($C66 <= CS$49, CP66, INDEX('1. Données d''entrée'!$I:$K, B46 + CT50 + CS51 + $B66, BP48))} -> 0
B67: 14 | C67: 2024 | E67: {=INDEX('1. Données d''entrée'!$I:$K, B46 + I50 + E51 + $B67, D48)} -> 0 | F67: {=IF($C67 <= F49, E67, INDEX('1. Données d''entrée'!$I:$K, B46 + I50 + F51 + $B67, D48))} -> 0 | G67: {=IF($C67 <= G$49, E67, INDEX('1. Données d''entrée'!$I:$K, B46 + I50 + G51 + $B67, D48))} -> 0 | H67: {=IF($C67 <= H$49, E67, INDEX('1. Données d''entrée'!$I:$K, B46 + I50 + H51 + $B67, D48))} -> 0 | J67: {=INDEX('1. Données d''entrée'!$I:$K, B46 + N50 + J51 + $B67, D48)} -> 0 | K67: {=IF($C67 <= K49, J67, INDEX('1. Données d''entrée'!$I:$K, B46 + N50 + K51 + $B67, D48))} -> 0 | L67: {=IF($C67 <= L$49, J67, INDEX('1. Données d''entrée'!$I:$K, B46 + N50 + L51 + $B67, D48))} -> 0 | M67: {=IF($C67 <= M$49, J67, INDEX('1. Données d''entrée'!$I:$K, B46 + N50 + M51 + $B67, D48))} -> 0 | O67: {=INDEX('1. Données d''entrée'!$I:$K, B46 + S50 + O51 + $B67, D48)} -> 0 | P67: {=IF($C67 <= P49, O67, INDEX('1. Données d''entrée'!$I:$K, B46 + S50 + P51 + $B67, D48))} -> 0 | Q67: {=IF($C67 <= Q$49, O67, INDEX('1. Données d''entrée'!$I:$K, B46 + S50 + Q51 + $B67, D48))} -> 0 | R67: {=IF($C67 <= R$49, O67, INDEX('1. Données d''entrée'!$I:$K, B46 + S50 + R51 + $B67, D48))} -> 0 | T67: {=INDEX('1. Données d''entrée'!$I:$K, B46 + X50 + T51 + $B67, D48)} -> 0 | U67: {=IF($C67 <= U49, T67, INDEX('1. Données d''entrée'!$I:$K, B46 + X50 + U51 + $B67, D48))} -> 0 | V67: {=IF($C67 <= V$49, T67, INDEX('1. Données d''entrée'!$I:$K, B46 + X50 + V51 + $B67, D48))} -> 0 | W67: {=IF($C67 <= W$49, T67, INDEX('1. Données d''entrée'!$I:$K, B46 + X50 + W51 + $B67, D48))} -> 0 | Y67: {=INDEX('1. Données d''entrée'!$I:$K, B46 + AC50 + Y51 + $B67, D48)} -> 0 | Z67: {=IF($C67 <= Z49, Y67, INDEX('1. Données d''entrée'!$I:$K, B46 + AC50 + Z51 + $B67, D48))} -> 0 | AA67: {=IF($C67 <= AA$49, Y67, INDEX('1. Données d''entrée'!$I:$K, B46 + AC50 + AA51 + $B67, D48))} -> 0 | AB67: {=IF($C67 <= AB$49, Y67, INDEX('1. Données d''entrée'!$I:$K, B46 + AC50 + AB51 + $B67, D48))} -> 0 | AD67: {=INDEX('1. Données d''entrée'!$I:$K, B46 + AH50 + AD51 + $B67, D48)} -> 0 | AE67: {=IF($C67 <= AE49, AD67, INDEX('1. Données d''entrée'!$I:$K, B46 + AH50 + AE51 + $B67, D48))} -> 0 | AF67: {=IF($C67 <= AF$49, AD67, INDEX('1. Données d''entrée'!$I:$K, B46 + AH50 + AF51 + $B67, D48))} -> 0 | AG67: {=IF($C67 <= AG$49, AD67, INDEX('1. Données d''entrée'!$I:$K, B46 + AH50 + AG51 + $B67, D48))} -> 0 | AK67: {=INDEX('1. Données d''entrée'!$I:$K, B46 + AO50 + AK51 + $B67, AJ48)} -> 0 | AL67: {=IF($C67 <= AL49, AK67, INDEX('1. Données d''entrée'!$I:$K, B46 + AO50 + AL51 + $B67, AJ48))} -> 0 | AM67: {=IF($C67 <= AM$49, AK67, INDEX('1. Données d''entrée'!$I:$K, B46 + AO50 + AM51 + $B67, AJ48))} -> 0 | AN67: {=IF($C67 <= AN$49, AK67, INDEX('1. Données d''entrée'!$I:$K, B46 + AO50 + AN51 + $B67, AJ48))} -> 0 | AP67: {=INDEX('1. Données d''entrée'!$I:$K, B46 + AT50 + AP51 + $B67, AJ48)} -> 0 | AQ67: {=IF($C67 <= AQ49, AP67, INDEX('1. Données d''entrée'!$I:$K, B46 + AT50 + AQ51 + $B67, AJ48))} -> 0 | AR67: {=IF($C67 <= AR$49, AP67, INDEX('1. Données d''entrée'!$I:$K, B46 + AT50 + AR51 + $B67, AJ48))} -> 0 | AS67: {=IF($C67 <= AS$49, AP67, INDEX('1. Données d''entrée'!$I:$K, B46 + AT50 + AS51 + $B67, AJ48))} -> 0 | AU67: {=INDEX('1. Données d''entrée'!$I:$K, B46 + AY50 + AU51 + $B67, AJ48)} -> 0 | AV67: {=IF($C67 <= AV49, AU67, INDEX('1. Données d''entrée'!$I:$K, B46 + AY50 + AV51 + $B67, AJ48))} -> 0 | AW67: {=IF($C67 <= AW$49, AU67, INDEX('1. Données d''entrée'!$I:$K, B46 + AY50 + AW51 + $B67, AJ48))} -> 0 | AX67: {=IF($C67 <= AX$49, AU67, INDEX('1. Données d''entrée'!$I:$K, B46 + AY50 + AX51 + $B67, AJ48))} -> 0 | AZ67: {=INDEX('1. Données d''entrée'!$I:$K, B46 + BD50 + AZ51 + $B67, AJ48)} -> 0 | BA67: {=IF($C67 <= BA49, AZ67, INDEX('1. Données d''entrée'!$I:$K, B46 + BD50 + BA51 + $B67, AJ48))} -> 0 | BB67: {=IF($C67 <= BB$49, AZ67, INDEX('1. Données d''entrée'!$I:$K, B46 + BD50 + BB51 + $B67, AJ48))} -> 0 | BC67: {=IF($C67 <= BC$49, AZ67, INDEX('1. Données d''entrée'!$I:$K, B46 + BD50 + BC51 + $B67, AJ48))} -> 0 | BE67: {=INDEX('1. Données d''entrée'!$I:$K, B46 + BI50 + BE51 + $B67, AJ48)} -> 0 | BF67: {=IF($C67 <= BF49, BE67, INDEX('1. Données d''entrée'!$I:$K, B46 + BI50 + BF51 + $B67, AJ48))} -> 0 | BG67: {=IF($C67 <= BG$49, BE67, INDEX('1. Données d''entrée'!$I:$K, B46 + BI50 + BG51 + $B67, AJ48))} -> 0 | BH67: {=IF($C67 <= BH$49, BE67, INDEX('1. Données d''entrée'!$I:$K, B46 + BI50 + BH51 + $B67, AJ48))} -> 0 | BJ67: {=INDEX('1. Données d''entrée'!$I:$K, B46 + BN50 + BJ51 + $B67, AJ48)} -> 0 | BK67: {=IF($C67 <= BK49, BJ67, INDEX('1. Données d''entrée'!$I:$K, B46 + BN50 + BK51 + $B67, AJ48))} -> 0 | BL67: {=IF($C67 <= BL$49, BJ67, INDEX('1. Données d''entrée'!$I:$K, B46 + BN50 + BL51 + $B67, AJ48))} -> 0 | BM67: {=IF($C67 <= BM$49, BJ67, INDEX('1. Données d''entrée'!$I:$K, B46 + BN50 + BM51 + $B67, AJ48))} -> 0 | BQ67: {=INDEX('1. Données d''entrée'!$I:$K, B46 + BU50 + BQ51 + $B67, BP48)} -> 0 | BR67: {=IF($C67 <= BR49, BQ67, INDEX('1. Données d''entrée'!$I:$K, B46 + BU50 + BR51 + $B67, BP48))} -> 0 | BS67: {=IF($C67 <= BS$49, BQ67, INDEX('1. Données d''entrée'!$I:$K, B46 + BU50 + BS51 + $B67, BP48))} -> 0 | BT67: {=IF($C67 <= BT$49, BQ67, INDEX('1. Données d''entrée'!$I:$K, B46 + BU50 + BT51 + $B67, BP48))} -> 0 | BV67: {=INDEX('1. Données d''entrée'!$I:$K, B46 + BZ50 + BV51 + $B67, BP48)} -> 0 | BW67: {=IF($C67 <= BW49, BV67, INDEX('1. Données d''entrée'!$I:$K, B46 + BZ50 + BW51 + $B67, BP48))} -> 0 | BX67: {=IF($C67 <= BX$49, BV67, INDEX('1. Données d''entrée'!$I:$K, B46 + BZ50 + BX51 + $B67, BP48))} -> 0 | BY67: {=IF($C67 <= BY$49, BV67, INDEX('1. Données d''entrée'!$I:$K, B46 + BZ50 + BY51 + $B67, BP48))} -> 0 | CA67: {=INDEX('1. Données d''entrée'!$I:$K, B46 + CE50 + CA51 + $B67, BP48)} -> 0 | CB67: {=IF($C67 <= CB49, CA67, INDEX('1. Données d''entrée'!$I:$K, B46 + CE50 + CB51 + $B67, BP48))} -> 0 | CC67: {=IF($C67 <= CC$49, CA67, INDEX('1. Données d''entrée'!$I:$K, B46 + CE50 + CC51 + $B67, BP48))} -> 0 | CD67: {=IF($C67 <= CD$49, CA67, INDEX('1. Données d''entrée'!$I:$K, B46 + CE50 + CD51 + $B67, BP48))} -> 0 | CF67: {=INDEX('1. Données d''entrée'!$I:$K, B46 + CJ50 + CF51 + $B67, BP48)} -> 0 | CG67: {=IF($C67 <= CG49, CF67, INDEX('1. Données d''entrée'!$I:$K, B46 + CJ50 + CG51 + $B67, BP48))} -> 0 | CH67: {=IF($C67 <= CH$49, CF67, INDEX('1. Données d''entrée'!$I:$K, B46 + CJ50 + CH51 + $B67, BP48))} -> 0 | CI67: {=IF($C67 <= CI$49, CF67, INDEX('1. Données d''entrée'!$I:$K, B46 + CJ50 + CI51 + $B67, BP48))} -> 0 | CK67: {=INDEX('1. Données d''entrée'!$I:$K, B46 + CO50 + CK51 + $B67, BP48)} -> 0 | CL67: {=IF($C67 <= CL49, CK67, INDEX('1. Données d''entrée'!$I:$K, B46 + CO50 + CL51 + $B67, BP48))} -> 0 | CM67: {=IF($C67 <= CM$49, CK67, INDEX('1. Données d''entrée'!$I:$K, B46 + CO50 + CM51 + $B67, BP48))} -> 0 | CN67: {=IF($C67 <= CN$49, CK67, INDEX('1. Données d''entrée'!$I:$K, B46 + CO50 + CN51 + $B67, BP48))} -> 0 | CP67: {=INDEX('1. Données d''entrée'!$I:$K, B46 + CT50 + CP51 + $B67, BP48)} -> 0 | CQ67: {=IF($C67 <= CQ49, CP67, INDEX('1. Données d''entrée'!$I:$K, B46 + CT50 + CQ51 + $B67, BP48))} -> 0 | CR67: {=IF($C67 <= CR$49, CP67, INDEX('1. Données d''entrée'!$I:$K, B46 + CT50 + CR51 + $B67, BP48))} -> 0 | CS67: {=IF($C67 <= CS$49, CP67, INDEX('1. Données d''entrée'!$I:$K, B46 + CT50 + CS51 + $B67, BP48))} -> 0
C68: 2025 | E68: 2896.2379 | J68: 0.19237207 | O68: 9.4912336 | T68: 0.26026864 | Y68: 2.7102642 | AD68: 11.656147
B69: 16 | C69: 2026 | F69: {=IF($C69 <= F49, E69, INDEX('1. Données d''entrée'!$I:$K, B46 + I50 + F51 + $B69, D48))} -> 0 | G69: {=IF($C69 <= G$49, E69, INDEX('1. Données d''entrée'!$I:$K, B46 + I50 + G51 + $B69, D48))} -> 0 | H69: {=IF($C69 <= H$49, E69, INDEX('1. Données d''entrée'!$I:$K, B46 + I50 + H51 + $B69, D48))} -> 0 | K69: {=IF($C69 <= K49, J69, INDEX('1. Données d''entrée'!$I:$K, B46 + N50 + K51 + $B69, D48))} -> 0 | L69: {=IF($C69 <= L$49, J69, INDEX('1. Données d''entrée'!$I:$K, B46 + N50 + L51 + $B69, D48))} -> 0 | M69: {=IF($C69 <= M$49, J69, INDEX('1. Données d''entrée'!$I:$K, B46 + N50 + M51 + $B69, D48))} -> 0 | P69: {=IF($C69 <= P49, O69, INDEX('1. Données d''entrée'!$I:$K, B46 + S50 + P51 + $B69, D48))} -> 0 | Q69: {=IF($C69 <= Q$49, O69, INDEX('1. Données d''entrée'!$I:$K, B46 + S50 + Q51 + $B69, D48))} -> 0 | R69: {=IF($C69 <= R$49, O69, INDEX('1. Données d''entrée'!$I:$K, B46 + S50 + R51 + $B69, D48))} -> 0 | U69: {=IF($C69 <= U49, T69, INDEX('1. Données d''entrée'!$I:$K, B46 + X50 + U51 + $B69, D48))} -> 0 | V69: {=IF($C69 <= V$49, T69, INDEX('1. Données d''entrée'!$I:$K, B46 + X50 + V51 + $B69, D48))} -> 0 | W69: {=IF($C69 <= W$49, T69, INDEX('1. Données d''entrée'!$I:$K, B46 + X50 + W51 + $B69, D48))} -> 0 | Z69: {=IF($C69 <= Z49, Y69, INDEX('1. Données d''entrée'!$I:$K, B46 + AC50 + Z51 + $B69, D48))} -> 0 | AA69: {=IF($C69 <= AA$49, Y69, INDEX('1. Données d''entrée'!$I:$K, B46 + AC50 + AA51 + $B69, D48))} -> 0 | AB69: {=IF($C69 <= AB$49, Y69, INDEX('1. Données d''entrée'!$I:$K, B46 + AC50 + AB51 + $B69, D48))} -> 0 | AE69: {=IF($C69 <= AE49, AD69, INDEX('1. Données d''entrée'!$I:$K, B46 + AH50 + AE51 + $B69, D48))} -> 0 | AF69: {=IF($C69 <= AF$49, AD69, INDEX('1. Données d''entrée'!$I:$K, B46 + AH50 + AF51 + $B69, D48))} -> 0 | AG69: {=IF($C69 <= AG$49, AD69, INDEX('1. Données d''entrée'!$I:$K, B46 + AH50 + AG51 + $B69, D48))} -> 0 | AK69: {=INDEX('1. Données d''entrée'!$I:$K, B46 + AO50 + AK51 + $B69, AJ48)} -> 0 | AL69: {=IF($C69 <= AL49, AK69, INDEX('1. Données d''entrée'!$I:$K, B46 + AO50 + AL51 + $B69, AJ48))} -> 0 | AM69: {=IF($C69 <= AM$49, AK69, INDEX('1. Données d''entrée'!$I:$K, B46 + AO50 + AM51 + $B69, AJ48))} -> 0 | AN69: {=IF($C69 <= AN$49, AK69, INDEX('1. Données d''entrée'!$I:$K, B46 + AO50 + AN51 + $B69, AJ48))} -> 0 | AP69: {=INDEX('1. Données d''entrée'!$I:$K, B46 + AT50 + AP51 + $B69, AJ48)} -> 0 | AQ69: {=IF($C69 <= AQ49, AP69, INDEX('1. Données d''entrée'!$I:$K, B46 + AT50 + AQ51 + $B69, AJ48))} -> 0 | AR69: {=IF($C69 <= AR$49, AP69, INDEX('1. Données d''entrée'!$I:$K, B46 + AT50 + AR51 + $B69, AJ48))} -> 0 | AS69: {=IF($C69 <= AS$49, AP69, INDEX('1. Données d''entrée'!$I:$K, B46 + AT50 + AS51 + $B69, AJ48))} -> 0 | AU69: {=INDEX('1. Données d''entrée'!$I:$K, B46 + AY50 + AU51 + $B69, AJ48)} -> 0 | AV69: {=IF($C69 <= AV49, AU69, INDEX('1. Données d''entrée'!$I:$K, B46 + AY50 + AV51 + $B69, AJ48))} -> 0 | AW69: {=IF($C69 <= AW$49, AU69, INDEX('1. Données d''entrée'!$I:$K, B46 + AY50 + AW51 + $B69, AJ48))} -> 0 | AX69: {=IF($C69 <= AX$49, AU69, INDEX('1. Données d''entrée'!$I:$K, B46 + AY50 + AX51 + $B69, AJ48))} -> 0 | AZ69: {=INDEX('1. Données d''entrée'!$I:$K, B46 + BD50 + AZ51 + $B69, AJ48)} -> 0 | BA69: {=IF($C69 <= BA49, AZ69, INDEX('1. Données d''entrée'!$I:$K, B46 + BD50 + BA51 + $B69, AJ48))} -> 0 | BB69: {=IF($C69 <= BB$49, AZ69, INDEX('1. Données d''entrée'!$I:$K, B46 + BD50 + BB51 + $B69, AJ48))} -> 0 | BC69: {=IF($C69 <= BC$49, AZ69, INDEX('1. Données d''entrée'!$I:$K, B46 + BD50 + BC51 + $B69, AJ48))} -> 0 | BE69: {=INDEX('1. Données d''entrée'!$I:$K, B46 + BI50 + BE51 + $B69, AJ48)} -> 0 | BF69: {=IF($C69 <= BF49, BE69, INDEX('1. Données d''entrée'!$I:$K, B46 + BI50 + BF51 + $B69, AJ48))} -> 0 | BG69: {=IF($C69 <= BG$49, BE69, INDEX('1. Données d''entrée'!$I:$K, B46 + BI50 + BG51 + $B69, AJ48))} -> 0 | BH69: {=IF($C69 <= BH$49, BE69, INDEX('1. Données d''entrée'!$I:$K, B46 + BI50 + BH51 + $B69, AJ48))} -> 0 | BJ69: {=INDEX('1. Données d''entrée'!$I:$K, B46 + BN50 + BJ51 + $B69, AJ48)} -> 0 | BK69: {=IF($C69 <= BK49, BJ69, INDEX('1. Données d''entrée'!$I:$K, B46 + BN50 + BK51 + $B69, AJ48))} -> 0 | BL69: {=IF($C69 <= BL$49, BJ69, INDEX('1. Données d''entrée'!$I:$K, B46 + BN50 + BL51 + $B69, AJ48))} -> 0 | BM69: {=IF($C69 <= BM$49, BJ69, INDEX('1. Données d''entrée'!$I:$K, B46 + BN50 + BM51 + $B69, AJ48))} -> 0 | BQ69: {=INDEX('1. Données d''entrée'!$I:$K, B46 + BU50 + BQ51 + $B69, BP48)} -> 0 | BR69: {=IF($C69 <= BR49, BQ69, INDEX('1. Données d''entrée'!$I:$K, B46 + BU50 + BR51 + $B69, BP48))} -> 0 | BS69: {=IF($C69 <= BS$49, BQ69, INDEX('1. Données d''entrée'!$I:$K, B46 + BU50 + BS51 + $B69, BP48))} -> 0 | BT69: {=IF($C69 <= BT$49, BQ69, INDEX('1. Données d''entrée'!$I:$K, B46 + BU50 + BT51 + $B69, BP48))} -> 0 | BV69: {=INDEX('1. Données d''entrée'!$I:$K, B46 + BZ50 + BV51 + $B69, BP48)} -> 0 | BW69: {=IF($C69 <= BW49, BV69, INDEX('1. Données d''entrée'!$I:$K, B46 + BZ50 + BW51 + $B69, BP48))} -> 0 | BX69: {=IF($C69 <= BX$49, BV69, INDEX('1. Données d''entrée'!$I:$K, B46 + BZ50 + BX51 + $B69, BP48))} -> 0 | BY69: {=IF($C69 <= BY$49, BV69, INDEX('1. Données d''entrée'!$I:$K, B46 + BZ50 + BY51 + $B69, BP48))} -> 0 | CA69: {=INDEX('1. Données d''entrée'!$I:$K, B46 + CE50 + CA51 + $B69, BP48)} -> 0 | CB69: {=IF($C69 <= CB49, CA69, INDEX('1. Données d''entrée'!$I:$K, B46 + CE50 + CB51 + $B69, BP48))} -> 0 | CC69: {=IF($C69 <= CC$49, CA69, INDEX('1. Données d''entrée'!$I:$K, B46 + CE50 + CC51 + $B69, BP48))} -> 0 | CD69: {=IF($C69 <= CD$49, CA69, INDEX('1. Données d''entrée'!$I:$K, B46 + CE50 + CD51 + $B69, BP48))} -> 0 | CF69: {=INDEX('1. Données d''entrée'!$I:$K, B46 + CJ50 + CF51 + $B69, BP48)} -> 0 | CG69: {=IF($C69 <= CG49, CF69, INDEX('1. Données d''entrée'!$I:$K, B46 + CJ50 + CG51 + $B69, BP48))} -> 0 | CH69: {=IF($C69 <= CH$49, CF69, INDEX('1. Données d''entrée'!$I:$K, B46 + CJ50 + CH51 + $B69, BP48))} -> 0 | CI69: {=IF($C69 <= CI$49, CF69, INDEX('1. Données d''entrée'!$I:$K, B46 + CJ50 + CI51 + $B69, BP48))} -> 0 | CK69: {=INDEX('1. Données d''entrée'!$I:$K, B46 + CO50 + CK51 + $B69, BP48)} -> 0 | CL69: {=IF($C69 <= CL49, CK69, INDEX('1. Données d''entrée'!$I:$K, B46 + CO50 + CL51 + $B69, BP48))} -> 0 | CM69: {=IF($C69 <= CM$49, CK69, INDEX('1. Données d''entrée'!$I:$K, B46 + CO50 + CM51 + $B69, BP48))} -> 0 | CN69: {=IF($C69 <= CN$49, CK69, INDEX('1. Données d''entrée'!$I:$K, B46 + CO50 + CN51 + $B69, BP48))} -> 0 | CP69: {=INDEX('1. Données d''entrée'!$I:$K, B46 + CT50 + CP51 + $B69, BP48)} -> 0 | CQ69: {=IF($C69 <= CQ49, CP69, INDEX('1. Données d''entrée'!$I:$K, B46 + CT50 + CQ51 + $B69, BP48))} -> 0 | CR69: {=IF($C69 <= CR$49, CP69, INDEX('1. Données d''entrée'!$I:$K, B46 + CT50 + CR51 + $B69, BP48))} -> 0 | CS69: {=IF($C69 <= CS$49, CP69, INDEX('1. Données d''entrée'!$I:$K, B46 + CT50 + CS51 + $B69, BP48))} -> 0
B70: 17 | C70: 2027 | E70: {=INDEX('1. Données d''entrée'!$I:$K, B46 + I50 + E51 + $B70, D48)} -> 0 | F70: 3041.0498 | G70: 6761.9611 | H70: {=IF($C70 <= H$49, E70, INDEX('1. Données d''entrée'!$I:$K, B46 + I50 + H51 + $B70, D48))} -> 0 | J70: {=INDEX('1. Données d''entrée'!$I:$K, B46 + N50 + J51 + $B70, D48)} -> 0 | K70: 0.20199067 | L70: 0.44394311 | M70: {=IF($C70 <= M$49, J70, INDEX('1. Données d''entrée'!$I:$K, B46 + N50 + M51 + $B70, D48))} -> 0 | O70: {=INDEX('1. Données d''entrée'!$I:$K, B46 + S50 + O51 + $B70, D48)} -> 0 | P70: 9.9657953 | Q70: 21.912792 | R70: {=IF($C70 <= R$49, O70, INDEX('1. Données d''entrée'!$I:$K, B46 + S50 + R51 + $B70, D48))} -> 0 | T70: {=INDEX('1. Données d''entrée'!$I:$K, B46 + X50 + T51 + $B70, D48)} -> 0 | U70: 0.27328207 | V70: 0.585335 | W70: {=IF($C70 <= W$49, T70, INDEX('1. Données d''entrée'!$I:$K, B46 + X50 + W51 + $B70, D48))} -> 0 | Y70: {=INDEX('1. Données d''entrée'!$I:$K, B46 + AC50 + Y51 + $B70, D48)} -> 0 | Z70: 2.8457774 | AA70: 6.3329848 | AB70: {=IF($C70 <= AB$49, Y70, INDEX('1. Données d''entrée'!$I:$K, B46 + AC50 + AB51 + $B70, D48))} -> 0 | AD70: {=INDEX('1. Données d''entrée'!$I:$K, B46 + AH50 + AD51 + $B70, D48)} -> 0 | AE70: 12.238955 | AF70: 27.208124 | AG70: {=IF($C70 <= AG$49, AD70, INDEX('1. Données d''entrée'!$I:$K, B46 + AH50 + AG51 + $B70, D48))} -> 0 | AK70: {=INDEX('1. Données d''entrée'!$I:$K, B46 + AO50 + AK51 + $B70, AJ48)} -> 0 | AL70: {=IF($C70 <= AL49, AK70, INDEX('1. Données d''entrée'!$I:$K, B46 + AO50 + AL51 + $B70, AJ48))} -> 0 | AM70: {=IF($C70 <= AM$49, AK70, INDEX('1. Données d''entrée'!$I:$K, B46 + AO50 + AM51 + $B70, AJ48))} -> 0 | AN70: {=IF($C70 <= AN$49, AK70, INDEX('1. Données d''entrée'!$I:$K, B46 + AO50 + AN51 + $B70, AJ48))} -> 0 | AP70: {=INDEX('1. Données d''entrée'!$I:$K, B46 + AT50 + AP51 + $B70, AJ48)} -> 0 | AQ70: {=IF($C70 <= AQ49, AP70, INDEX('1. Données d''entrée'!$I:$K, B46 + AT50 + AQ51 + $B70, AJ48))} -> 0 | AR70: {=IF($C70 <= AR$49, AP70, INDEX('1. Données d''entrée'!$I:$K, B46 + AT50 + AR51 + $B70, AJ48))} -> 0 | AS70: {=IF($C70 <= AS$49, AP70, INDEX('1. Données d''entrée'!$I:$K, B46 + AT50 + AS51 + $B70, AJ48))} -> 0 | AU70: {=INDEX('1. Données d''entrée'!$I:$K, B46 + AY50 + AU51 + $B70, AJ48)} -> 0 | AV70: {=IF($C70 <= AV49, AU70, INDEX('1. Données d''entrée'!$I:$K, B46 + AY50 + AV51 + $B70, AJ48))} -> 0 | AW70: {=IF($C70 <= AW$49, AU70, INDEX('1. Données d''entrée'!$I:$K, B46 + AY50 + AW51 + $B70, AJ48))} -> 0 | AX70: {=IF($C70 <= AX$49, AU70, INDEX('1. Données d''entrée'!$I:$K, B46 + AY50 + AX51 + $B70, AJ48))} -> 0 | AZ70: {=INDEX('1. Données d''entrée'!$I:$K, B46 + BD50 + AZ51 + $B70, AJ48)} -> 0 | BA70: {=IF($C70 <= BA49, AZ70, INDEX('1. Données d''entrée'!$I:$K, B46 + BD50 + BA51 + $B70, AJ48))} -> 0 | BB70: {=IF($C70 <= BB$49, AZ70, INDEX('1. Données d''entrée'!$I:$K, B46 + BD50 + BB51 + $B70, AJ48))} -> 0 | BC70: {=IF($C70 <= BC$49, AZ70, INDEX('1. Données d''entrée'!$I:$K, B46 + BD50 + BC51 + $B70, AJ48))} -> 0 | BE70: {=INDEX('1. Données d''entrée'!$I:$K, B46 + BI50 + BE51 + $B70, AJ48)} -> 0 | BF70: {=IF($C70 <= BF49, BE70, INDEX('1. Données d''entrée'!$I:$K, B46 + BI50 + BF51 + $B70, AJ48))} -> 0 | BG70: {=IF($C70 <= BG$49, BE70, INDEX('1. Données d''entrée'!$I:$K, B46 + BI50 + BG51 + $B70, AJ48))} -> 0 | BH70: {=IF($C70 <= BH$49, BE70, INDEX('1. Données d''entrée'!$I:$K, B46 + BI50 + BH51 + $B70, AJ48))} -> 0 | BJ70: {=INDEX('1. Données d''entrée'!$I:$K, B46 + BN50 + BJ51 + $B70, AJ48)} -> 0 | BK70: {=IF($C70 <= BK49, BJ70, INDEX('1. Données d''entrée'!$I:$K, B46 + BN50 + BK51 + $B70, AJ48))} -> 0 | BL70: {=IF($C70 <= BL$49, BJ70, INDEX('1. Données d''entrée'!$I:$K, B46 + BN50 + BL51 + $B70, AJ48))} -> 0 | BM70: {=IF($C70 <= BM$49, BJ70, INDEX('1. Données d''entrée'!$I:$K, B46 + BN50 + BM51 + $B70, AJ48))} -> 0 | BQ70: {=INDEX('1. Données d''entrée'!$I:$K, B46 + BU50 + BQ51 + $B70, BP48)} -> 0 | BR70: {=IF($C70 <= BR49, BQ70, INDEX('1. Données d''entrée'!$I:$K, B46 + BU50 + BR51 + $B70, BP48))} -> 0 | BS70: {=IF($C70 <= BS$49, BQ70, INDEX('1. Données d''entrée'!$I:$K, B46 + BU50 + BS51 + $B70, BP48))} -> 0 | BT70: {=IF($C70 <= BT$49, BQ70, INDEX('1. Données d''entrée'!$I:$K, B46 + BU50 + BT51 + $B70, BP48))} -> 0 | BV70: {=INDEX('1. Données d''entrée'!$I:$K, B46 + BZ50 + BV51 + $B70, BP48)} -> 0 | BW70: {=IF($C70 <= BW49, BV70, INDEX('1. Données d''entrée'!$I:$K, B46 + BZ50 + BW51 + $B70, BP48))} -> 0 | BX70: {=IF($C70 <= BX$49, BV70, INDEX('1. Données d''entrée'!$I:$K, B46 + BZ50 + BX51 + $B70, BP48))} -> 0 | BY70: {=IF($C70 <= BY$49, BV70, INDEX('1. Données d''entrée'!$I:$K, B46 + BZ50 + BY51 + $B70, BP48))} -> 0 | CA70: {=INDEX('1. Données d''entrée'!$I:$K, B46 + CE50 + CA51 + $B70, BP48)} -> 0 | CB70: {=IF($C70 <= CB49, CA70, INDEX('1. Données d''entrée'!$I:$K, B46 + CE50 + CB51 + $B70, BP48))} -> 0 | CC70: {=IF($C70 <= CC$49, CA70, INDEX('1. Données d''entrée'!$I:$K, B46 + CE50 + CC51 + $B70, BP48))} -> 0 | CD70: {=IF($C70 <= CD$49, CA70, INDEX('1. Données d''entrée'!$I:$K, B46 + CE50 + CD51 + $B70, BP48))} -> 0 | CF70: {=INDEX('1. Données d''entrée'!$I:$K, B46 + CJ50 + CF51 + $B70, BP48)} -> 0 | CG70: {=IF($C70 <= CG49, CF70, INDEX('1. Données d''entrée'!$I:$K, B46 + CJ50 + CG51 + $B70, BP48))} -> 0 | CH70: {=IF($C70 <= CH$49, CF70, INDEX('1. Données d''entrée'!$I:$K, B46 + CJ50 + CH51 + $B70, BP48))} -> 0 | CI70: {=IF($C70 <= CI$49, CF70, INDEX('1. Données d''entrée'!$I:$K, B46 + CJ50 + CI51 + $B70, BP48))} -> 0 | CK70: {=INDEX('1. Données d''entrée'!$I:$K, B46 + CO50 + CK51 + $B70, BP48)} -> 0 | CL70: {=IF($C70 <= CL49, CK70, INDEX('1. Données d''entrée'!$I:$K, B46 + CO50 + CL51 + $B70, BP48))} -> 0 | CM70: {=IF($C70 <= CM$49, CK70, INDEX('1. Données d''entrée'!$I:$K, B46 + CO50 + CM51 + $B70, BP48))} -> 0 | CN70: {=IF($C70 <= CN$49, CK70, INDEX('1. Données d''entrée'!$I:$K, B46 + CO50 + CN51 + $B70, BP48))} -> 0 | CP70: {=INDEX('1. Données d''entrée'!$I:$K, B46 + CT50 + CP51 + $B70, BP48)} -> 0 | CQ70: {=IF($C70 <= CQ49, CP70, INDEX('1. Données d''entrée'!$I:$K, B46 + CT50 + CQ51 + $B70, BP48))} -> 0 | CR70: {=IF($C70 <= CR$49, CP70, INDEX('1. Données d''entrée'!$I:$K, B46 + CT50 + CR51 + $B70, BP48))} -> 0 | CS70: {=IF($C70 <= CS$49, CP70, INDEX('1. Données d''entrée'!$I:$K, B46 + CT50 + CS51 + $B70, BP48))} -> 0
B71: 18 | C71: 2028 | E71: {=INDEX('1. Données d''entrée'!$I:$K, B46 + I50 + E51 + $B71, D48)} -> 0 | F71: {=IF($C71 <= F49, E71, INDEX('1. Données d''entrée'!$I:$K, B46 + I50 + F51 + $B71, D48))} -> 0 | G71: {=IF($C71 <= G$49, E71, INDEX('1. Données d''entrée'!$I:$K, B46 + I50 + G51 + $B71, D48))} -> 0 | H71: {=IF($C71 <= H$49, E71, INDEX('1. Données d''entrée'!$I:$K, B46 + I50 + H51 + $B71, D48))} -> 0 | J71: {=INDEX('1. Données d''entrée'!$I:$K, B46 + N50 + J51 + $B71, D48)} -> 0 | K71: {=IF($C71 <= K49, J71, INDEX('1. Données d''entrée'!$I:$K, B46 + N50 + K51 + $B71, D48))} -> 0 | L71: {=IF($C71 <= L$49, J71, INDEX('1. Données d''entrée'!$I:$K, B46 + N50 + L51 + $B71, D48))} -> 0 | M71: {=IF($C71 <= M$49, J71, INDEX('1. Données d''entrée'!$I:$K, B46 + N50 + M51 + $B71, D48))} -> 0 | O71: {=INDEX('1. Données d''entrée'!$I:$K, B46 + S50 + O51 + $B71, D48)} -> 0 | P71: {=IF($C71 <= P49, O71, INDEX('1. Données d''entrée'!$I:$K, B46 + S50 + P51 + $B71, D48))} -> 0 | Q71: {=IF($C71 <= Q$49, O71, INDEX('1. Données d''entrée'!$I:$K, B46 + S50 + Q51 + $B71, D48))} -> 0 | R71: {=IF($C71 <= R$49, O71, INDEX('1. Données d''entrée'!$I:$K, B46 + S50 + R51 + $B71, D48))} -> 0 | T71: {=INDEX('1. Données d''entrée'!$I:$K, B46 + X50 + T51 + $B71, D48)} -> 0 | U71: {=IF($C71 <= U49, T71, INDEX('1. Données d''entrée'!$I:$K, B46 + X50 + U51 + $B71, D48))} -> 0 | V71: {=IF($C71 <= V$49, T71, INDEX('1. Données d''entrée'!$I:$K, B46 + X50 + V51 + $B71, D48))} -> 0 | W71: {=IF($C71 <= W$49, T71, INDEX('1. Données d''entrée'!$I:$K, B46 + X50 + W51 + $B71, D48))} -> 0 | Y71: {=INDEX('1. Données d''entrée'!$I:$K, B46 + AC50 + Y51 + $B71, D48)} -> 0 | Z71: {=IF($C71 <= Z49, Y71, INDEX('1. Données d''entrée'!$I:$K, B46 + AC50 + Z51 + $B71, D48))} -> 0 | AA71: {=IF($C71 <= AA$49, Y71, INDEX('1. Données d''entrée'!$I:$K, B46 + AC50 + AA51 + $B71, D48))} -> 0 | AB71: {=IF($C71 <= AB$49, Y71, INDEX('1. Données d''entrée'!$I:$K, B46 + AC50 + AB51 + $B71, D48))} -> 0 | AD71: {=INDEX('1. Données d''entrée'!$I:$K, B46 + AH50 + AD51 + $B71, D48)} -> 0 | AE71: {=IF($C71 <= AE49, AD71, INDEX('1. Données d''entrée'!$I:$K, B46 + AH50 + AE51 + $B71, D48))} -> 0 | AF71: {=IF($C71 <= AF$49, AD71, INDEX('1. Données d''entrée'!$I:$K, B46 + AH50 + AF51 + $B71, D48))} -> 0 | AG71: {=IF($C71 <= AG$49, AD71, INDEX('1. Données d''entrée'!$I:$K, B46 + AH50 + AG51 + $B71, D48))} -> 0 | AK71: {=INDEX('1. Données d''entrée'!$I:$K, B46 + AO50 + AK51 + $B71, AJ48)} -> 0 | AL71: {=IF($C71 <= AL49, AK71, INDEX('1. Données d''entrée'!$I:$K, B46 + AO50 + AL51 + $B71, AJ48))} -> 0 | AM71: {=IF($C71 <= AM$49, AK71, INDEX('1. Données d''entrée'!$I:$K, B46 + AO50 + AM51 + $B71, AJ48))} -> 0 | AN71: {=IF($C71 <= AN$49, AK71, INDEX('1. Données d''entrée'!$I:$K, B46 + AO50 + AN51 + $B71, AJ48))} -> 0 | AP71: {=INDEX('1. Données d''entrée'!$I:$K, B46 + AT50 + AP51 + $B71, AJ48)} -> 0 | AQ71: {=IF($C71 <= AQ49, AP71, INDEX('1. Données d''entrée'!$I:$K, B46 + AT50 + AQ51 + $B71, AJ48))} -> 0 | AR71: {=IF($C71 <= AR$49, AP71, INDEX('1. Données d''entrée'!$I:$K, B46 + AT50 + AR51 + $B71, AJ48))} -> 0 | AS71: {=IF($C71 <= AS$49, AP71, INDEX('1. Données d''entrée'!$I:$K, B46 + AT50 + AS51 + $B71, AJ48))} -> 0 | AU71: {=INDEX('1. Données d''entrée'!$I:$K, B46 + AY50 + AU51 + $B71, AJ48)} -> 0 | AV71: {=IF($C71 <= AV49, AU71, INDEX('1. Données d''entrée'!$I:$K, B46 + AY50 + AV51 + $B71, AJ48))} -> 0 | AW71: {=IF($C71 <= AW$49, AU71, INDEX('1. Données d''entrée'!$I:$K, B46 + AY50 + AW51 + $B71, AJ48))} -> 0 | AX71: {=IF($C71 <= AX$49, AU71, INDEX('1. Données d''entrée'!$I:$K, B46 + AY50 + AX51 + $B71, AJ48))} -> 0 | AZ71: {=INDEX('1. Données d''entrée'!$I:$K, B46 + BD50 + AZ51 + $B71, AJ48)} -> 0 | BA71: {=IF($C71 <= BA49, AZ71, INDEX('1. Données d''entrée'!$I:$K, B46 + BD50 + BA51 + $B71, AJ48))} -> 0 | BB71: {=IF($C71 <= BB$49, AZ71, INDEX('1. Données d''entrée'!$I:$K, B46 + BD50 + BB51 + $B71, AJ48))} -> 0 | BC71: {=IF($C71 <= BC$49, AZ71, INDEX('1. Données d''entrée'!$I:$K, B46 + BD50 + BC51 + $B71, AJ48))} -> 0 | BE71: {=INDEX('1. Données d''entrée'!$I:$K, B46 + BI50 + BE51 + $B71, AJ48)} -> 0 | BF71: {=IF($C71 <= BF49, BE71, INDEX('1. Données d''entrée'!$I:$K, B46 + BI50 + BF51 + $B71, AJ48))} -> 0 | BG71: {=IF($C71 <= BG$49, BE71, INDEX('1. Données d''entrée'!$I:$K, B46 + BI50 + BG51 + $B71, AJ48))} -> 0 | BH71: {=IF($C71 <= BH$49, BE71, INDEX('1. Données d''entrée'!$I:$K, B46 + BI50 + BH51 + $B71, AJ48))} -> 0 | BJ71: {=INDEX('1. Données d''entrée'!$I:$K, B46 + BN50 + BJ51 + $B71, AJ48)} -> 0 | BK71: {=IF($C71 <= BK49, BJ71, INDEX('1. Données d''entrée'!$I:$K, B46 + BN50 + BK51 + $B71, AJ48))} -> 0 | BL71: {=IF($C71 <= BL$49, BJ71, INDEX('1. Données d''entrée'!$I:$K, B46 + BN50 + BL51 + $B71, AJ48))} -> 0 | BM71: {=IF($C71 <= BM$49, BJ71, INDEX('1. Données d''entrée'!$I:$K, B46 + BN50 + BM51 + $B71, AJ48))} -> 0 | BQ71: {=INDEX('1. Données d''entrée'!$I:$K, B46 + BU50 + BQ51 + $B71, BP48)} -> 0 | BR71: {=IF($C71 <= BR49, BQ71, INDEX('1. Données d''entrée'!$I:$K, B46 + BU50 + BR51 + $B71, BP48))} -> 0 | BS71: {=IF($C71 <= BS$49, BQ71, INDEX('1. Données d''entrée'!$I:$K, B46 + BU50 + BS51 + $B71, BP48))} -> 0 | BT71: {=IF($C71 <= BT$49, BQ71, INDEX('1. Données d''entrée'!$I:$K, B46 + BU50 + BT51 + $B71, BP48))} -> 0 | BV71: {=INDEX('1. Données d''entrée'!$I:$K, B46 + BZ50 + BV51 + $B71, BP48)} -> 0 | BW71: {=IF($C71 <= BW49, BV71, INDEX('1. Données d''entrée'!$I:$K, B46 + BZ50 + BW51 + $B71, BP48))} -> 0 | BX71: {=IF($C71 <= BX$49, BV71, INDEX('1. Données d''entrée'!$I:$K, B46 + BZ50 + BX51 + $B71, BP48))} -> 0 | BY71: {=IF($C71 <= BY$49, BV71, INDEX('1. Données d''entrée'!$I:$K, B46 + BZ50 + BY51 + $B71, BP48))} -> 0 | CA71: {=INDEX('1. Données d''entrée'!$I:$K, B46 + CE50 + CA51 + $B71, BP48)} -> 0 | CB71: {=IF($C71 <= CB49, CA71, INDEX('1. Données d''entrée'!$I:$K, B46 + CE50 + CB51 + $B71, BP48))} -> 0 | CC71: {=IF($C71 <= CC$49, CA71, INDEX('1. Données d''entrée'!$I:$K, B46 + CE50 + CC51 + $B71, BP48))} -> 0 | CD71: {=IF($C71 <= CD$49, CA71, INDEX('1. Données d''entrée'!$I:$K, B46 + CE50 + CD51 + $B71, BP48))} -> 0 | CF71: {=INDEX('1. Données d''entrée'!$I:$K, B46 + CJ50 + CF51 + $B71, BP48)} -> 0 | CG71: {=IF($C71 <= CG49, CF71, INDEX('1. Données d''entrée'!$I:$K, B46 + CJ50 + CG51 + $B71, BP48))} -> 0 | CH71: {=IF($C71 <= CH$49, CF71, INDEX('1. Données d''entrée'!$I:$K, B46 + CJ50 + CH51 + $B71, BP48))} -> 0 | CI71: {=IF($C71 <= CI$49, CF71, INDEX('1. Données d''entrée'!$I:$K, B46 + CJ50 + CI51 + $B71, BP48))} -> 0 | CK71: {=INDEX('1. Données d''entrée'!$I:$K, B46 + CO50 + CK51 + $B71, BP48)} -> 0 | CL71: {=IF($C71 <= CL49, CK71, INDEX('1. Données d''entrée'!$I:$K, B46 + CO50 + CL51 + $B71, BP48))} -> 0 | CM71: {=IF($C71 <= CM$49, CK71, INDEX('1. Données d''entrée'!$I:$K, B46 + CO50 + CM51 + $B71, BP48))} -> 0 | CN71: {=IF($C71 <= CN$49, CK71, INDEX('1. Données d''entrée'!$I:$K, B46 + CO50 + CN51 + $B71, BP48))} -> 0 | CP71: {=INDEX('1. Données d''entrée'!$I:$K, B46 + CT50 + CP51 + $B71, BP48)} -> 0 | CQ71: {=IF($C71 <= CQ49, CP71, INDEX('1. Données d''entrée'!$I:$K, B46 + CT50 + CQ51 + $B71, BP48))} -> 0 | CR71: {=IF($C71 <= CR$49, CP71, INDEX('1. Données d''entrée'!$I:$K, B46 + CT50 + CR51 + $B71, BP48))} -> 0 | CS71: {=IF($C71 <= CS$49, CP71, INDEX('1. Données d''entrée'!$I:$K, B46 + CT50 + CS51 + $B71, BP48))} -> 0
B72: 19 | C72: 2029 | E72: {=INDEX('1. Données d''entrée'!$I:$K, B46 + I50 + E51 + $B72, D48)} -> 0 | F72: {=IF($C72 <= F49, E72, INDEX('1. Données d''entrée'!$I:$K, B46 + I50 + F51 + $B72, D48))} -> 0 | G72: {=IF($C72 <= G$49, E72, INDEX('1. Données d''entrée'!$I:$K, B46 + I50 + G51 + $B72, D48))} -> 0 | H72: {=IF($C72 <= H$49, E72, INDEX('1. Données d''entrée'!$I:$K, B46 + I50 + H51 + $B72, D48))} -> 0 | J72: {=INDEX('1. Données d''entrée'!$I:$K, B46 + N50 + J51 + $B72, D48)} -> 0 | K72: {=IF($C72 <= K49, J72, INDEX('1. Données d''entrée'!$I:$K, B46 + N50 + K51 + $B72, D48))} -> 0 | L72: {=IF($C72 <= L$49, J72, INDEX('1. Données d''entrée'!$I:$K, B46 + N50 + L51 + $B72, D48))} -> 0 | M72: {=IF($C72 <= M$49, J72, INDEX('1. Données d''entrée'!$I:$K, B46 + N50 + M51 + $B72, D48))} -> 0 | O72: {=INDEX('1. Données d''entrée'!$I:$K, B46 + S50 + O51 + $B72, D48)} -> 0 | P72: {=IF($C72 <= P49, O72, INDEX('1. Données d''entrée'!$I:$K, B46 + S50 + P51 + $B72, D48))} -> 0 | Q72: {=IF($C72 <= Q$49, O72, INDEX('1. Données d''entrée'!$I:$K, B46 + S50 + Q51 + $B72, D48))} -> 0 | R72: {=IF($C72 <= R$49, O72, INDEX('1. Données d''entrée'!$I:$K, B46 + S50 + R51 + $B72, D48))} -> 0 | T72: {=INDEX('1. Données d''entrée'!$I:$K, B46 + X50 + T51 + $B72, D48)} -> 0 | U72: {=IF($C72 <= U49, T72, INDEX('1. Données d''entrée'!$I:$K, B46 + X50 + U51 + $B72, D48))} -> 0 | V72: {=IF($C72 <= V$49, T72, INDEX('1. Données d''entrée'!$I:$K, B46 + X50 + V51 + $B72, D48))} -> 0 | W72: {=IF($C72 <= W$49, T72, INDEX('1. Données d''entrée'!$I:$K, B46 + X50 + W51 + $B72, D48))} -> 0 | Y72: {=INDEX('1. Données d''entrée'!$I:$K, B46 + AC50 + Y51 + $B72, D48)} -> 0 | Z72: {=IF($C72 <= Z49, Y72, INDEX('1. Données d''entrée'!$I:$K, B46 + AC50 + Z51 + $B72, D48))} -> 0 | AA72: {=IF($C72 <= AA$49, Y72, INDEX('1. Données d''entrée'!$I:$K, B46 + AC50 + AA51 + $B72, D48))} -> 0 | AB72: {=IF($C72 <= AB$49, Y72, INDEX('1. Données d''entrée'!$I:$K, B46 + AC50 + AB51 + $B72, D48))} -> 0 | AD72: {=INDEX('1. Données d''entrée'!$I:$K, B46 + AH50 + AD51 + $B72, D48)} -> 0 | AE72: {=IF($C72 <= AE49, AD72, INDEX('1. Données d''entrée'!$I:$K, B46 + AH50 + AE51 + $B72, D48))} -> 0 | AF72: {=IF($C72 <= AF$49, AD72, INDEX('1. Données d''entrée'!$I:$K, B46 + AH50 + AF51 + $B72, D48))} -> 0 | AG72: {=IF($C72 <= AG$49, AD72, INDEX('1. Données d''entrée'!$I:$K, B46 + AH50 + AG51 + $B72, D48))} -> 0 | AK72: {=INDEX('1. Données d''entrée'!$I:$K, B46 + AO50 + AK51 + $B72, AJ48)} -> 0 | AL72: {=IF($C72 <= AL49, AK72, INDEX('1. Données d''entrée'!$I:$K, B46 + AO50 + AL51 + $B72, AJ48))} -> 0 | AM72: {=IF($C72 <= AM$49, AK72, INDEX('1. Données d''entrée'!$I:$K, B46 + AO50 + AM51 + $B72, AJ48))} -> 0 | AN72: {=IF($C72 <= AN$49, AK72, INDEX('1. Données d''entrée'!$I:$K, B46 + AO50 + AN51 + $B72, AJ48))} -> 0 | AP72: {=INDEX('1. Données d''entrée'!$I:$K, B46 + AT50 + AP51 + $B72, AJ48)} -> 0 | AQ72: {=IF($C72 <= AQ49, AP72, INDEX('1. Données d''entrée'!$I:$K, B46 + AT50 + AQ51 + $B72, AJ48))} -> 0 | AR72: {=IF($C72 <= AR$49, AP72, INDEX('1. Données d''entrée'!$I:$K, B46 + AT50 + AR51 + $B72, AJ48))} -> 0 | AS72: {=IF($C72 <= AS$49, AP72, INDEX('1. Données d''entrée'!$I:$K, B46 + AT50 + AS51 + $B72, AJ48))} -> 0 | AU72: {=INDEX('1. Données d''entrée'!$I:$K, B46 + AY50 + AU51 + $B72, AJ48)} -> 0 | AV72: {=IF($C72 <= AV49, AU72, INDEX('1. Données d''entrée'!$I:$K, B46 + AY50 + AV51 + $B72, AJ48))} -> 0 | AW72: {=IF($C72 <= AW$49, AU72, INDEX('1. Données d''entrée'!$I:$K, B46 + AY50 + AW51 + $B72, AJ48))} -> 0 | AX72: {=IF($C72 <= AX$49, AU72, INDEX('1. Données d''entrée'!$I:$K, B46 + AY50 + AX51 + $B72, AJ48))} -> 0 | AZ72: {=INDEX('1. Données d''entrée'!$I:$K, B46 + BD50 + AZ51 + $B72, AJ48)} -> 0 | BA72: {=IF($C72 <= BA49, AZ72, INDEX('1. Données d''entrée'!$I:$K, B46 + BD50 + BA51 + $B72, AJ48))} -> 0 | BB72: {=IF($C72 <= BB$49, AZ72, INDEX('1. Données d''entrée'!$I:$K, B46 + BD50 + BB51 + $B72, AJ48))} -> 0 | BC72: {=IF($C72 <= BC$49, AZ72, INDEX('1. Données d''entrée'!$I:$K, B46 + BD50 + BC51 + $B72, AJ48))} -> 0 | BE72: {=INDEX('1. Données d''entrée'!$I:$K, B46 + BI50 + BE51 + $B72, AJ48)} -> 0 | BF72: {=IF($C72 <= BF49, BE72, INDEX('1. Données d''entrée'!$I:$K, B46 + BI50 + BF51 + $B72, AJ48))} -> 0 | BG72: {=IF($C72 <= BG$49, BE72, INDEX('1. Données d''entrée'!$I:$K, B46 + BI50 + BG51 + $B72, AJ48))} -> 0 | BH72: {=IF($C72 <= BH$49, BE72, INDEX('1. Données d''entrée'!$I:$K, B46 + BI50 + BH51 + $B72, AJ48))} -> 0 | BJ72: {=INDEX('1. Données d''entrée'!$I:$K, B46 + BN50 + BJ51 + $B72, AJ48)} -> 0 | BK72: {=IF($C72 <= BK49, BJ72, INDEX('1. Données d''entrée'!$I:$K, B46 + BN50 + BK51 + $B72, AJ48))} -> 0 | BL72: {=IF($C72 <= BL$49, BJ72, INDEX('1. Données d''entrée'!$I:$K, B46 + BN50 + BL51 + $B72, AJ48))} -> 0 | BM72: {=IF($C72 <= BM$49, BJ72, INDEX('1. Données d''entrée'!$I:$K, B46 + BN50 + BM51 + $B72, AJ48))} -> 0 | BQ72: {=INDEX('1. Données d''entrée'!$I:$K, B46 + BU50 + BQ51 + $B72, BP48)} -> 0 | BR72: {=IF($C72 <= BR49, BQ72, INDEX('1. Données d''entrée'!$I:$K, B46 + BU50 + BR51 + $B72, BP48))} -> 0 | BS72: {=IF($C72 <= BS$49, BQ72, INDEX('1. Données d''entrée'!$I:$K, B46 + BU50 + BS51 + $B72, BP48))} -> 0 | BT72: {=IF($C72 <= BT$49, BQ72, INDEX('1. Données d''entrée'!$I:$K, B46 + BU50 + BT51 + $B72, BP48))} -> 0 | BV72: {=INDEX('1. Données d''entrée'!$I:$K, B46 + BZ50 + BV51 + $B72, BP48)} -> 0 | BW72: {=IF($C72 <= BW49, BV72, INDEX('1. Données d''entrée'!$I:$K, B46 + BZ50 + BW51 + $B72, BP48))} -> 0 | BX72: {=IF($C72 <= BX$49, BV72, INDEX('1. Données d''entrée'!$I:$K, B46 + BZ50 + BX51 + $B72, BP48))} -> 0 | BY72: {=IF($C72 <= BY$49, BV72, INDEX('1. Données d''entrée'!$I:$K, B46 + BZ50 + BY51 + $B72, BP48))} -> 0 | CA72: {=INDEX('1. Données d''entrée'!$I:$K, B46 + CE50 + CA51 + $B72, BP48)} -> 0 | CB72: {=IF($C72 <= CB49, CA72, INDEX('1. Données d''entrée'!$I:$K, B46 + CE50 + CB51 + $B72, BP48))} -> 0 | CC72: {=IF($C72 <= CC$49, CA72, INDEX('1. Données d''entrée'!$I:$K, B46 + CE50 + CC51 + $B72, BP48))} -> 0 | CD72: {=IF($C72 <= CD$49, CA72, INDEX('1. Données d''entrée'!$I:$K, B46 + CE50 + CD51 + $B72, BP48))} -> 0 | CF72: {=INDEX('1. Données d''entrée'!$I:$K, B46 + CJ50 + CF51 + $B72, BP48)} -> 0 | CG72: {=IF($C72 <= CG49, CF72, INDEX('1. Données d''entrée'!$I:$K, B46 + CJ50 + CG51 + $B72, BP48))} -> 0 | CH72: {=IF($C72 <= CH$49, CF72, INDEX('1. Données d''entrée'!$I:$K, B46 + CJ50 + CH51 + $B72, BP48))} -> 0 | CI72: {=IF($C72 <= CI$49, CF72, INDEX('1. Données d''entrée'!$I:$K, B46 + CJ50 + CI51 + $B72, BP48))} -> 0 | CK72: {=INDEX('1. Données d''entrée'!$I:$K, B46 + CO50 + CK51 + $B72, BP48)} -> 0 | CL72: {=IF($C72 <= CL49, CK72, INDEX('1. Données d''entrée'!$I:$K, B46 + CO50 + CL51 + $B72, BP48))} -> 0 | CM72: {=IF($C72 <= CM$49, CK72, INDEX('1. Données d''entrée'!$I:$K, B46 + CO50 + CM51 + $B72, BP48))} -> 0 | CN72: {=IF($C72 <= CN$49, CK72, INDEX('1. Données d''entrée'!$I:$K, B46 + CO50 + CN51 + $B72, BP48))} -> 0 | CP72: {=INDEX('1. Données d''entrée'!$I:$K, B46 + CT50 + CP51 + $B72, BP48)} -> 0 | CQ72: {=IF($C72 <= CQ49, CP72, INDEX('1. Données d''entrée'!$I:$K, B46 + CT50 + CQ51 + $B72, BP48))} -> 0 | CR72: {=IF($C72 <= CR$49, CP72, INDEX('1. Données d''entrée'!$I:$K, B46 + CT50 + CR51 + $B72, BP48))} -> 0 | CS72: {=IF($C72 <= CS$49, CP72, INDEX('1. Données d''entrée'!$I:$K, B46 + CT50 + CS51 + $B72, BP48))} -> 0
B73: 20 | C73: 2030 | E73: {=INDEX('1. Données d''entrée'!$I:$K, B46 + I50 + E51 + $B73, D48)} -> 0 | F73: 28827.475 | G73: {=IF($C73 <= G$49, E73, INDEX('1. Données d''entrée'!$I:$K, B46 + I50 + G51 + $B73, D48))} -> 0 | H73: 42671.387 | J73: {=INDEX('1. Données d''entrée'!$I:$K, B46 + N50 + J51 + $B73, D48)} -> 0 | K73: 1.8815795 | L73: {=IF($C73 <= L$49, J73, INDEX('1. Données d''entrée'!$I:$K, B46 + N50 + L51 + $B73, D48))} -> 0 | M73: 2.8149257 | O73: {=INDEX('1. Données d''entrée'!$I:$K, B46 + S50 + O51 + $B73, D48)} -> 0 | P73: 92.894303 | Q73: {=IF($C73 <= Q$49, O73, INDEX('1. Données d''entrée'!$I:$K, B46 + S50 + Q51 + $B73, D48))} -> 0 | R73: 138.91819 | T73: {=INDEX('1. Données d''entrée'!$I:$K, B46 + X50 + T51 + $B73, D48)} -> 0 | U73: 2.4479913 | V73: {=IF($C73 <= V$49, T73, INDEX('1. Données d''entrée'!$I:$K, B46 + X50 + V51 + $B73, D48))} -> 0 | W73: 3.7514254 | Y73: {=INDEX('1. Données d''entrée'!$I:$K, B46 + AC50 + Y51 + $B73, D48)} -> 0 | Z73: 27.009761 | AA73: {=IF($C73 <= AA$49, Y73, INDEX('1. Données d''entrée'!$I:$K, B46 + AC50 + AA51 + $B73, D48))} -> 0 | AB73: 39.950836 | AD73: {=INDEX('1. Données d''entrée'!$I:$K, B46 + AH50 + AD51 + $B73, D48)} -> 0 | AE73: 115.98058 | AF73: {=IF($C73 <= AF$49, AD73, INDEX('1. Données d''entrée'!$I:$K, B46 + AH50 + AF51 + $B73, D48))} -> 0 | AG73: 171.71235 | AK73: {=INDEX('1. Données d''entrée'!$I:$K, B46 + AO50 + AK51 + $B73, AJ48)} -> 0 | AL73: {=IF($C73 <= AL49, AK73, INDEX('1. Données d''entrée'!$I:$K, B46 + AO50 + AL51 + $B73, AJ48))} -> 0 | AM73: {=IF($C73 <= AM$49, AK73, INDEX('1. Données d''entrée'!$I:$K, B46 + AO50 + AM51 + $B73, AJ48))} -> 0 | AN73: {=IF($C73 <= AN$49, AK73, INDEX('1. Données d''entrée'!$I:$K, B46 + AO50 + AN51 + $B73, AJ48))} -> 0 | AP73: {=INDEX('1. Données d''entrée'!$I:$K, B46 + AT50 + AP51 + $B73, AJ48)} -> 0 | AQ73: {=IF($C73 <= AQ49, AP73, INDEX('1. Données d''entrée'!$I:$K, B46 + AT50 + AQ51 + $B73, AJ48))} -> 0 | AR73: {=IF($C73 <= AR$49, AP73, INDEX('1. Données d''entrée'!$I:$K, B46 + AT50 + AR51 + $B73, AJ48))} -> 0 | AS73: {=IF($C73 <= AS$49, AP73, INDEX('1. Données d''entrée'!$I:$K, B46 + AT50 + AS51 + $B73, AJ48))} -> 0 | AU73: {=INDEX('1. Données d''entrée'!$I:$K, B46 + AY50 + AU51 + $B73, AJ48)} -> 0 | AV73: {=IF($C73 <= AV49, AU73, INDEX('1. Données d''entrée'!$I:$K, B46 + AY50 + AV51 + $B73, AJ48))} -> 0 | AW73: {=IF($C73 <= AW$49, AU73, INDEX('1. Données d''entrée'!$I:$K, B46 + AY50 + AW51 + $B73, AJ48))} -> 0 | AX73: {=IF($C73 <= AX$49, AU73, INDEX('1. Données d''entrée'!$I:$K, B46 + AY50 + AX51 + $B73, AJ48))} -> 0 | AZ73: {=INDEX('1. Données d''entrée'!$I:$K, B46 + BD50 + AZ51 + $B73, AJ48)} -> 0 | BA73: {=IF($C73 <= BA49, AZ73, INDEX('1. Données d''entrée'!$I:$K, B46 + BD50 + BA51 + $B73, AJ48))} -> 0 | BB73: {=IF($C73 <= BB$49, AZ73, INDEX('1. Données d''entrée'!$I:$K, B46 + BD50 + BB51 + $B73, AJ48))} -> 0 | BC73: {=IF($C73 <= BC$49, AZ73, INDEX('1. Données d''entrée'!$I:$K, B46 + BD50 + BC51 + $B73, AJ48))} -> 0 | BE73: {=INDEX('1. Données d''entrée'!$I:$K, B46 + BI50 + BE51 + $B73, AJ48)} -> 0 | BF73: {=IF($C73 <= BF49, BE73, INDEX('1. Données d''entrée'!$I:$K, B46 + BI50 + BF51 + $B73, AJ48))} -> 0 | BG73: {=IF($C73 <= BG$49, BE73, INDEX('1. Données d''entrée'!$I:$K, B46 + BI50 + BG51 + $B73, AJ48))} -> 0 | BH73: {=IF($C73 <= BH$49, BE73, INDEX('1. Données d''entrée'!$I:$K, B46 + BI50 + BH51 + $B73, AJ48))} -> 0 | BJ73: {=INDEX('1. Données d''entrée'!$I:$K, B46 + BN50 + BJ51 + $B73, AJ48)} -> 0 | BK73: {=IF($C73 <= BK49, BJ73, INDEX('1. Données d''entrée'!$I:$K, B46 + BN50 + BK51 + $B73, AJ48))} -> 0 | BL73: {=IF($C73 <= BL$49, BJ73, INDEX('1. Données d''entrée'!$I:$K, B46 + BN50 + BL51 + $B73, AJ48))} -> 0 | BM73: {=IF($C73 <= BM$49, BJ73, INDEX('1. Données d''entrée'!$I:$K, B46 + BN50 + BM51 + $B73, AJ48))} -> 0 | BQ73: {=INDEX('1. Données d''entrée'!$I:$K, B46 + BU50 + BQ51 + $B73, BP48)} -> 0 | BR73: {=IF($C73 <= BR49, BQ73, INDEX('1. Données d''entrée'!$I:$K, B46 + BU50 + BR51 + $B73, BP48))} -> 0 | BS73: {=IF($C73 <= BS$49, BQ73, INDEX('1. Données d''entrée'!$I:$K, B46 + BU50 + BS51 + $B73, BP48))} -> 0 | BT73: {=IF($C73 <= BT$49, BQ73, INDEX('1. Données d''entrée'!$I:$K, B46 + BU50 + BT51 + $B73, BP48))} -> 0 | BV73: {=INDEX('1. Données d''entrée'!$I:$K, B46 + BZ50 + BV51 + $B73, BP48)} -> 0 | BW73: {=IF($C73 <= BW49, BV73, INDEX('1. Données d''entrée'!$I:$K, B46 + BZ50 + BW51 + $B73, BP48))} -> 0 | BX73: {=IF($C73 <= BX$49, BV73, INDEX('1. Données d''entrée'!$I:$K, B46 + BZ50 + BX51 + $B73, BP48))} -> 0 | BY73: {=IF($C73 <= BY$49, BV73, INDEX('1. Données d''entrée'!$I:$K, B46 + BZ50 + BY51 + $B73, BP48))} -> 0 | CA73: {=INDEX('1. Données d''entrée'!$I:$K, B46 + CE50 + CA51 + $B73, BP48)} -> 0 | CB73: {=IF($C73 <= CB49, CA73, INDEX('1. Données d''entrée'!$I:$K, B46 + CE50 + CB51 + $B73, BP48))} -> 0 | CC73: {=IF($C73 <= CC$49, CA73, INDEX('1. Données d''entrée'!$I:$K, B46 + CE50 + CC51 + $B73, BP48))} -> 0 | CD73: {=IF($C73 <= CD$49, CA73, INDEX('1. Données d''entrée'!$I:$K, B46 + CE50 + CD51 + $B73, BP48))} -> 0 | CF73: {=INDEX('1. Données d''entrée'!$I:$K, B46 + CJ50 + CF51 + $B73, BP48)} -> 0 | CG73: {=IF($C73 <= CG49, CF73, INDEX('1. Données d''entrée'!$I:$K, B46 + CJ50 + CG51 + $B73, BP48))} -> 0 | CH73: {=IF($C73 <= CH$49, CF73, INDEX('1. Données d''entrée'!$I:$K, B46 + CJ50 + CH51 + $B73, BP48))} -> 0 | CI73: {=IF($C73 <= CI$49, CF73, INDEX('1. Données d''entrée'!$I:$K, B46 + CJ50 + CI51 + $B73, BP48))} -> 0 | CK73: {=INDEX('1. Données d''entrée'!$I:$K, B46 + CO50 + CK51 + $B73, BP48)} -> 0 | CL73: {=IF($C73 <= CL49, CK73, INDEX('1. Données d''entrée'!$I:$K, B46 + CO50 + CL51 + $B73, BP48))} -> 0 | CM73: {=IF($C73 <= CM$49, CK73, INDEX('1. Données d''entrée'!$I:$K, B46 + CO50 + CM51 + $B73, BP48))} -> 0 | CN73: {=IF($C73 <= CN$49, CK73, INDEX('1. Données d''entrée'!$I:$K, B46 + CO50 + CN51 + $B73, BP48))} -> 0 | CP73: {=INDEX('1. Données d''entrée'!$I:$K, B46 + CT50 + CP51 + $B73, BP48)} -> 0 | CQ73: {=IF($C73 <= CQ49, CP73, INDEX('1. Données d''entrée'!$I:$K, B46 + CT50 + CQ51 + $B73, BP48))} -> 0 | CR73: {=IF($C73 <= CR$49, CP73, INDEX('1. Données d''entrée'!$I:$K, B46 + CT50 + CR51 + $B73, BP48))} -> 0 | CS73: {=IF($C73 <= CS$49, CP73, INDEX('1. Données d''entrée'!$I:$K, B46 + CT50 + CS51 + $B73, BP48))} -> 0
B74: 21 | C74: 2031 | E74: {=INDEX('1. Données d''entrée'!$I:$K, B46 + I50 + E51 + $B74, D48)} -> 0 | F74: {=IF($C74 <= F49, E74, INDEX('1. Données d''entrée'!$I:$K, B46 + I50 + F51 + $B74, D48))} -> 0 | G74: {=IF($C74 <= G$49, E74, INDEX('1. Données d''entrée'!$I:$K, B46 + I50 + G51 + $B74, D48))} -> 0 | H74: {=IF($C74 <= H$49, E74, INDEX('1. Données d''entrée'!$I:$K, B46 + I50 + H51 + $B74, D48))} -> 0 | J74: {=INDEX('1. Données d''entrée'!$I:$K, B46 + N50 + J51 + $B74, D48)} -> 0 | K74: {=IF($C74 <= K49, J74, INDEX('1. Données d''entrée'!$I:$K, B46 + N50 + K51 + $B74, D48))} -> 0 | L74: {=IF($C74 <= L$49, J74, INDEX('1. Données d''entrée'!$I:$K, B46 + N50 + L51 + $B74, D48))} -> 0 | M74: {=IF($C74 <= M$49, J74, INDEX('1. Données d''entrée'!$I:$K, B46 + N50 + M51 + $B74, D48))} -> 0 | O74: {=INDEX('1. Données d''entrée'!$I:$K, B46 + S50 + O51 + $B74, D48)} -> 0 | P74: {=IF($C74 <= P49, O74, INDEX('1. Données d''entrée'!$I:$K, B46 + S50 + P51 + $B74, D48))} -> 0 | Q74: {=IF($C74 <= Q$49, O74, INDEX('1. Données d''entrée'!$I:$K, B46 + S50 + Q51 + $B74, D48))} -> 0 | R74: {=IF($C74 <= R$49, O74, INDEX('1. Données d''entrée'!$I:$K, B46 + S50 + R51 + $B74, D48))} -> 0 | T74: {=INDEX('1. Données d''entrée'!$I:$K, B46 + X50 + T51 + $B74, D48)} -> 0 | U74: {=IF($C74 <= U49, T74, INDEX('1. Données d''entrée'!$I:$K, B46 + X50 + U51 + $B74, D48))} -> 0 | V74: {=IF($C74 <= V$49, T74, INDEX('1. Données d''entrée'!$I:$K, B46 + X50 + V51 + $B74, D48))} -> 0 | W74: {=IF($C74 <= W$49, T74, INDEX('1. Données d''entrée'!$I:$K, B46 + X50 + W51 + $B74, D48))} -> 0 | Y74: {=INDEX('1. Données d''entrée'!$I:$K, B46 + AC50 + Y51 + $B74, D48)} -> 0 | Z74: {=IF($C74 <= Z49, Y74, INDEX('1. Données d''entrée'!$I:$K, B46 + AC50 + Z51 + $B74, D48))} -> 0 | AA74: {=IF($C74 <= AA$49, Y74, INDEX('1. Données d''entrée'!$I:$K, B46 + AC50 + AA51 + $B74, D48))} -> 0 | AB74: {=IF($C74 <= AB$49, Y74, INDEX('1. Données d''entrée'!$I:$K, B46 + AC50 + AB51 + $B74, D48))} -> 0 | AD74: {=INDEX('1. Données d''entrée'!$I:$K, B46 + AH50 + AD51 + $B74, D48)} -> 0 | AE74: {=IF($C74 <= AE49, AD74, INDEX('1. Données d''entrée'!$I:$K, B46 + AH50 + AE51 + $B74, D48))} -> 0 | AF74: {=IF($C74 <= AF$49, AD74, INDEX('1. Données d''entrée'!$I:$K, B46 + AH50 + AF51 + $B74, D48))} -> 0 | AG74: {=IF($C74 <= AG$49, AD74, INDEX('1. Données d''entrée'!$I:$K, B46 + AH50 + AG51 + $B74, D48))} -> 0 | AK74: {=INDEX('1. Données d''entrée'!$I:$K, B46 + AO50 + AK51 + $B74, AJ48)} -> 0 | AL74: {=IF($C74 <= AL49, AK74, INDEX('1. Données d''entrée'!$I:$K, B46 + AO50 + AL51 + $B74, AJ48))} -> 0 | AM74: {=IF($C74 <= AM$49, AK74, INDEX('1. Données d''entrée'!$I:$K, B46 + AO50 + AM51 + $B74, AJ48))} -> 0 | AN74: {=IF($C74 <= AN$49, AK74, INDEX('1. Données d''entrée'!$I:$K, B46 + AO50 + AN51 + $B74, AJ48))} -> 0 | AP74: {=INDEX('1. Données d''entrée'!$I:$K, B46 + AT50 + AP51 + $B74, AJ48)} -> 0 | AQ74: {=IF($C74 <= AQ49, AP74, INDEX('1. Données d''entrée'!$I:$K, B46 + AT50 + AQ51 + $B74, AJ48))} -> 0 | AR74: {=IF($C74 <= AR$49, AP74, INDEX('1. Données d''entrée'!$I:$K, B46 + AT50 + AR51 + $B74, AJ48))} -> 0 | AS74: {=IF($C74 <= AS$49, AP74, INDEX('1. Données d''entrée'!$I:$K, B46 + AT50 + AS51 + $B74, AJ48))} -> 0 | AU74: {=INDEX('1. Données d''entrée'!$I:$K, B46 + AY50 + AU51 + $B74, AJ48)} -> 0 | AV74: {=IF($C74 <= AV49, AU74, INDEX('1. Données d''entrée'!$I:$K, B46 + AY50 + AV51 + $B74, AJ48))} -> 0 | AW74: {=IF($C74 <= AW$49, AU74, INDEX('1. Données d''entrée'!$I:$K, B46 + AY50 + AW51 + $B74, AJ48))} -> 0 | AX74: {=IF($C74 <= AX$49, AU74, INDEX('1. Données d''entrée'!$I:$K, B46 + AY50 + AX51 + $B74, AJ48))} -> 0 | AZ74: {=INDEX('1. Données d''entrée'!$I:$K, B46 + BD50 + AZ51 + $B74, AJ48)} -> 0 | BA74: {=IF($C74 <= BA49, AZ74, INDEX('1. Données d''entrée'!$I:$K, B46 + BD50 + BA51 + $B74, AJ48))} -> 0 | BB74: {=IF($C74 <= BB$49, AZ74, INDEX('1. Données d''entrée'!$I:$K, B46 + BD50 + BB51 + $B74, AJ48))} -> 0 | BC74: {=IF($C74 <= BC$49, AZ74, INDEX('1. Données d''entrée'!$I:$K, B46 + BD50 + BC51 + $B74, AJ48))} -> 0 | BE74: {=INDEX('1. Données d''entrée'!$I:$K, B46 + BI50 + BE51 + $B74, AJ48)} -> 0 | BF74: {=IF($C74 <= BF49, BE74, INDEX('1. Données d''entrée'!$I:$K, B46 + BI50 + BF51 + $B74, AJ48))} -> 0 | BG74: {=IF($C74 <= BG$49, BE74, INDEX('1. Données d''entrée'!$I:$K, B46 + BI50 + BG51 + $B74, AJ48))} -> 0 | BH74: {=IF($C74 <= BH$49, BE74, INDEX('1. Données d''entrée'!$I:$K, B46 + BI50 + BH51 + $B74, AJ48))} -> 0 | BJ74: {=INDEX('1. Données d''entrée'!$I:$K, B46 + BN50 + BJ51 + $B74, AJ48)} -> 0 | BK74: {=IF($C74 <= BK49, BJ74, INDEX('1. Données d''entrée'!$I:$K, B46 + BN50 + BK51 + $B74, AJ48))} -> 0 | BL74: {=IF($C74 <= BL$49, BJ74, INDEX('1. Données d''entrée'!$I:$K, B46 + BN50 + BL51 + $B74, AJ48))} -> 0 | BM74: {=IF($C74 <= BM$49, BJ74, INDEX('1. Données d''entrée'!$I:$K, B46 + BN50 + BM51 + $B74, AJ48))} -> 0 | BQ74: {=INDEX('1. Données d''entrée'!$I:$K, B46 + BU50 + BQ51 + $B74, BP48)} -> 0 | BR74: {=IF($C74 <= BR49, BQ74, INDEX('1. Données d''entrée'!$I:$K, B46 + BU50 + BR51 + $B74, BP48))} -> 0 | BS74: {=IF($C74 <= BS$49, BQ74, INDEX('1. Données d''entrée'!$I:$K, B46 + BU50 + BS51 + $B74, BP48))} -> 0 | BT74: {=IF($C74 <= BT$49, BQ74, INDEX('1. Données d''entrée'!$I:$K, B46 + BU50 + BT51 + $B74, BP48))} -> 0 | BV74: {=INDEX('1. Données d''entrée'!$I:$K, B46 + BZ50 + BV51 + $B74, BP48)} -> 0 | BW74: {=IF($C74 <= BW49, BV74, INDEX('1. Données d''entrée'!$I:$K, B46 + BZ50 + BW51 + $B74, BP48))} -> 0 | BX74: {=IF($C74 <= BX$49, BV74, INDEX('1. Données d''entrée'!$I:$K, B46 + BZ50 + BX51 + $B74, BP48))} -> 0 | BY74: {=IF($C74 <= BY$49, BV74, INDEX('1. Données d''entrée'!$I:$K, B46 + BZ50 + BY51 + $B74, BP48))} -> 0 | CA74: {=INDEX('1. Données d''entrée'!$I:$K, B46 + CE50 + CA51 + $B74, BP48)} -> 0 | CB74: {=IF($C74 <= CB49, CA74, INDEX('1. Données d''entrée'!$I:$K, B46 + CE50 + CB51 + $B74, BP48))} -> 0 | CC74: {=IF($C74 <= CC$49, CA74, INDEX('1. Données d''entrée'!$I:$K, B46 + CE50 + CC51 + $B74, BP48))} -> 0 | CD74: {=IF($C74 <= CD$49, CA74, INDEX('1. Données d''entrée'!$I:$K, B46 + CE50 + CD51 + $B74, BP48))} -> 0 | CF74: {=INDEX('1. Données d''entrée'!$I:$K, B46 + CJ50 + CF51 + $B74, BP48)} -> 0 | CG74: {=IF($C74 <= CG49, CF74, INDEX('1. Données d''entrée'!$I:$K, B46 + CJ50 + CG51 + $B74, BP48))} -> 0 | CH74: {=IF($C74 <= CH$49, CF74, INDEX('1. Données d''entrée'!$I:$K, B46 + CJ50 + CH51 + $B74, BP48))} -> 0 | CI74: {=IF($C74 <= CI$49, CF74, INDEX('1. Données d''entrée'!$I:$K, B46 + CJ50 + CI51 + $B74, BP48))} -> 0 | CK74: {=INDEX('1. Données d''entrée'!$I:$K, B46 + CO50 + CK51 + $B74, BP48)} -> 0 | CL74: {=IF($C74 <= CL49, CK74, INDEX('1. Données d''entrée'!$I:$K, B46 + CO50 + CL51 + $B74, BP48))} -> 0 | CM74: {=IF($C74 <= CM$49, CK74, INDEX('1. Données d''entrée'!$I:$K, B46 + CO50 + CM51 + $B74, BP48))} -> 0 | CN74: {=IF($C74 <= CN$49, CK74, INDEX('1. Données d''entrée'!$I:$K, B46 + CO50 + CN51 + $B74, BP48))} -> 0 | CP74: {=INDEX('1. Données d''entrée'!$I:$K, B46 + CT50 + CP51 + $B74, BP48)} -> 0 | CQ74: {=IF($C74 <= CQ49, CP74, INDEX('1. Données d''entrée'!$I:$K, B46 + CT50 + CQ51 + $B74, BP48))} -> 0 | CR74: {=IF($C74 <= CR$49, CP74, INDEX('1. Données d''entrée'!$I:$K, B46 + CT50 + CR51 + $B74, BP48))} -> 0 | CS74: {=IF($C74 <= CS$49, CP74, INDEX('1. Données d''entrée'!$I:$K, B46 + CT50 + CS51 + $B74, BP48))} -> 0
B75: 22 | C75: 2032 | E75: {=INDEX('1. Données d''entrée'!$I:$K, B46 + I50 + E51 + $B75, D48)} -> 0 | F75: {=IF($C75 <= F49, E75, INDEX('1. Données d''entrée'!$I:$K, B46 + I50 + F51 + $B75, D48))} -> 0 | G75: {=IF($C75 <= G$49, E75, INDEX('1. Données d''entrée'!$I:$K, B46 + I50 + G51 + $B75, D48))} -> 0 | H75: {=IF($C75 <= H$49, E75, INDEX('1. Données d''entrée'!$I:$K, B46 + I50 + H51 + $B75, D48))} -> 0 | J75: {=INDEX('1. Données d''entrée'!$I:$K, B46 + N50 + J51 + $B75, D48)} -> 0 | K75: {=IF($C75 <= K49, J75, INDEX('1. Données d''entrée'!$I:$K, B46 + N50 + K51 + $B75, D48))} -> 0 | L75: {=IF($C75 <= L$49, J75, INDEX('1. Données d''entrée'!$I:$K, B46 + N50 + L51 + $B75, D48))} -> 0 | M75: {=IF($C75 <= M$49, J75, INDEX('1. Données d''entrée'!$I:$K, B46 + N50 + M51 + $B75, D48))} -> 0 | O75: {=INDEX('1. Données d''entrée'!$I:$K, B46 + S50 + O51 + $B75, D48)} -> 0 | P75: {=IF($C75 <= P49, O75, INDEX('1. Données d''entrée'!$I:$K, B46 + S50 + P51 + $B75, D48))} -> 0 | Q75: {=IF($C75 <= Q$49, O75, INDEX('1. Données d''entrée'!$I:$K, B46 + S50 + Q51 + $B75, D48))} -> 0 | R75: {=IF($C75 <= R$49, O75, INDEX('1. Données d''entrée'!$I:$K, B46 + S50 + R51 + $B75, D48))} -> 0 | T75: {=INDEX('1. Données d''entrée'!$I:$K, B46 + X50 + T51 + $B75, D48)} -> 0 | U75: {=IF($C75 <= U49, T75, INDEX('1. Données d''entrée'!$I:$K, B46 + X50 + U51 + $B75, D48))} -> 0 | V75: {=IF($C75 <= V$49, T75, INDEX('1. Données d''entrée'!$I:$K, B46 + X50 + V51 + $B75, D48))} -> 0 | W75: {=IF($C75 <= W$49, T75, INDEX('1. Données d''entrée'!$I:$K, B46 + X50 + W51 + $B75, D48))} -> 0 | Y75: {=INDEX('1. Données d''entrée'!$I:$K, B46 + AC50 + Y51 + $B75, D48)} -> 0 | Z75: {=IF($C75 <= Z49, Y75, INDEX('1. Données d''entrée'!$I:$K, B46 + AC50 + Z51 + $B75, D48))} -> 0 | AA75: {=IF($C75 <= AA$49, Y75, INDEX('1. Données d''entrée'!$I:$K, B46 + AC50 + AA51 + $B75, D48))} -> 0 | AB75: {=IF($C75 <= AB$49, Y75, INDEX('1. Données d''entrée'!$I:$K, B46 + AC50 + AB51 + $B75, D48))} -> 0 | AD75: {=INDEX('1. Données d''entrée'!$I:$K, B46 + AH50 + AD51 + $B75, D48)} -> 0 | AE75: {=IF($C75 <= AE49, AD75, INDEX('1. Données d''entrée'!$I:$K, B46 + AH50 + AE51 + $B75, D48))} -> 0 | AF75: {=IF($C75 <= AF$49, AD75, INDEX('1. Données d''entrée'!$I:$K, B46 + AH50 + AF51 + $B75, D48))} -> 0 | AG75: {=IF($C75 <= AG$49, AD75, INDEX('1. Données d''entrée'!$I:$K, B46 + AH50 + AG51 + $B75, D48))} -> 0 | AK75: {=INDEX('1. Données d''entrée'!$I:$K, B46 + AO50 + AK51 + $B75, AJ48)} -> 0 | AL75: {=IF($C75 <= AL49, AK75, INDEX('1. Données d''entrée'!$I:$K, B46 + AO50 + AL51 + $B75, AJ48))} -> 0 | AM75: {=IF($C75 <= AM$49, AK75, INDEX('1. Données d''entrée'!$I:$K, B46 + AO50 + AM51 + $B75, AJ48))} -> 0 | AN75: {=IF($C75 <= AN$49, AK75, INDEX('1. Données d''entrée'!$I:$K, B46 + AO50 + AN51 + $B75, AJ48))} -> 0 | AP75: {=INDEX('1. Données d''entrée'!$I:$K, B46 + AT50 + AP51 + $B75, AJ48)} -> 0 | AQ75: {=IF($C75 <= AQ49, AP75, INDEX('1. Données d''entrée'!$I:$K, B46 + AT50 + AQ51 + $B75, AJ48))} -> 0 | AR75: {=IF($C75 <= AR$49, AP75, INDEX('1. Données d''entrée'!$I:$K, B46 + AT50 + AR51 + $B75, AJ48))} -> 0 | AS75: {=IF($C75 <= AS$49, AP75, INDEX('1. Données d''entrée'!$I:$K, B46 + AT50 + AS51 + $B75, AJ48))} -> 0 | AU75: {=INDEX('1. Données d''entrée'!$I:$K, B46 + AY50 + AU51 + $B75, AJ48)} -> 0 | AV75: {=IF($C75 <= AV49, AU75, INDEX('1. Données d''entrée'!$I:$K, B46 + AY50 + AV51 + $B75, AJ48))} -> 0 | AW75: {=IF($C75 <= AW$49, AU75, INDEX('1. Données d''entrée'!$I:$K, B46 + AY50 + AW51 + $B75, AJ48))} -> 0 | AX75: {=IF($C75 <= AX$49, AU75, INDEX('1. Données d''entrée'!$I:$K, B46 + AY50 + AX51 + $B75, AJ48))} -> 0 | AZ75: {=INDEX('1. Données d''entrée'!$I:$K, B46 + BD50 + AZ51 + $B75, AJ48)} -> 0 | BA75: {=IF($C75 <= BA49, AZ75, INDEX('1. Données d''entrée'!$I:$K, B46 + BD50 + BA51 + $B75, AJ48))} -> 0 | BB75: {=IF($C75 <= BB$49, AZ75, INDEX('1. Données d''entrée'!$I:$K, B46 + BD50 + BB51 + $B75, AJ48))} -> 0 | BC75: {=IF($C75 <= BC$49, AZ75, INDEX('1. Données d''entrée'!$I:$K, B46 + BD50 + BC51 + $B75, AJ48))} -> 0 | BE75: {=INDEX('1. Données d''entrée'!$I:$K, B46 + BI50 + BE51 + $B75, AJ48)} -> 0 | BF75: {=IF($C75 <= BF49, BE75, INDEX('1. Données d''entrée'!$I:$K, B46 + BI50 + BF51 + $B75, AJ48))} -> 0 | BG75: {=IF($C75 <= BG$49, BE75, INDEX('1. Données d''entrée'!$I:$K, B46 + BI50 + BG51 + $B75, AJ48))} -> 0 | BH75: {=IF($C75 <= BH$49, BE75, INDEX('1. Données d''entrée'!$I:$K, B46 + BI50 + BH51 + $B75, AJ48))} -> 0 | BJ75: {=INDEX('1. Données d''entrée'!$I:$K, B46 + BN50 + BJ51 + $B75, AJ48)} -> 0 | BK75: {=IF($C75 <= BK49, BJ75, INDEX('1. Données d''entrée'!$I:$K, B46 + BN50 + BK51 + $B75, AJ48))} -> 0 | BL75: {=IF($C75 <= BL$49, BJ75, INDEX('1. Données d''entrée'!$I:$K, B46 + BN50 + BL51 + $B75, AJ48))} -> 0 | BM75: {=IF($C75 <= BM$49, BJ75, INDEX('1. Données d''entrée'!$I:$K, B46 + BN50 + BM51 + $B75, AJ48))} -> 0 | BQ75: {=INDEX('1. Données d''entrée'!$I:$K, B46 + BU50 + BQ51 + $B75, BP48)} -> 0 | BR75: {=IF($C75 <= BR49, BQ75, INDEX('1. Données d''entrée'!$I:$K, B46 + BU50 + BR51 + $B75, BP48))} -> 0 | BS75: {=IF($C75 <= BS$49, BQ75, INDEX('1. Données d''entrée'!$I:$K, B46 + BU50 + BS51 + $B75, BP48))} -> 0 | BT75: {=IF($C75 <= BT$49, BQ75, INDEX('1. Données d''entrée'!$I:$K, B46 + BU50 + BT51 + $B75, BP48))} -> 0 | BV75: {=INDEX('1. Données d''entrée'!$I:$K, B46 + BZ50 + BV51 + $B75, BP48)} -> 0 | BW75: {=IF($C75 <= BW49, BV75, INDEX('1. Données d''entrée'!$I:$K, B46 + BZ50 + BW51 + $B75, BP48))} -> 0 | BX75: {=IF($C75 <= BX$49, BV75, INDEX('1. Données d''entrée'!$I:$K, B46 + BZ50 + BX51 + $B75, BP48))} -> 0 | BY75: {=IF($C75 <= BY$49, BV75, INDEX('1. Données d''entrée'!$I:$K, B46 + BZ50 + BY51 + $B75, BP48))} -> 0 | CA75: {=INDEX('1. Données d''entrée'!$I:$K, B46 + CE50 + CA51 + $B75, BP48)} -> 0 | CB75: {=IF($C75 <= CB49, CA75, INDEX('1. Données d''entrée'!$I:$K, B46 + CE50 + CB51 + $B75, BP48))} -> 0 | CC75: {=IF($C75 <= CC$49, CA75, INDEX('1. Données d''entrée'!$I:$K, B46 + CE50 + CC51 + $B75, BP48))} -> 0 | CD75: {=IF($C75 <= CD$49, CA75, INDEX('1. Données d''entrée'!$I:$K, B46 + CE50 + CD51 + $B75, BP48))} -> 0 | CF75: {=INDEX('1. Données d''entrée'!$I:$K, B46 + CJ50 + CF51 + $B75, BP48)} -> 0 | CG75: {=IF($C75 <= CG49, CF75, INDEX('1. Données d''entrée'!$I:$K, B46 + CJ50 + CG51 + $B75, BP48))} -> 0 | CH75: {=IF($C75 <= CH$49, CF75, INDEX('1. Données d''entrée'!$I:$K, B46 + CJ50 + CH51 + $B75, BP48))} -> 0 | CI75: {=IF($C75 <= CI$49, CF75, INDEX('1. Données d''entrée'!$I:$K, B46 + CJ50 + CI51 + $B75, BP48))} -> 0 | CK75: {=INDEX('1. Données d''entrée'!$I:$K, B46 + CO50 + CK51 + $B75, BP48)} -> 0 | CL75: {=IF($C75 <= CL49, CK75, INDEX('1. Données d''entrée'!$I:$K, B46 + CO50 + CL51 + $B75, BP48))} -> 0 | CM75: {=IF($C75 <= CM$49, CK75, INDEX('1. Données d''entrée'!$I:$K, B46 + CO50 + CM51 + $B75, BP48))} -> 0 | CN75: {=IF($C75 <= CN$49, CK75, INDEX('1. Données d''entrée'!$I:$K, B46 + CO50 + CN51 + $B75, BP48))} -> 0 | CP75: {=INDEX('1. Données d''entrée'!$I:$K, B46 + CT50 + CP51 + $B75, BP48)} -> 0 | CQ75: {=IF($C75 <= CQ49, CP75, INDEX('1. Données d''entrée'!$I:$K, B46 + CT50 + CQ51 + $B75, BP48))} -> 0 | CR75: {=IF($C75 <= CR$49, CP75, INDEX('1. Données d''entrée'!$I:$K, B46 + CT50 + CR51 + $B75, BP48))} -> 0 | CS75: {=IF($C75 <= CS$49, CP75, INDEX('1. Données d''entrée'!$I:$K, B46 + CT50 + CS51 + $B75, BP48))} -> 0
B76: 23 | C76: 2033 | E76: {=INDEX('1. Données d''entrée'!$I:$K, B46 + I50 + E51 + $B76, D48)} -> 0 | F76: {=IF($C76 <= F49, E76, INDEX('1. Données d''entrée'!$I:$K, B46 + I50 + F51 + $B76, D48))} -> 0 | G76: {=IF($C76 <= G$49, E76, INDEX('1. Données d''entrée'!$I:$K, B46 + I50 + G51 + $B76, D48))} -> 0 | H76: {=IF($C76 <= H$49, E76, INDEX('1. Données d''entrée'!$I:$K, B46 + I50 + H51 + $B76, D48))} -> 0 | J76: {=INDEX('1. Données d''entrée'!$I:$K, B46 + N50 + J51 + $B76, D48)} -> 0 | K76: {=IF($C76 <= K49, J76, INDEX('1. Données d''entrée'!$I:$K, B46 + N50 + K51 + $B76, D48))} -> 0 | L76: {=IF($C76 <= L$49, J76, INDEX('1. Données d''entrée'!$I:$K, B46 + N50 + L51 + $B76, D48))} -> 0 | M76: {=IF($C76 <= M$49, J76, INDEX('1. Données d''entrée'!$I:$K, B46 + N50 + M51 + $B76, D48))} -> 0 | O76: {=INDEX('1. Données d''entrée'!$I:$K, B46 + S50 + O51 + $B76, D48)} -> 0 | P76: {=IF($C76 <= P49, O76, INDEX('1. Données d''entrée'!$I:$K, B46 + S50 + P51 + $B76, D48))} -> 0 | Q76: {=IF($C76 <= Q$49, O76, INDEX('1. Données d''entrée'!$I:$K, B46 + S50 + Q51 + $B76, D48))} -> 0 | R76: {=IF($C76 <= R$49, O76, INDEX('1. Données d''entrée'!$I:$K, B46 + S50 + R51 + $B76, D48))} -> 0 | T76: {=INDEX('1. Données d''entrée'!$I:$K, B46 + X50 + T51 + $B76, D48)} -> 0 | U76: {=IF($C76 <= U49, T76, INDEX('1. Données d''entrée'!$I:$K, B46 + X50 + U51 + $B76, D48))} -> 0 | V76: {=IF($C76 <= V$49, T76, INDEX('1. Données d''entrée'!$I:$K, B46 + X50 + V51 + $B76, D48))} -> 0 | W76: {=IF($C76 <= W$49, T76, INDEX('1. Données d''entrée'!$I:$K, B46 + X50 + W51 + $B76, D48))} -> 0 | Y76: {=INDEX('1. Données d''entrée'!$I:$K, B46 + AC50 + Y51 + $B76, D48)} -> 0 | Z76: {=IF($C76 <= Z49, Y76, INDEX('1. Données d''entrée'!$I:$K, B46 + AC50 + Z51 + $B76, D48))} -> 0 | AA76: {=IF($C76 <= AA$49, Y76, INDEX('1. Données d''entrée'!$I:$K, B46 + AC50 + AA51 + $B76, D48))} -> 0 | AB76: {=IF($C76 <= AB$49, Y76, INDEX('1. Données d''entrée'!$I:$K, B46 + AC50 + AB51 + $B76, D48))} -> 0 | AD76: {=INDEX('1. Données d''entrée'!$I:$K, B46 + AH50 + AD51 + $B76, D48)} -> 0 | AE76: {=IF($C76 <= AE49, AD76, INDEX('1. Données d''entrée'!$I:$K, B46 + AH50 + AE51 + $B76, D48))} -> 0 | AF76: {=IF($C76 <= AF$49, AD76, INDEX('1. Données d''entrée'!$I:$K, B46 + AH50 + AF51 + $B76, D48))} -> 0 | AG76: {=IF($C76 <= AG$49, AD76, INDEX('1. Données d''entrée'!$I:$K, B46 + AH50 + AG51 + $B76, D48))} -> 0 | AK76: {=INDEX('1. Données d''entrée'!$I:$K, B46 + AO50 + AK51 + $B76, AJ48)} -> 0 | AL76: {=IF($C76 <= AL49, AK76, INDEX('1. Données d''entrée'!$I:$K, B46 + AO50 + AL51 + $B76, AJ48))} -> 0 | AM76: {=IF($C76 <= AM$49, AK76, INDEX('1. Données d''entrée'!$I:$K, B46 + AO50 + AM51 + $B76, AJ48))} -> 0 | AN76: {=IF($C76 <= AN$49, AK76, INDEX('1. Données d''entrée'!$I:$K, B46 + AO50 + AN51 + $B76, AJ48))} -> 0 | AP76: {=INDEX('1. Données d''entrée'!$I:$K, B46 + AT50 + AP51 + $B76, AJ48)} -> 0 | AQ76: {=IF($C76 <= AQ49, AP76, INDEX('1. Données d''entrée'!$I:$K, B46 + AT50 + AQ51 + $B76, AJ48))} -> 0 | AR76: {=IF($C76 <= AR$49, AP76, INDEX('1. Données d''entrée'!$I:$K, B46 + AT50 + AR51 + $B76, AJ48))} -> 0 | AS76: {=IF($C76 <= AS$49, AP76, INDEX('1. Données d''entrée'!$I:$K, B46 + AT50 + AS51 + $B76, AJ48))} -> 0 | AU76: {=INDEX('1. Données d''entrée'!$I:$K, B46 + AY50 + AU51 + $B76, AJ48)} -> 0 | AV76: {=IF($C76 <= AV49, AU76, INDEX('1. Données d''entrée'!$I:$K, B46 + AY50 + AV51 + $B76, AJ48))} -> 0 | AW76: {=IF($C76 <= AW$49, AU76, INDEX('1. Données d''entrée'!$I:$K, B46 + AY50 + AW51 + $B76, AJ48))} -> 0 | AX76: {=IF($C76 <= AX$49, AU76, INDEX('1. Données d''entrée'!$I:$K, B46 + AY50 + AX51 + $B76, AJ48))} -> 0 | AZ76: {=INDEX('1. Données d''entrée'!$I:$K, B46 + BD50 + AZ51 + $B76, AJ48)} -> 0 | BA76: {=IF($C76 <= BA49, AZ76, INDEX('1. Données d''entrée'!$I:$K, B46 + BD50 + BA51 + $B76, AJ48))} -> 0 | BB76: {=IF($C76 <= BB$49, AZ76, INDEX('1. Données d''entrée'!$I:$K, B46 + BD50 + BB51 + $B76, AJ48))} -> 0 | BC76: {=IF($C76 <= BC$49, AZ76, INDEX('1. Données d''entrée'!$I:$K, B46 + BD50 + BC51 + $B76, AJ48))} -> 0 | BE76: {=INDEX('1. Données d''entrée'!$I:$K, B46 + BI50 + BE51 + $B76, AJ48)} -> 0 | BF76: {=IF($C76 <= BF49, BE76, INDEX('1. Données d''entrée'!$I:$K, B46 + BI50 + BF51 + $B76, AJ48))} -> 0 | BG76: {=IF($C76 <= BG$49, BE76, INDEX('1. Données d''entrée'!$I:$K, B46 + BI50 + BG51 + $B76, AJ48))} -> 0 | BH76: {=IF($C76 <= BH$49, BE76, INDEX('1. Données d''entrée'!$I:$K, B46 + BI50 + BH51 + $B76, AJ48))} -> 0 | BJ76: {=INDEX('1. Données d''entrée'!$I:$K, B46 + BN50 + BJ51 + $B76, AJ48)} -> 0 | BK76: {=IF($C76 <= BK49, BJ76, INDEX('1. Données d''entrée'!$I:$K, B46 + BN50 + BK51 + $B76, AJ48))} -> 0 | BL76: {=IF($C76 <= BL$49, BJ76, INDEX('1. Données d''entrée'!$I:$K, B46 + BN50 + BL51 + $B76, AJ48))} -> 0 | BM76: {=IF($C76 <= BM$49, BJ76, INDEX('1. Données d''entrée'!$I:$K, B46 + BN50 + BM51 + $B76, AJ48))} -> 0 | BQ76: {=INDEX('1. Données d''entrée'!$I:$K, B46 + BU50 + BQ51 + $B76, BP48)} -> 0 | BR76: {=IF($C76 <= BR49, BQ76, INDEX('1. Données d''entrée'!$I:$K, B46 + BU50 + BR51 + $B76, BP48))} -> 0 | BS76: {=IF($C76 <= BS$49, BQ76, INDEX('1. Données d''entrée'!$I:$K, B46 + BU50 + BS51 + $B76, BP48))} -> 0 | BT76: {=IF($C76 <= BT$49, BQ76, INDEX('1. Données d''entrée'!$I:$K, B46 + BU50 + BT51 + $B76, BP48))} -> 0 | BV76: {=INDEX('1. Données d''entrée'!$I:$K, B46 + BZ50 + BV51 + $B76, BP48)} -> 0 | BW76: {=IF($C76 <= BW49, BV76, INDEX('1. Données d''entrée'!$I:$K, B46 + BZ50 + BW51 + $B76, BP48))} -> 0 | BX76: {=IF($C76 <= BX$49, BV76, INDEX('1. Données d''entrée'!$I:$K, B46 + BZ50 + BX51 + $B76, BP48))} -> 0 | BY76: {=IF($C76 <= BY$49, BV76, INDEX('1. Données d''entrée'!$I:$K, B46 + BZ50 + BY51 + $B76, BP48))} -> 0 | CA76: {=INDEX('1. Données d''entrée'!$I:$K, B46 + CE50 + CA51 + $B76, BP48)} -> 0 | CB76: {=IF($C76 <= CB49, CA76, INDEX('1. Données d''entrée'!$I:$K, B46 + CE50 + CB51 + $B76, BP48))} -> 0 | CC76: {=IF($C76 <= CC$49, CA76, INDEX('1. Données d''entrée'!$I:$K, B46 + CE50 + CC51 + $B76, BP48))} -> 0 | CD76: {=IF($C76 <= CD$49, CA76, INDEX('1. Données d''entrée'!$I:$K, B46 + CE50 + CD51 + $B76, BP48))} -> 0 | CF76: {=INDEX('1. Données d''entrée'!$I:$K, B46 + CJ50 + CF51 + $B76, BP48)} -> 0 | CG76: {=IF($C76 <= CG49, CF76, INDEX('1. Données d''entrée'!$I:$K, B46 + CJ50 + CG51 + $B76, BP48))} -> 0 | CH76: {=IF($C76 <= CH$49, CF76, INDEX('1. Données d''entrée'!$I:$K, B46 + CJ50 + CH51 + $B76, BP48))} -> 0 | CI76: {=IF($C76 <= CI$49, CF76, INDEX('1. Données d''entrée'!$I:$K, B46 + CJ50 + CI51 + $B76, BP48))} -> 0 | CK76: {=INDEX('1. Données d''entrée'!$I:$K, B46 + CO50 + CK51 + $B76, BP48)} -> 0 | CL76: {=IF($C76 <= CL49, CK76, INDEX('1. Données d''entrée'!$I:$K, B46 + CO50 + CL51 + $B76, BP48))} -> 0 | CM76: {=IF($C76 <= CM$49, CK76, INDEX('1. Données d''entrée'!$I:$K, B46 + CO50 + CM51 + $B76, BP48))} -> 0 | CN76: {=IF($C76 <= CN$49, CK76, INDEX('1. Données d''entrée'!$I:$K, B46 + CO50 + CN51 + $B76, BP48))} -> 0 | CP76: {=INDEX('1. Données d''entrée'!$I:$K, B46 + CT50 + CP51 + $B76, BP48)} -> 0 | CQ76: {=IF($C76 <= CQ49, CP76, INDEX('1. Données d''entrée'!$I:$K, B46 + CT50 + CQ51 + $B76, BP48))} -> 0 | CR76: {=IF($C76 <= CR$49, CP76, INDEX('1. Données d''entrée'!$I:$K, B46 + CT50 + CR51 + $B76, BP48))} -> 0 | CS76: {=IF($C76 <= CS$49, CP76, INDEX('1. Données d''entrée'!$I:$K, B46 + CT50 + CS51 + $B76, BP48))} -> 0
B77: 24 | C77: 2034 | E77: {=INDEX('1. Données d''entrée'!$I:$K, B46 + I50 + E51 + $B77, D48)} -> 0 | F77: {=IF($C77 <= F49, E77, INDEX('1. Données d''entrée'!$I:$K, B46 + I50 + F51 + $B77, D48))} -> 0 | G77: {=IF($C77 <= G$49, E77, INDEX('1. Données d''entrée'!$I:$K, B46 + I50 + G51 + $B77, D48))} -> 0 | H77: {=IF($C77 <= H$49, E77, INDEX('1. Données d''entrée'!$I:$K, B46 + I50 + H51 + $B77, D48))} -> 0 | J77: {=INDEX('1. Données d''entrée'!$I:$K, B46 + N50 + J51 + $B77, D48)} -> 0 | K77: {=IF($C77 <= K49, J77, INDEX('1. Données d''entrée'!$I:$K, B46 + N50 + K51 + $B77, D48))} -> 0 | L77: {=IF($C77 <= L$49, J77, INDEX('1. Données d''entrée'!$I:$K, B46 + N50 + L51 + $B77, D48))} -> 0 | M77: {=IF($C77 <= M$49, J77, INDEX('1. Données d''entrée'!$I:$K, B46 + N50 + M51 + $B77, D48))} -> 0 | O77: {=INDEX('1. Données d''entrée'!$I:$K, B46 + S50 + O51 + $B77, D48)} -> 0 | P77: {=IF($C77 <= P49, O77, INDEX('1. Données d''entrée'!$I:$K, B46 + S50 + P51 + $B77, D48))} -> 0 | Q77: {=IF($C77 <= Q$49, O77, INDEX('1. Données d''entrée'!$I:$K, B46 + S50 + Q51 + $B77, D48))} -> 0 | R77: {=IF($C77 <= R$49, O77, INDEX('1. Données d''entrée'!$I:$K, B46 + S50 + R51 + $B77, D48))} -> 0 | T77: {=INDEX('1. Données d''entrée'!$I:$K, B46 + X50 + T51 + $B77, D48)} -> 0 | U77: {=IF($C77 <= U49, T77, INDEX('1. Données d''entrée'!$I:$K, B46 + X50 + U51 + $B77, D48))} -> 0 | V77: {=IF($C77 <= V$49, T77, INDEX('1. Données d''entrée'!$I:$K, B46 + X50 + V51 + $B77, D48))} -> 0 | W77: {=IF($C77 <= W$49, T77, INDEX('1. Données d''entrée'!$I:$K, B46 + X50 + W51 + $B77, D48))} -> 0 | Y77: {=INDEX('1. Données d''entrée'!$I:$K, B46 + AC50 + Y51 + $B77, D48)} -> 0 | Z77: {=IF($C77 <= Z49, Y77, INDEX('1. Données d''entrée'!$I:$K, B46 + AC50 + Z51 + $B77, D48))} -> 0 | AA77: {=IF($C77 <= AA$49, Y77, INDEX('1. Données d''entrée'!$I:$K, B46 + AC50 + AA51 + $B77, D48))} -> 0 | AB77: {=IF($C77 <= AB$49, Y77, INDEX('1. Données d''entrée'!$I:$K, B46 + AC50 + AB51 + $B77, D48))} -> 0 | AD77: {=INDEX('1. Données d''entrée'!$I:$K, B46 + AH50 + AD51 + $B77, D48)} -> 0 | AE77: {=IF($C77 <= AE49, AD77, INDEX('1. Données d''entrée'!$I:$K, B46 + AH50 + AE51 + $B77, D48))} -> 0 | AF77: {=IF($C77 <= AF$49, AD77, INDEX('1. Données d''entrée'!$I:$K, B46 + AH50 + AF51 + $B77, D48))} -> 0 | AG77: {=IF($C77 <= AG$49, AD77, INDEX('1. Données d''entrée'!$I:$K, B46 + AH50 + AG51 + $B77, D48))} -> 0 | AK77: {=INDEX('1. Données d''entrée'!$I:$K, B46 + AO50 + AK51 + $B77, AJ48)} -> 0 | AL77: {=IF($C77 <= AL49, AK77, INDEX('1. Données d''entrée'!$I:$K, B46 + AO50 + AL51 + $B77, AJ48))} -> 0 | AM77: {=IF($C77 <= AM$49, AK77, INDEX('1. Données d''entrée'!$I:$K, B46 + AO50 + AM51 + $B77, AJ48))} -> 0 | AN77: {=IF($C77 <= AN$49, AK77, INDEX('1. Données d''entrée'!$I:$K, B46 + AO50 + AN51 + $B77, AJ48))} -> 0 | AP77: {=INDEX('1. Données d''entrée'!$I:$K, B46 + AT50 + AP51 + $B77, AJ48)} -> 0 | AQ77: {=IF($C77 <= AQ49, AP77, INDEX('1. Données d''entrée'!$I:$K, B46 + AT50 + AQ51 + $B77, AJ48))} -> 0 | AR77: {=IF($C77 <= AR$49, AP77, INDEX('1. Données d''entrée'!$I:$K, B46 + AT50 + AR51 + $B77, AJ48))} -> 0 | AS77: {=IF($C77 <= AS$49, AP77, INDEX('1. Données d''entrée'!$I:$K, B46 + AT50 + AS51 + $B77, AJ48))} -> 0 | AU77: {=INDEX('1. Données d''entrée'!$I:$K, B46 + AY50 + AU51 + $B77, AJ48)} -> 0 | AV77: {=IF($C77 <= AV49, AU77, INDEX('1. Données d''entrée'!$I:$K, B46 + AY50 + AV51 + $B77, AJ48))} -> 0 | AW77: {=IF($C77 <= AW$49, AU77, INDEX('1. Données d''entrée'!$I:$K, B46 + AY50 + AW51 + $B77, AJ48))} -> 0 | AX77: {=IF($C77 <= AX$49, AU77, INDEX('1. Données d''entrée'!$I:$K, B46 + AY50 + AX51 + $B77, AJ48))} -> 0 | AZ77: {=INDEX('1. Données d''entrée'!$I:$K, B46 + BD50 + AZ51 + $B77, AJ48)} -> 0 | BA77: {=IF($C77 <= BA49, AZ77, INDEX('1. Données d''entrée'!$I:$K, B46 + BD50 + BA51 + $B77, AJ48))} -> 0 | BB77: {=IF($C77 <= BB$49, AZ77, INDEX('1. Données d''entrée'!$I:$K, B46 + BD50 + BB51 + $B77, AJ48))} -> 0 | BC77: {=IF($C77 <= BC$49, AZ77, INDEX('1. Données d''entrée'!$I:$K, B46 + BD50 + BC51 + $B77, AJ48))} -> 0 | BE77: {=INDEX('1. Données d''entrée'!$I:$K, B46 + BI50 + BE51 + $B77, AJ48)} -> 0 | BF77: {=IF($C77 <= BF49, BE77, INDEX('1. Données d''entrée'!$I:$K, B46 + BI50 + BF51 + $B77, AJ48))} -> 0 | BG77: {=IF($C77 <= BG$49, BE77, INDEX('1. Données d''entrée'!$I:$K, B46 + BI50 + BG51 + $B77, AJ48))} -> 0 | BH77: {=IF($C77 <= BH$49, BE77, INDEX('1. Données d''entrée'!$I:$K, B46 + BI50 + BH51 + $B77, AJ48))} -> 0 | BJ77: {=INDEX('1. Données d''entrée'!$I:$K, B46 + BN50 + BJ51 + $B77, AJ48)} -> 0 | BK77: {=IF($C77 <= BK49, BJ77, INDEX('1. Données d''entrée'!$I:$K, B46 + BN50 + BK51 + $B77, AJ48))} -> 0 | BL77: {=IF($C77 <= BL$49, BJ77, INDEX('1. Données d''entrée'!$I:$K, B46 + BN50 + BL51 + $B77, AJ48))} -> 0 | BM77: {=IF($C77 <= BM$49, BJ77, INDEX('1. Données d''entrée'!$I:$K, B46 + BN50 + BM51 + $B77, AJ48))} -> 0 | BQ77: {=INDEX('1. Données d''entrée'!$I:$K, B46 + BU50 + BQ51 + $B77, BP48)} -> 0 | BR77: {=IF($C77 <= BR49, BQ77, INDEX('1. Données d''entrée'!$I:$K, B46 + BU50 + BR51 + $B77, BP48))} -> 0 | BS77: {=IF($C77 <= BS$49, BQ77, INDEX('1. Données d''entrée'!$I:$K, B46 + BU50 + BS51 + $B77, BP48))} -> 0 | BT77: {=IF($C77 <= BT$49, BQ77, INDEX('1. Données d''entrée'!$I:$K, B46 + BU50 + BT51 + $B77, BP48))} -> 0 | BV77: {=INDEX('1. Données d''entrée'!$I:$K, B46 + BZ50 + BV51 + $B77, BP48)} -> 0 | BW77: {=IF($C77 <= BW49, BV77, INDEX('1. Données d''entrée'!$I:$K, B46 + BZ50 + BW51 + $B77, BP48))} -> 0 | BX77: {=IF($C77 <= BX$49, BV77, INDEX('1. Données d''entrée'!$I:$K, B46 + BZ50 + BX51 + $B77, BP48))} -> 0 | BY77: {=IF($C77 <= BY$49, BV77, INDEX('1. Données d''entrée'!$I:$K, B46 + BZ50 + BY51 + $B77, BP48))} -> 0 | CA77: {=INDEX('1. Données d''entrée'!$I:$K, B46 + CE50 + CA51 + $B77, BP48)} -> 0 | CB77: {=IF($C77 <= CB49, CA77, INDEX('1. Données d''entrée'!$I:$K, B46 + CE50 + CB51 + $B77, BP48))} -> 0 | CC77: {=IF($C77 <= CC$49, CA77, INDEX('1. Données d''entrée'!$I:$K, B46 + CE50 + CC51 + $B77, BP48))} -> 0 | CD77: {=IF($C77 <= CD$49, CA77, INDEX('1. Données d''entrée'!$I:$K, B46 + CE50 + CD51 + $B77, BP48))} -> 0 | CF77: {=INDEX('1. Données d''entrée'!$I:$K, B46 + CJ50 + CF51 + $B77, BP48)} -> 0 | CG77: {=IF($C77 <= CG49, CF77, INDEX('1. Données d''entrée'!$I:$K, B46 + CJ50 + CG51 + $B77, BP48))} -> 0 | CH77: {=IF($C77 <= CH$49, CF77, INDEX('1. Données d''entrée'!$I:$K, B46 + CJ50 + CH51 + $B77, BP48))} -> 0 | CI77: {=IF($C77 <= CI$49, CF77, INDEX('1. Données d''entrée'!$I:$K, B46 + CJ50 + CI51 + $B77, BP48))} -> 0 | CK77: {=INDEX('1. Données d''entrée'!$I:$K, B46 + CO50 + CK51 + $B77, BP48)} -> 0 | CL77: {=IF($C77 <= CL49, CK77, INDEX('1. Données d''entrée'!$I:$K, B46 + CO50 + CL51 + $B77, BP48))} -> 0 | CM77: {=IF($C77 <= CM$49, CK77, INDEX('1. Données d''entrée'!$I:$K, B46 + CO50 + CM51 + $B77, BP48))} -> 0 | CN77: {=IF($C77 <= CN$49, CK77, INDEX('1. Données d''entrée'!$I:$K, B46 + CO50 + CN51 + $B77, BP48))} -> 0 | CP77: {=INDEX('1. Données d''entrée'!$I:$K, B46 + CT50 + CP51 + $B77, BP48)} -> 0 | CQ77: {=IF($C77 <= CQ49, CP77, INDEX('1. Données d''entrée'!$I:$K, B46 + CT50 + CQ51 + $B77, BP48))} -> 0 | CR77: {=IF($C77 <= CR$49, CP77, INDEX('1. Données d''entrée'!$I:$K, B46 + CT50 + CR51 + $B77, BP48))} -> 0 | CS77: {=IF($C77 <= CS$49, CP77, INDEX('1. Données d''entrée'!$I:$K, B46 + CT50 + CS51 + $B77, BP48))} -> 0
